Vehicle_ID,Fuel_Remaining_L,Ethanol_Blend,Speed_kmph,RPM,Temperature_C,AC,Traffic_Level,Road_Type,Vehicle_Load_kg,Acceleration,Driving_Time_hr,Distance_Travelled_km,Fuel_Consumed_L
CAR116,10.45,10,67.4,1116.0,13.5,0,2,City,,0.83,2.68,157.48,9.927499999999998
CAR139,16.91,85,24.5,1741.0,,1,1,Highway,134.0,0.51,1.98,44.3,14.741
CAR030,15.76,0,59.4,2869.0,22.4,1,0,City,135.1,0.68,3.01,178.01,14.972
CAR068,32.34,20,40.2,2397.0,13.5,1,0,Rural,308.6,0.32,0.38,15.03,2.124
CAR065,27.19,20,78.7,1715.0,30.6,1,2,Highway,147.1,0.52,3.95,269.37,25.8305
CAR106,22.44,20,66.1,903.0,29.3,0,0,Highway,,0.8,0.3,19.12,2.44
CAR154,16.05,10,,1551.0,17.6,1,2,Highway,257.0,0.71,3.08,155.53,15.2475
CAR197,11.78,0,20.0,3804.0,17.9,1,1,Highway,405.3,0.17,4.34,82.95,7.831
CAR065,14.03,20,39.7,2090.0,16.1,1,0,Highway,322.7,0.73,4.36,150.4,13.328499999999998
CAR116,39.59,10,26.5,2905.0,38.3,1,1,Highway,336.3,0.44,1.45,33.35,4.575
CAR014,38.45,0,26.9,1923.0,41.1,0,1,City,190.9,0.15,3.46,81.32,8.411
CAR026,41.38,0,43.7,3031.0,41.4,1,2,City,228.3,0.45,3.13,120.16,15.856
CAR084,27.52,10,70.6,965.0,19.8,1,0,Highway,343.2,0.2,4.44,312.71,26.144
CAR155,8.68,20,70.0,2384.0,17.0,1,1,City,137.3,0.67,4.35,309.54,8.245999999999999
CAR200,24.67,10,47.0,1127.0,17.4,1,1,City,195.0,0.43,2.41,96.33,12.244
CAR104,11.21,10,45.9,2372.0,26.9,0,0,City,262.9,0.44,3.77,178.42,10.6495
CAR003,20.02,0,46.1,2683.0,22.3,1,2,City,334.0,0.7,0.81,38.68,5.02
CAR013,12.56,20,30.2,1710.0,30.7,1,0,City,332.1,0.72,2.13,66.41,10.323
CAR085,44.57,85,68.1,1246.0,21.3,0,1,City,233.3,0.12,0.98,64.24,20.505
CAR054,33.74,10,52.1,1274.0,21.7,0,0,Rural,151.7,0.33,0.69,34.72,3.365
CAR062,39.95,0,33.7,1643.0,,1,0,City,168.5,0.81,1.75,52.39,5.086
CAR190,9.51,10,64.8,2134.0,32.3,1,2,City,236.4,0.14,3.38,206.12,9.0345
CAR185,24.55,0,365.05492173656285,2290.0,19.9,1,2,City,114.1,0.11,2.16,157.61,16.941
CAR177,28.62,0,61.8,,37.5,1,2,city,301.6,0.33,3.28,212.41,25.73
CAR174,9.72,10,65.2,,22.1,0,2,Rural,369.4,0.55,1.4,92.96,9.234
CAR182,21.39,0,43.5,2418.0,30.3,1,2,City,229.0,0.17,2.03,79.18,8.932
CAR051,26.88,0,21.2,1397.0,24.5,1,1,City,193.2,0.09,2.13,41.11,3.454
CAR128,7.07,10,60.1,1954.0,33.1,1,2,Highway,72.9,0.76,0.62,35.62,4.793
CAR173,8.72,20,18.8,2738.0,,0,0,Rural,229.9,0.88,4.42,81.51,8.284
CAR118,32.27,10,31.9,3669.0,32.9,1,2,City,270.3,0.78,2.39,79.07,13.44
CAR191,42.37,20,72.2,974.0,46.2,1,0,City,108.5,0.46,0.75,48.03,7.91
CAR041,40.79,10,49.8,2965.0,48.0,1,0,Rural,394.7,0.09,2.14,110.35,15.623
CAR081,26.51,10,38.4,1117.0,19.0,0,1,City,376.4,0.18,3.38,136.18,15.892
CAR169,12.86,85,38.4,3174.0,22.7,0,0,Rural,361.8,0.11,3.87,130.25,12.216999999999999
CAR138,28.09,20,46.7,2123.0,28.4,1,0,City,154.7,0.44,0.46,21.04,3.442
CAR171,14.72,10,69.0,1248.0,35.6,0,0,Highway,,0.23,2.35,148.04,11.128
CAR172,43.91,10,49.6,2291.0,12.0,1,0,City,294.4,0.89,2.08,101.66,14.415
CAR069,7.86,20,50.4,3130.0,26.2,0,1,Highway,345.9,0.36,3.79,172.54,7.467
CAR058,37.3,10,62.5,2019.0,19.7,1,2,City,72.1,0.55,3.84,222.89,33.682
CAR064,14.53,20,52.6,2681.0,13.8,0,1,Rural,368.7,0.44,1.5,73.63,11.173
CAR173,3.03,10,68.8,1700.0,17.0,0,0,Highway,344.1,0.77,1.82,114.35,2.8785
CAR059,6.91,0,70.5,1723.0,23.8,1,2,Highway,246.7,0.14,1.23,85.08,6.5645
CAR050,2.63,0,61.5,1188.0,16.5,1,2,Rural,371.9,0.32,1.61,100.04,2.4985
CAR014,11.85,0,340.4079015428841,2326.0,,0,0,City,151.2,0.6,2.17,166.05,11.257499999999999
CAR075,2.97,0,71.6,2351.0,15.5,1,0,Rural,85.2,0.17,3.17,208.6,2.8215
CAR190,10.61,20,26.1,2559.0,40.2,1,1,Rural,70.6,0.74,2.55,56.65,10.0795
CAR090,26.16,20,32.5,2837.0,12.2,0,0,Highway,72.1,0.51,3.17,99.83,12.892
CAR031,31.14,0,74.7,,23.8,0,1,Highway,90.9,0.21,2.84,207.41,15.841
CAR089,21.17,20,81.7,2187.0,33.9,0,0,City,371.4,0.37,0.29,23.46,3.165
CAR157,44.44,10,60.6,4044.0,38.1,1,2,Highway,321.1,0.19,1.5,92.99,12.664
CAR096,3.38,20,50.9,1840.0,36.2,0,2,Highway,428.7,0.44,0.46,22.11,3.211
CAR170,5.45,20,67.0,3629.0,16.6,1,1,City,224.0,0.27,2.43,166.75,5.1775
CAR020,37.12,20,47.7,1266.0,28.3,1,2,Highway,347.4,0.57,1.46,61.74,10.241
CAR025,27.96,20,56.9,4206.0,10.6,1,1,Highway,324.0,0.49,2.3,117.28,16.548
CAR171,33.88,10,75.2,2011.0,30.9,0,1,City,164.5,0.43,2.11,162.16,20.94
CAR128,25.39,10,46.6,2797.0,10.8,1,1,City,340.6,0.82,0.99,47.93,7.467
CAR116,20.2,20,41.9,2500.0,24.1,0,0,City,431.3,0.85,4.02,166.35,19.189999999999998
CAR055,21.09,20,,2600.0,24.9,1,1,Rural,128.3,0.23,4.49,171.01,20.0355
CAR120,24.94,0,40.5,2514.0,36.9,1,2,Highway,433.0,0.36,1.73,65.3,6.965
CAR033,18.98,85,54.6,1307.0,16.5,0,1,City,254.3,0.24,4.02,190.45,18.031
CAR163,15.33,10,37.1,1641.0,29.9,0,2,Rural,269.4,0.37,2.4,89.98,11.252
CAR131,12.05,20,40.7,700.0,32.6,1,1,Highway,100.7,0.77,2.02,69.98,10.333
CAR118,26.49,10,45.1,3542.0,27.2,0,1,Rural,346.5,0.11,0.8,37.3,4.443
CAR164,26.1,20,57.8,2714.0,29.4,0,2,Highway,280.4,0.21,2.19,117.88,18.458
CAR046,42.99,10,,2024.0,23.6,0,1,City,303.4,0.48,0.29,17.57,2.169
CAR041,34.38,85,42.0,1486.0,19.1,1,2,City,372.6,0.59,4.43,168.61,32.661
CAR119,19.42,20,52.2,2307.0,37.6,0,2,Highway,329.8,0.74,2.19,116.37,18.095
CAR163,44.03,0,62.3,3003.0,23.3,0,2,Highway,158.4,0.37,3.58,213.37,19.567
CAR092,44.69,10,17.9,2871.0,32.8,0,2,Highway,166.5,0.89,4.27,70.54,8.935
CAR064,6.32,0,83.0,,19.4,1,2,Rural,174.3,0.25,3.7,292.51,6.004
CAR054,6.39,10,29.2,2205.0,24.6,0,0,Highway,313.6,0.09,3.73,103.36,6.070499999999999
CAR028,42.35,85,62.9,,18.7,0,2,,342.8,0.7,2.86,153.23,40.2325
CAR084,9.0,20,49.1,2043.0,36.9,1,2,Rural,211.1,0.83,1.41,60.44,8.549999999999999
CAR116,7.39,10,77.8,2718.0,,1,1,City,329.6,0.54,2.55,173.81,7.020499999999999
CAR161,43.38,20,66.1,1761.0,23.5,1,0,City,310.8,0.15,1.22,69.94,9.608
CAR013,5.84,20,58.9,1223.0,26.8,0,2,Highway,424.2,0.37,0.86,46.96,5.548
CAR170,6.56,20,63.2,2688.0,,0,2,City,278.1,0.09,4.16,234.74,6.231999999999999
CAR191,7.26,20,56.5,2915.0,28.3,0,2,Highway,419.0,0.36,2.24,128.05,6.896999999999999
CAR100,28.03,0,57.4,2575.0,,1,0,City,387.6,0.69,3.49,203.4,24.162
CAR025,8.34,10,68.1,2201.0,22.6,1,1,Highway,208.8,0.77,3.52,229.82,7.922999999999999
CAR113,24.95,0,54.6,2080.0,24.9,1,2,Highway,276.8,0.64,1.36,67.45,7.171
CAR083,23.36,10,26.8,1692.0,38.9,0,1,Highway,132.8,0.83,2.32,60.33,8.297
CAR050,6.4,20,36.4,1863.0,39.6,1,0,Rural,210.0,0.69,1.39,51.66,6.08
CAR131,42.92,10,49.4,,36.7,0,1,Rural,314.9,0.1,1.31,58.6,6.502
CAR056,39.7,20,63.4,869.0,28.3,1,1,City,141.3,0.14,0.32,17.66,2.495
CAR092,37.92,85,65.9,1679.0,17.9,0,1,City,414.1,0.75,0.8,50.16,17.594
CAR086,29.85,20,5.0,2579.0,21.6,0,2,Rural,382.2,0.4,2.63,12.44,2.113
CAR155,39.9,0,31.5,2525.0,34.5,0,2,City,282.9,0.65,4.15,129.57,15.991
CAR030,38.31,0,46.5,805.0,22.7,1,1,Rural,137.9,0.37,1.74,70.78,5.573
CAR189,40.44,10,69.6,2444.0,20.8,0,0,Rural,444.9,0.52,2.48,147.13,15.498
CAR047,10.54,20,56.0,2349.0,19.6,0,0,City,253.8,0.07,4.04,225.16,10.012999999999998
CAR024,8.16,20,46.3,1819.0,17.8,0,1,City,282.5,0.7,4.17,201.36,7.752
CAR182,31.92,10,33.1,1768.0,30.5,1,1,City,283.8,0.49,2.96,85.4,11.533
CAR182,3.94,10,48.6,1805.0,26.6,0,1,Highway,211.7,0.07,4.13,178.6,3.743
CAR179,43.5,10,49.4,2280.0,26.9,1,0,City,291.8,0.88,2.76,125.63,15.563
CAR188,17.54,20,33.9,2222.0,40.7,0,1,City,75.1,0.53,4.43,154.51,16.662999999999997
CAR069,8.96,10,81.2,,20.5,0,1,Rural,147.7,0.71,3.92,322.92,8.512
CAR085,32.04,20,73.2,3819.0,27.6,0,1,,377.0,0.24,0.92,68.37,11.001
CAR170,26.21,10,20.3,1699.0,38.7,0,1,Highway,168.4,0.6,2.22,46.38,5.608
CAR037,24.47,10,80.5,1981.0,18.6,1,2,Rural,308.4,0.14,1.7,135.73,17.402
CAR171,5.3,0,28.4,2968.0,12.2,1,0,City,181.1,0.73,3.58,96.28,5.034999999999999
CAR185,34.94,0,81.6,1192.0,44.7,1,0,Highway,260.6,0.06,1.88,135.59,10.607
CAR166,2.55,10,47.9,2919.0,32.5,1,1,Rural,308.9,0.34,1.36,58.41,2.4225
CAR047,33.37,20,76.6,2396.0,30.0,1,2,Highway,268.4,0.85,3.05,236.07,31.701499999999996
CAR134,20.09,10,46.1,2495.0,31.1,1,1,City,,0.16,2.12,93.65,13.204
CAR170,2.75,10,43.0,2281.0,30.8,0,1,City,325.3,0.62,1.44,57.36,2.6125
CAR056,14.35,0,46.8,2704.0,15.9,0,1,City,358.6,0.3,2.82,135.53,13.632499999999999
CAR043,30.83,10,34.2,1713.0,22.2,1,1,City,277.4,0.58,4.34,137.08,18.349
CAR179,31.14,20,52.3,1947.0,34.2,1,1,Rural,221.6,0.16,3.06,142.05,20.179
CAR069,15.96,10,17.7,,31.8,1,0,City,327.1,0.56,2.24,35.23,4.854
CAR188,2.76,20,60.2,1993.0,21.8,0,1,City,,0.3,0.37,22.9,2.622
CAR159,35.67,20,68.3,3373.0,27.8,0,0,City,255.7,0.47,3.5,227.36,33.8865
CAR140,14.26,10,45.3,2172.0,20.6,0,2,City,148.8,0.35,3.0,132.45,13.546999999999999
CAR050,20.34,20,58.6,2797.0,29.4,1,0,City,80.1,0.25,2.7,141.92,19.323
CAR068,31.05,20,36.2,2336.0,29.8,1,2,City,349.7,0.3,3.28,103.79,17.714
CAR089,38.4,10,60.3,2604.0,14.4,0,1,City,383.9,0.75,2.25,135.91,18.35
CAR091,6.85,10,44.1,2257.0,14.4,0,1,City,86.3,0.82,1.15,51.23,6.507499999999999
CAR104,12.78,10,11.9,3369.0,31.4,1,0,City,286.0,0.16,4.27,48.03,6.308
CAR086,13.24,85,64.9,1499.0,31.9,1,2,City,263.5,0.76,1.07,70.81,12.578
CAR029,33.36,10,104.7,2093.0,25.8,0,1,Highway,,0.09,0.42,44.1,4.521
CAR069,25.35,20,64.2,2337.0,14.2,1,2,City,362.4,0.86,3.84,253.93,24.0825
CAR050,43.38,85,100.1,1767.0,27.4,0,1,City,315.7,0.52,1.72,151.25,41.211
CAR047,25.09,20,34.5,2694.0,34.2,0,1,Rural,299.6,0.45,0.65,22.71,3.537
CAR145,9.44,20,74.2,1845.0,13.9,0,1,Highway,337.6,0.22,0.33,22.3,3.078
CAR151,29.45,10,56.0,2273.0,40.4,1,0,Rural,395.5,0.77,2.89,147.79,21.951
CAR011,36.06,10,40.1,2271.0,25.9,0,2,Highway,224.6,0.6,3.6,145.49,18.636
CAR052,14.33,0,71.0,1290.0,32.9,0,1,City,209.5,0.39,0.98,66.43,6.253
CAR103,33.84,0,56.7,1693.0,33.5,1,0,Rural,161.5,0.37,1.55,87.51,7.171
CAR067,16.22,20,26.6,2820.0,38.4,1,0,City,313.0,0.75,0.5,12.76,2.276
CAR178,21.96,20,35.6,3070.0,29.7,0,1,Highway,238.3,0.27,4.29,143.07,20.063
CAR065,7.53,10,65.1,2156.0,19.0,1,1,City,297.9,0.48,3.23,195.13,7.1535
CAR009,33.29,10,61.1,3085.0,34.2,1,2,Rural,260.2,0.32,2.63,142.46,19.648
CAR075,18.6,85,32.2,2624.0,26.2,0,1,Highway,366.5,0.17,1.53,46.97,14.774
CAR062,31.13,20,52.8,2508.0,33.5,1,0,Highway,445.0,0.45,2.48,128.58,17.587
CAR053,44.67,20,39.4,2191.0,39.3,0,0,City,350.0,0.48,3.65,132.05,21.537
CAR109,12.64,10,24.7,700.0,24.5,1,1,City,,0.43,1.36,29.14,3.717
CAR086,25.21,0,65.9,1608.0,18.4,0,0,City,198.0,0.67,3.01,171.23,14.804
CAR154,29.17,20,45.3,2471.0,26.6,0,1,,391.5,0.75,2.13,84.42,13.056
CAR054,31.99,20,41.6,2924.0,19.6,0,0,City,347.9,0.49,2.55,103.26,17.329
CAR040,42.1,20,75.4,2005.0,17.2,0,2,Rural,265.7,0.5,1.09,78.33,12.671
CAR113,38.92,0,86.9,3078.0,28.4,0,0,Highway,253.2,0.52,0.9,78.17,6.541
CAR123,37.47,0,53.4,1403.0,36.1,1,0,Highway,82.1,0.58,3.98,185.57,14.345
CAR083,32.95,0,73.1,1370.0,,0,0,City,317.9,0.13,2.0,147.39,10.65
CAR071,31.61,20,58.0,1709.0,30.3,0,0,Highway,376.9,0.17,1.47,89.21,10.571
CAR177,39.71,85,49.9,2147.0,,1,1,City,207.4,0.38,4.27,223.57,37.7245
CAR112,22.07,20,19.3,2005.0,29.6,1,2,Highway,,0.4,4.07,75.96,11.477
CAR146,44.72,0,34.0,1942.0,31.6,0,1,Highway,278.3,0.86,4.18,130.94,11.949
CAR094,7.24,10,32.3,2163.0,26.9,1,2,Highway,168.3,0.11,3.97,118.86,6.878
CAR142,39.1,20,36.4,1702.0,37.3,0,0,City,271.5,0.27,2.24,83.43,11.494
CAR139,32.62,10,19.6,3376.0,35.9,0,2,Rural,314.1,0.22,1.4,25.47,3.694
CAR011,27.89,20,409.23354283843986,1266.0,21.4,0,2,Rural,178.3,0.83,2.72,222.34,26.4955
CAR034,4.86,20,50.7,2089.0,33.2,0,1,Rural,139.9,0.31,1.49,74.99,4.617
CAR186,40.31,20,25.5,2028.0,26.9,1,0,Rural,281.3,0.8,0.7,16.06,2.444
CAR146,41.19,20,42.8,2287.0,22.1,1,1,City,219.6,0.58,2.62,101.27,17.808
CAR018,2.43,20,42.3,1594.0,31.5,0,2,City,377.0,0.8,1.2,50.98,2.3085
CAR079,18.13,20,42.4,2792.0,20.7,0,0,Highway,252.1,0.58,2.15,92.68,12.007
CAR188,21.71,20,95.3,2542.0,40.6,1,2,City,275.2,0.11,1.19,106.35,18.801
CAR113,16.19,10,66.3,1910.0,30.2,0,0,Highway,336.4,0.68,0.45,25.55,2.737
CAR072,25.8,10,32.4,2138.0,30.1,0,0,City,320.4,0.15,4.03,114.39,13.367
CAR125,44.34,20,33.5,2444.0,20.5,0,0,Rural,428.4,0.11,3.32,94.63,12.096
CAR090,26.02,10,35.7,811.0,12.2,0,2,City,144.5,0.63,2.37,73.88,10.474
CAR195,8.58,20,61.1,2242.0,24.8,0,2,City,295.4,0.73,2.56,139.98,8.151
CAR093,23.71,20,23.6,3287.0,26.5,0,1,City,404.2,0.13,1.36,28.57,4.524
CAR110,41.66,20,32.1,2340.0,22.8,1,1,Highway,332.3,0.79,1.37,43.44,6.832
CAR039,6.76,85,57.0,2380.0,26.9,1,1,Highway,298.8,0.42,3.9,222.99,6.422
CAR037,40.85,85,53.6,2561.0,19.2,1,0,Highway,102.4,0.35,1.57,72.67,22.322
CAR016,43.31,10,38.5,2819.0,22.7,0,1,City,246.0,0.65,0.7,26.96,3.682
CAR032,13.87,85,78.6,1932.0,32.5,1,2,Highway,172.2,0.66,3.55,251.1,13.176499999999999
CAR078,35.65,10,17.6,2592.0,29.4,1,2,City,258.2,0.47,4.14,75.62,11.704
CAR056,19.53,10,72.8,1501.0,32.3,0,1,Highway,333.8,0.84,2.24,169.92,18.422
CAR039,16.32,10,66.5,3043.0,16.4,0,2,City,228.8,0.17,3.79,253.21,15.504
CAR017,42.91,10,26.7,1958.0,32.2,0,1,,403.9,0.43,2.15,57.64,6.936
CAR069,15.73,85,50.5,1715.0,34.0,1,2,City,274.2,0.35,1.03,49.01,14.9435
CAR078,17.38,20,49.5,2296.0,23.2,0,2,Highway,234.2,0.2,0.32,15.65,2.194
CAR155,38.75,10,38.2,1943.0,39.5,0,1,Rural,187.5,0.73,1.74,63.08,8.126
CAR054,6.09,20,30.4,2104.0,15.5,1,2,Highway,353.5,0.84,2.46,68.87,5.7855
CAR124,27.84,20,15.1,1995.0,24.8,1,2,,264.3,0.58,2.33,35.37,6.128
CAR160,4.41,10,28.3,1207.0,30.6,1,1,City,278.6,0.17,0.86,20.89,2.449
CAR096,21.08,10,59.1,2455.0,18.6,0,1,Rural,267.2,0.68,0.29,15.68,2.002
CAR037,4.65,10,61.3,2814.0,28.8,0,2,Highway,333.8,0.56,2.79,146.24,4.4175
CAR008,44.81,85,72.4,1379.0,26.5,1,0,City,286.2,0.83,2.01,128.33,42.5695
CAR096,13.59,20,38.6,1913.0,28.8,1,2,City,437.7,0.65,0.45,17.0,3.275
CAR186,26.84,20,37.8,,33.0,0,0,,440.6,0.22,2.75,92.2,11.596
CAR157,36.19,20,19.8,2141.0,32.9,1,1,City,241.7,0.07,4.08,84.78,12.888
CAR188,42.67,20,61.6,1865.0,16.5,1,0,Rural,76.4,0.27,0.56,32.23,4.049
CAR030,34.9,20,63.9,1884.0,48.0,0,0,City,310.1,0.9,1.92,105.59,19.7
CAR115,22.84,0,19.4,2026.0,6.6,1,0,Rural,363.7,0.51,2.31,46.82,4.255
CAR011,11.88,20,,2943.0,22.4,0,2,Rural,225.9,0.43,3.94,219.38,11.286
CAR019,34.19,10,59.0,2427.0,33.8,1,1,City,137.6,0.18,3.0,174.85,21.575
CAR007,41.24,10,37.7,3140.0,24.9,0,0,City,235.0,0.85,0.28,9.44,1.298
CAR067,14.25,85,60.3,2772.0,33.6,0,2,Highway,433.4,0.65,3.8,236.89,13.5375
CAR100,44.83,20,45.5,2122.0,31.5,0,2,Rural,432.3,0.35,1.71,70.46,11.765
CAR009,20.26,20,38.4,2225.0,23.7,1,1,City,346.4,0.61,3.75,128.13,19.247
CAR117,19.0,20,38.2,2173.0,18.0,0,2,City,125.0,0.07,0.6,20.18,3.062
CAR027,24.8,85,54.6,2518.0,26.5,1,2,City,242.2,0.55,2.67,133.81,23.56
CAR089,33.48,20,38.7,2071.0,28.5,1,1,City,268.6,0.41,1.5,51.52,8.309
CAR001,28.63,20,37.4,3024.0,32.3,1,1,,251.9,0.07,1.36,52.34,8.319
CAR138,37.87,85,43.7,2135.0,25.0,0,2,City,230.7,0.4,1.24,47.9,16.666
CAR125,24.08,10,62.2,2375.0,48.0,0,2,City,141.5,0.31,3.25,201.67,22.875999999999998
CAR025,2.95,20,58.9,1385.0,17.6,1,2,City,419.1,0.87,2.86,166.48,2.8025
CAR077,26.19,10,37.0,2418.0,28.3,0,2,Highway,431.1,0.51,3.79,123.45,15.473
CAR171,16.34,10,15.3,2241.0,45.1,1,1,Highway,344.5,0.84,3.34,53.6,8.505
CAR017,17.33,85,50.3,1831.0,,1,0,Highway,201.1,0.51,3.23,165.56,16.463499999999996
CAR015,40.79,20,15.0,1484.0,21.4,0,2,Highway,81.8,0.75,4.42,67.45,9.569
CAR083,29.05,10,63.4,700.0,35.1,0,2,,119.9,0.19,0.69,40.44,4.444
CAR167,29.78,0,67.8,2631.0,24.0,1,2,,113.1,0.84,4.28,263.11,28.291
CAR088,8.44,85,53.9,2889.0,23.0,0,2,City,217.6,0.42,1.24,59.84,8.017999999999999
CAR189,32.01,85,58.4,2096.0,37.9,1,2,City,419.0,0.47,1.07,58.91,22.253
CAR084,24.13,20,45.6,2010.0,20.0,0,1,City,313.5,0.08,2.1,92.0,13.288
CAR161,43.13,20,37.7,1981.0,34.2,1,1,Rural,72.0,0.86,2.25,78.92,13.645
CAR074,36.81,0,64.7,2172.0,33.6,1,0,City,188.2,0.12,2.45,147.63,13.268
CAR168,42.6,10,43.6,2835.0,22.9,1,0,Highway,85.2,0.39,2.54,114.6,10.791
CAR107,43.18,0,60.1,1331.0,27.2,0,2,City,183.9,0.2,0.44,26.52,2.818
CAR197,24.42,10,49.0,2148.0,21.5,0,0,City,259.5,0.28,2.84,145.9,17.013
CAR006,12.57,10,29.7,1779.0,,0,1,Highway,322.6,0.54,2.32,69.3,7.569
CAR067,37.31,10,50.4,1922.0,26.2,0,0,City,108.7,0.85,3.82,168.86,21.626
CAR025,13.02,20,69.9,2871.0,39.9,1,0,Rural,113.1,0.57,2.4,152.05,12.369
CAR088,30.74,10,56.7,2483.0,44.3,0,1,City,410.5,0.49,0.69,39.82,6.447
CAR182,33.27,20,92.5,1610.0,29.1,0,1,Highway,210.9,0.14,0.51,41.3,5.373
CAR120,9.13,20,68.4,1823.0,34.2,1,2,Rural,399.8,0.28,0.98,67.32,8.6735
CAR063,43.93,20,40.3,2252.0,19.9,1,0,Rural,368.6,0.36,1.93,78.84,11.826
CAR117,10.1,20,38.3,2940.0,32.5,0,0,Highway,322.9,0.15,2.01,67.53,8.686
CAR152,21.08,20,52.6,1964.0,18.9,1,0,City,306.7,0.12,2.66,134.24,18.672
CAR002,37.49,10,46.4,2705.0,40.3,0,0,City,329.2,0.66,0.58,26.12,3.653
CAR123,23.27,0,39.1,2717.0,18.5,0,0,City,166.4,0.43,4.19,143.44,11.284
CAR092,9.3,0,62.9,2769.0,23.5,0,0,City,190.5,0.54,1.91,105.67,8.835
CAR124,35.98,20,62.4,2404.0,18.7,0,0,Rural,285.0,0.54,3.22,177.01,28.593
CAR179,16.46,20,62.4,2966.0,32.9,0,2,Highway,,0.15,1.2,75.97,10.484
CAR030,28.37,20,68.8,3139.0,27.9,0,0,Highway,309.5,0.54,3.91,233.47,26.9515
CAR170,36.16,85,37.1,3400.0,23.7,1,1,Highway,346.1,0.67,2.3,78.35,26.865
CAR179,31.5,20,53.3,1454.0,33.5,1,1,City,398.2,0.42,3.78,204.93,29.924999999999997
CAR192,5.35,20,44.6,2131.0,15.8,0,2,City,146.0,0.42,3.19,137.53,5.0825
CAR097,20.74,20,53.9,1334.0,27.9,0,0,Highway,219.7,0.16,4.0,225.29,19.702999999999996
CAR039,4.48,10,5.0,2402.0,22.2,1,0,Highway,157.9,0.68,0.5,2.3,0.241
CAR174,11.28,10,68.9,2405.0,48.0,1,0,Highway,235.3,0.13,3.58,214.18,10.716
CAR081,27.71,0,35.5,3231.0,32.9,0,0,Highway,322.5,0.66,0.29,10.33,0.868
CAR028,14.26,0,12.3,1164.0,34.4,1,2,Rural,325.4,0.61,3.65,45.39,5.002
CAR140,37.31,20,47.9,3113.0,32.5,1,2,City,323.3,0.58,0.82,40.99,7.589
CAR179,40.54,10,54.4,,35.7,0,2,City,338.0,0.56,3.23,169.49,23.27
CAR145,9.76,10,54.9,1957.0,20.4,0,1,Highway,433.1,0.24,2.43,125.24,9.272
CAR099,33.9,20,46.1,1280.0,18.1,0,2,City,124.8,0.86,3.54,148.5,26.013
CAR076,35.38,20,59.5,1506.0,10.8,0,1,City,221.9,0.68,2.57,155.9,25.218
CAR108,32.6,10,81.4,2539.0,24.3,0,2,Rural,211.3,0.49,0.64,46.39,5.594
CAR163,23.74,0,41.5,1443.0,26.4,0,1,Rural,295.0,0.63,2.56,111.24,9.389
CAR019,13.08,10,31.8,1820.0,34.0,1,1,City,423.3,0.35,3.85,119.69,12.426
CAR200,16.42,10,65.3,2124.0,31.3,0,1,Highway,90.1,0.45,3.51,211.11,15.599
CAR126,3.76,10,43.7,3467.0,31.0,1,0,Highway,304.6,0.22,0.81,35.71,3.5719999999999996
CAR104,31.97,0,42.4,1941.0,39.8,0,2,Rural,111.3,0.11,3.07,127.83,11.822
CAR168,3.93,20,57.3,754.0,30.4,0,0,,361.5,0.63,1.31,73.77,3.7335
CAR119,19.36,10,58.8,2282.0,35.2,0,0,City,334.1,0.69,4.07,211.0,18.392
CAR004,5.34,85,48.6,2509.0,40.1,0,1,City,192.9,0.13,4.21,204.73,5.0729999999999995
CAR133,33.7,10,79.2,2869.0,24.5,1,1,Rural,108.3,0.49,2.97,246.85,30.488
CAR021,9.69,0,66.3,1490.0,21.2,0,0,Highway,109.7,0.84,2.23,141.79,9.205499999999999
CAR154,3.26,10,75.1,2815.0,33.5,0,2,City,214.9,0.81,2.67,183.52,3.0969999999999995
CAR090,42.96,20,96.6,2081.0,37.1,1,2,City,378.6,0.21,0.29,24.47,4.698
CAR159,14.28,20,49.8,2200.0,34.0,0,2,Highway,227.9,0.88,1.81,83.09,13.403
CAR152,12.51,20,49.7,2785.0,31.8,1,1,Highway,89.7,0.15,3.15,143.49,11.8845
CAR005,34.86,10,41.5,1249.0,27.6,0,0,City,282.9,0.59,1.75,75.29,8.999
CAR084,41.89,10,70.7,2379.0,23.9,0,2,Rural,129.6,0.19,0.74,47.03,5.926
CAR104,16.07,10,64.8,10135.649443395512,31.2,0,1,City,317.8,0.73,1.3,80.9,11.375
CAR102,30.85,10,61.1,2665.0,24.7,0,1,Rural,,0.68,1.57,81.83,9.982
CAR010,17.79,20,40.1,968.0,19.3,1,0,City,102.5,0.27,0.23,8.96,1.277
CAR067,17.83,20,49.4,3214.0,19.3,1,2,Highway,386.3,0.71,2.01,93.25,15.937
CAR084,25.5,20,58.5,3131.0,35.2,1,0,Highway,404.1,0.86,1.54,82.57,12.673
CAR095,8.72,10,70.0,700.0,24.5,1,1,Highway,250.1,0.4,3.06,195.26,8.284
CAR034,19.53,20,63.4,2838.0,31.7,1,1,Rural,311.9,0.45,3.26,181.49,18.5535
CAR158,36.74,10,57.5,2251.0,31.0,0,0,City,152.2,0.08,1.02,54.34,5.842
CAR054,24.03,10,74.1,1601.0,10.6,0,1,Rural,127.9,0.39,2.58,173.3,20.419
CAR013,24.1,20,58.5,1699.0,41.8,0,2,Highway,263.5,0.09,1.46,84.3,13.21
CAR200,15.93,0,68.9,2866.0,18.8,0,2,Highway,184.4,0.85,0.39,27.52,3.126
CAR186,24.15,0,40.4,3035.0,31.9,0,2,Highway,399.1,0.16,1.31,54.7,4.522
CAR001,10.21,20,57.0,2377.0,24.7,1,0,City,86.4,0.78,0.85,50.0,7.73
CAR063,29.75,10,53.5,2237.0,35.9,1,1,Highway,139.8,0.16,1.38,70.42,6.547
CAR109,29.9,20,44.2,2375.0,38.1,0,2,Rural,115.3,0.5,1.03,40.61,6.635
CAR140,21.99,20,42.6,1246.0,25.3,1,0,City,308.4,0.57,1.48,56.62,8.407
CAR007,37.7,85,30.2,2518.0,30.2,1,1,City,319.5,0.4,3.21,94.1,33.192
CAR163,36.32,10,77.5,2305.0,47.1,0,0,City,352.2,0.08,2.62,189.76,23.126
CAR196,32.84,10,72.8,2746.0,24.2,1,0,Highway,417.3,0.26,2.54,187.65,18.922
CAR068,28.89,20,17.4,2071.0,16.4,0,2,Rural,225.8,0.39,2.34,35.01,5.539
CAR194,40.96,0,64.3,2340.0,25.5,0,0,City,138.5,0.52,2.04,115.3,9.014
CAR153,29.98,10,53.4,2565.0,21.9,1,0,Highway,85.5,0.17,4.0,190.55,18.882
CAR174,19.07,0,38.8,2255.0,27.1,0,2,City,165.5,0.49,0.37,14.66,1.65
CAR019,17.33,20,55.8,3444.0,26.1,0,1,City,258.9,0.71,2.94,153.96,16.463499999999996
CAR188,39.27,85,60.6,1514.0,,1,0,City,314.6,0.67,2.09,117.62,37.3065
CAR024,37.46,20,37.1,3220.0,24.6,1,1,City,190.6,0.75,2.83,97.72,17.828
CAR017,25.95,10,43.4,2846.0,25.8,1,1,City,421.5,0.35,3.13,130.09,19.279
CAR011,4.15,10,66.3,1955.0,27.6,1,0,City,227.7,0.82,3.08,207.5,3.9425000000000003
CAR198,43.68,0,46.3,2729.0,35.4,1,1,Rural,256.0,0.6,0.71,29.81,3.536
CAR118,26.81,10,73.3,2817.0,38.0,0,2,Highway,147.7,0.57,3.8,272.63,25.469499999999996
CAR165,38.97,10,43.8,2133.0,23.5,1,2,Highway,308.4,0.81,2.99,125.17,17.98
CAR006,27.04,10,39.7,1817.0,26.6,1,1,Highway,430.7,0.3,1.99,70.34,8.591
CAR173,7.62,20,66.7,3031.0,22.4,0,0,Highway,374.0,0.77,3.83,226.8,7.239
CAR001,37.26,20,59.6,2522.0,23.5,0,1,City,329.4,0.34,2.01,114.15,17.683
CAR186,28.04,20,42.6,2050.0,12.4,0,1,Highway,303.6,0.17,4.25,179.77,24.182
CAR154,26.53,20,57.0,2503.0,12.9,1,1,Highway,,0.19,2.75,141.3,20.836
CAR001,15.5,20,50.0,2244.0,23.3,1,1,Rural,98.3,0.66,1.98,94.29,14.725
CAR147,28.45,20,49.1,2781.0,31.2,1,2,,434.0,0.83,2.61,112.78,22.102
CAR116,44.05,20,39.2,700.0,24.8,1,0,Highway,,0.68,0.81,32.36,4.414
CAR194,12.22,20,78.4,2733.0,,1,1,,341.6,0.42,3.3,233.3,11.609
CAR129,5.29,10,25.8,1905.0,29.0,0,1,highway,342.2,0.59,1.23,27.04,3.31
CAR026,36.24,10,50.4,2118.0,19.0,0,2,Rural,316.9,0.65,2.08,95.14,13.377
CAR167,20.2,10,40.9,2972.0,25.5,0,2,Highway,389.1,0.88,3.4,121.49,17.84
CAR031,19.82,20,46.0,2031.0,33.6,0,0,Highway,432.6,0.9,0.82,34.52,4.625
CAR093,34.8,20,57.3,,12.4,1,1,City,151.5,0.86,0.56,30.42,5.189
CAR046,35.23,20,43.8,2072.0,27.1,0,0,City,242.1,0.17,0.66,27.22,3.656
CAR061,24.61,20,59.0,1859.0,24.9,0,1,Highway,392.6,0.71,0.26,13.41,2.0
CAR015,4.13,20,41.7,2489.0,39.3,0,1,Highway,277.3,0.85,1.33,49.7,3.9234999999999998
CAR037,19.22,0,34.2,2401.0,36.5,0,2,City,386.9,0.4,3.21,98.0,12.046
CAR089,43.68,10,90.4,1859.0,18.4,1,2,Highway,295.1,0.53,0.33,26.27,3.67
CAR198,39.42,10,70.7,2387.0,36.2,0,1,Highway,127.3,0.88,2.03,134.72,15.583
CAR088,22.1,20,71.7,1800.0,28.0,1,0,Highway,328.5,0.49,1.39,100.13,13.29
CAR143,10.55,10,47.8,1705.0,34.8,1,0,Highway,262.8,0.09,0.67,28.24,2.769
CAR083,21.0,10,62.8,2150.0,21.2,1,2,City,144.3,0.09,3.5,198.45,19.95
CAR151,34.49,0,5.0,2197.0,36.1,0,0,City,88.7,0.71,1.31,6.78,0.591
CAR082,41.92,10,53.3,1999.0,28.5,0,2,City,92.8,0.33,2.93,156.31,22.066
CAR124,38.93,0,42.3,3093.0,30.9,1,1,City,154.2,0.19,4.23,167.32,17.227
CAR171,30.04,20,27.0,2887.0,28.5,0,1,City,164.5,0.39,2.12,58.03,9.696
CAR010,31.94,10,32.2,995.0,25.8,0,0,City,77.1,0.17,1.0,30.84,2.935
CAR148,7.05,0,75.1,2436.0,18.8,1,2,Highway,328.5,0.67,4.43,336.56,6.6975
CAR157,15.31,20,42.7,1995.0,28.8,0,1,rural,77.5,0.16,3.09,131.38,14.5445
CAR075,25.11,20,,3079.0,21.6,0,1,Highway,372.5,0.45,4.22,174.49,23.854499999999998
CAR096,42.31,20,59.5,1387.0,16.0,1,2,,158.0,0.67,0.25,13.28,2.183
CAR023,2.93,10,14.9,2571.0,22.4,0,1,,109.2,0.38,3.82,49.85,2.7835
CAR056,10.03,20,25.0,2402.0,36.1,0,2,City,415.2,0.23,2.84,73.03,9.5285
CAR013,27.04,10,46.2,1872.0,21.4,1,0,Rural,219.1,0.32,3.7,164.03,18.391
CAR100,44.77,10,36.4,2652.0,41.5,0,1,Highway,245.0,0.68,3.0,112.21,15.254
CAR109,31.22,20,78.7,1875.0,23.6,0,1,Rural,204.2,0.83,2.86,221.82,29.659
CAR097,5.68,10,76.8,2649.0,48.0,1,0,City,168.8,0.45,3.72,285.16,5.396
CAR154,42.15,0,76.9,2073.0,30.3,1,2,City,348.3,0.07,0.53,41.23,4.286
CAR036,33.58,20,57.8,1796.0,23.9,0,2,Highway,171.0,0.38,3.8,217.98,31.521
CAR048,13.74,20,59.7,2462.0,21.5,1,1,Rural,159.9,0.14,2.32,130.4,13.052999999999999
CAR168,32.29,20,36.0,2563.0,32.7,0,1,Highway,135.8,0.46,2.7,92.65,12.782
CAR051,15.09,20,34.5,2542.0,29.6,0,1,Highway,82.6,0.77,3.04,106.81,14.3355
CAR121,3.93,20,35.4,2615.0,21.5,1,2,Rural,248.2,0.15,1.98,72.08,3.7335
CAR047,20.59,20,80.9,2254.0,11.4,1,2,Highway,342.2,0.53,3.21,224.64,19.560499999999998
CAR013,4.11,10,93.3,2544.0,21.4,1,1,City,95.6,0.89,0.33,32.26,3.9045
CAR068,2.88,85,70.4,2071.0,25.6,0,1,City,368.5,0.21,2.22,160.01,2.7359999999999998
CAR040,42.28,10,19.2,2696.0,26.2,0,1,Rural,160.5,0.26,2.67,45.44,5.278
CAR075,33.14,10,69.9,2504.0,36.9,0,0,City,412.0,0.55,2.03,135.08,16.519
CAR193,16.88,20,24.0,2012.0,,1,1,Highway,291.1,0.45,2.28,51.7,7.246
CAR049,32.94,10,61.9,2416.0,39.2,0,1,Highway,349.3,0.56,0.26,14.02,1.775
CAR079,37.73,20,40.2,1534.0,30.0,0,1,City,449.4,0.13,1.61,59.9,9.078
CAR133,15.65,20,68.3,1085.0,27.1,1,1,City,149.2,0.11,2.45,157.37,14.8675
CAR024,32.42,10,49.3,1239.0,26.1,1,1,City,146.0,0.8,3.5,170.55,24.664
CAR030,31.7,85,82.5,2753.0,32.1,1,1,Highway,269.6,0.43,3.66,316.71,30.115
CAR172,39.17,10,38.2,1405.0,48.0,0,1,Highway,226.6,0.23,4.49,148.91,19.26
CAR125,36.46,20,101.3,1553.0,,1,2,Rural,110.0,0.62,1.19,103.84,18.122
CAR051,32.89,0,10.7,2643.0,28.6,0,0,Rural,385.7,0.65,3.09,28.9,2.743
CAR119,17.05,10,10.8,3160.0,24.6,0,2,Highway,407.3,0.56,3.81,37.9,5.233
CAR190,34.89,10,52.0,2633.0,22.1,1,0,Highway,276.8,0.66,1.9,84.97,8.76
CAR008,13.38,10,66.8,1895.0,32.3,1,1,City,345.5,0.42,3.7,218.34,12.711
CAR143,11.17,10,24.3,2940.0,27.4,0,2,City,432.5,0.65,4.03,97.95,10.6115
CAR070,34.11,0,39.8,2826.0,16.5,1,2,City,199.5,0.39,1.74,61.0,7.126
CAR021,8.7,0,47.3,,31.2,0,2,City,445.0,0.81,0.83,39.76,5.194
CAR046,44.81,10,66.4,3558.0,20.7,0,1,Highway,415.6,0.15,2.81,176.1,19.522
CAR189,19.32,20,75.2,2834.0,33.1,1,1,City,194.3,0.36,3.0,196.63,18.354
CAR037,41.2,0,46.7,1578.0,20.2,1,1,Highway,381.3,0.89,3.02,145.44,14.239
CAR082,5.32,85,42.6,2149.0,15.9,1,0,City,173.8,0.75,2.9,125.96,5.054
CAR010,3.65,10,11.9,2202.0,32.6,1,0,City,274.6,0.81,1.71,21.08,2.757
CAR020,35.88,20,78.0,1536.0,30.0,0,0,,188.6,0.16,1.77,124.89,14.911
CAR007,5.77,10,89.3,3495.0,,1,2,City,135.5,0.18,4.03,363.18,5.4815
CAR125,19.62,85,64.1,2577.0,23.0,1,2,Rural,129.5,0.57,1.2,69.74,18.639
CAR053,4.51,10,51.5,2095.0,34.8,1,1,City,177.5,0.79,3.5,158.45,4.2844999999999995
CAR098,39.09,20,48.1,2068.0,22.0,1,0,City,396.6,0.13,4.18,180.81,26.46
CAR196,42.49,20,51.7,2452.0,22.2,0,2,Rural,208.9,0.1,3.45,156.43,25.707
CAR136,14.68,20,48.0,1843.0,24.4,0,2,City,368.1,0.13,1.16,58.1,9.569
CAR081,38.26,20,71.8,3086.0,18.1,1,0,City,241.9,0.44,1.29,80.84,12.401
CAR098,22.04,20,53.8,1593.0,36.0,1,1,Rural,440.9,0.42,1.3,73.16,11.89
CAR059,11.66,20,39.9,,27.8,0,2,City,209.3,0.76,1.54,55.17,9.159
CAR018,17.67,0,72.0,,27.3,0,1,City,247.2,0.24,2.35,161.68,16.387
CAR099,27.26,10,42.3,1905.0,26.2,0,1,highway,247.0,0.88,1.92,74.16,8.752
CAR134,34.79,10,5.0,2179.0,37.0,0,0,Rural,213.3,0.45,1.86,9.5,1.104
CAR144,3.56,20,36.5,2229.0,22.3,1,0,City,432.9,0.55,0.24,9.12,1.484
CAR125,38.18,10,37.3,1741.0,21.9,1,1,Highway,132.7,0.66,0.92,33.94,3.827
CAR128,26.56,20,31.7,2569.0,24.5,0,0,City,158.1,0.18,1.88,61.97,8.496
CAR146,30.38,20,28.1,700.0,32.4,0,1,Highway,167.5,0.08,1.57,40.28,4.855
CAR145,20.14,20,58.3,,21.4,1,0,City,340.4,0.54,3.38,195.48,19.133
CAR096,15.4,0,10.5,1451.0,18.2,0,0,City,152.3,0.64,1.29,13.42,1.187
CAR134,21.0,10,24.1,3560.0,27.3,1,2,City,108.2,0.16,2.27,52.21,7.318
CAR087,13.7,10,16.1,2943.0,31.3,0,0,Highway,308.2,0.73,2.67,39.26,4.707
CAR170,35.45,10,26.5,2523.0,30.0,0,1,City,354.2,0.42,0.74,17.79,2.214
CAR083,15.75,20,62.3,700.0,24.7,0,2,Rural,,0.57,3.07,177.39,14.962499999999999
CAR131,3.77,20,74.7,1514.0,26.9,1,0,Highway,97.6,0.78,0.43,33.08,3.5814999999999997
CAR179,38.16,0,59.9,1860.0,28.5,1,1,City,97.5,0.13,3.53,205.48,18.619
CAR013,13.67,10,42.3,3197.0,,1,0,Rural,293.3,0.75,1.49,59.12,7.611
CAR067,38.19,10,66.7,3085.0,,0,0,City,182.5,0.16,1.14,64.93,7.125
CAR173,16.74,10,85.3,2086.0,30.5,1,0,Highway,134.4,0.61,1.64,138.2,15.902999999999997
CAR176,10.58,20,49.0,2073.0,29.6,0,0,City,,0.59,4.46,216.95,10.051
CAR113,12.07,20,63.3,2655.0,19.9,1,2,City,427.8,0.67,2.85,159.09,11.4665
CAR039,44.41,0,56.1,2102.0,25.1,1,0,City,120.9,0.46,4.36,244.03,22.836
CAR181,37.91,0,45.7,2494.0,40.6,1,2,Highway,405.8,0.35,2.41,102.72,12.892
CAR017,33.35,20,247.4002781705114,2417.0,31.2,0,0,City,449.6,0.05,2.29,104.8,14.423
CAR046,10.37,20,51.2,2908.0,27.1,0,1,City,443.0,0.39,3.28,147.21,9.851499999999998
CAR144,9.34,20,34.4,1840.0,29.9,1,0,City,88.6,0.33,0.71,23.22,3.455
CAR102,38.65,20,30.8,2650.0,39.1,1,2,City,438.0,0.37,1.34,37.41,7.134
CAR013,37.24,20,33.4,1654.0,26.8,0,1,City,236.7,0.53,4.27,125.37,20.022
CAR141,8.18,20,79.4,2703.0,34.9,0,0,Highway,335.3,0.17,3.28,267.88,7.770999999999999
CAR115,26.09,20,32.0,1799.0,27.3,0,1,Highway,257.2,0.66,0.34,9.39,1.301
CAR059,14.35,10,99.5,1742.0,24.4,0,2,Highway,213.4,0.18,1.4,141.53,13.632499999999999
CAR164,37.77,20,52.7,1100.0,30.5,0,0,Highway,318.2,0.8,0.73,38.77,5.207
CAR107,13.75,10,57.2,1979.0,38.9,0,0,City,249.3,0.12,0.24,14.05,1.534
CAR095,10.6,20,52.4,1192.0,21.6,0,2,City,446.1,0.71,2.5,133.48,10.069999999999999
CAR029,27.89,0,41.8,3302.0,26.7,0,1,City,211.9,0.82,3.63,156.21,17.198
CAR030,6.73,20,12.8,1001.0,29.2,1,1,Rural,343.1,0.26,0.94,12.59,1.717
CAR156,31.41,20,55.4,2021.0,29.9,0,1,City,195.5,0.57,4.49,260.56,29.839499999999997
CAR188,36.59,20,25.6,2511.0,12.7,0,2,Rural,380.6,0.66,2.75,71.91,12.313
CAR140,12.6,0,23.7,2433.0,27.0,1,2,City,70.5,0.82,2.38,55.06,7.124
CAR064,6.47,20,69.9,1250.0,25.9,0,0,City,313.1,0.63,2.4,174.85,6.1465
CAR017,10.83,10,54.5,1569.0,27.1,0,0,City,222.5,0.54,0.29,15.15,1.744
CAR030,6.02,10,96.9,1942.0,27.3,1,2,City,219.2,0.16,2.02,171.27,5.718999999999999
CAR046,2.07,20,59.1,2909.0,42.7,1,2,Highway,253.4,0.88,0.96,54.72,1.9664999999999997
CAR112,26.22,10,43.2,2025.0,32.2,1,1,Highway,375.7,0.77,3.46,128.31,16.591
CAR056,15.17,0,34.5,1914.0,8.7,1,0,City,426.8,0.58,0.54,19.55,1.966
CAR041,15.94,85,64.4,2882.0,26.7,1,2,City,378.1,0.1,1.46,88.38,15.142999999999999
CAR077,17.74,85,57.3,2223.0,9.8,0,0,City,156.7,0.57,4.37,230.05,16.852999999999998
CAR189,6.04,20,67.4,2732.0,35.3,1,2,City,366.5,0.15,4.13,281.37,5.7379999999999995
CAR172,12.44,10,30.1,1359.0,25.5,1,0,City,188.6,0.57,3.53,99.69,11.818
CAR095,43.89,10,46.8,1845.0,31.7,1,1,City,246.9,0.6,2.07,82.87,11.977
CAR046,35.71,20,57.5,1461.0,31.4,0,0,City,291.1,0.1,4.19,219.97,28.652
CAR124,5.31,20,71.8,2606.0,18.5,1,2,Rural,136.0,0.15,1.46,103.19,5.044499999999999
CAR047,16.79,10,,2234.0,28.4,1,1,City,154.5,0.16,2.65,182.71,15.950499999999998
CAR035,6.3,20,65.3,2386.0,30.7,1,1,Rural,359.3,0.7,1.19,68.35,5.984999999999999
CAR156,8.59,10,29.8,1440.0,20.9,1,2,Highway,,0.54,1.57,48.14,6.214
CAR026,37.32,10,21.0,1970.0,32.7,1,1,,386.1,0.85,3.99,87.69,13.91
CAR036,8.58,10,88.8,1598.0,21.3,0,1,Highway,332.9,0.6,3.58,274.77,8.151
CAR179,23.27,0,58.3,3044.0,27.6,0,0,City,162.5,0.22,0.37,21.81,1.851
CAR135,44.46,20,64.1,2610.0,14.1,0,2,rural,446.8,0.83,3.15,200.41,35.75
CAR101,33.95,10,27.9,1096.0,20.8,0,0,City,105.6,0.1,1.39,33.3,3.196
CAR137,33.83,10,12.5,3449.0,,0,0,Rural,447.4,0.59,3.6,41.28,5.108
CAR056,10.95,85,19.2,1718.0,37.3,0,2,Rural,359.0,0.19,0.26,4.57,1.548
CAR065,37.49,0,89.0,2383.0,37.1,0,0,Highway,351.4,0.77,3.42,275.59,24.718
CAR084,29.77,0,30.1,2547.0,27.9,0,2,Highway,251.0,0.49,0.93,24.47,2.293
CAR164,28.74,10,65.5,3170.0,23.0,1,0,City,218.6,0.67,1.84,108.85,15.603
CAR159,25.85,10,58.7,1652.0,19.4,1,1,Highway,431.0,0.69,3.62,199.49,24.5575
CAR048,27.79,20,31.6,2687.0,26.5,0,1,Rural,385.7,0.23,1.3,35.34,4.905
CAR056,2.47,85,32.3,1222.0,34.3,1,2,City,334.8,0.88,2.18,60.45,2.3465000000000003
CAR190,21.04,10,54.2,2330.0,39.9,0,0,City,364.5,0.18,4.18,207.18,19.988
CAR109,30.38,20,41.2,2182.0,15.9,0,0,Rural,290.2,0.84,3.92,151.13,22.119
CAR079,18.25,20,73.6,2272.0,34.5,0,2,City,335.0,0.44,2.32,151.65,17.3375
CAR042,33.21,20,22.7,1642.0,33.6,1,0,Highway,,0.82,3.12,63.52,9.327
CAR173,3.67,85,76.5,1706.0,30.2,1,1,Rural,142.6,0.71,2.7,176.24,3.4865
CAR137,9.86,10,79.4,1896.0,27.5,1,1,Rural,123.7,0.07,2.79,215.38,9.366999999999999
CAR033,44.45,20,66.0,2200.0,25.1,1,0,City,,0.39,2.54,154.81,26.058
CAR126,14.38,10,54.4,2209.0,23.7,1,2,City,329.5,0.25,1.96,91.0,12.494
CAR029,28.69,10,57.3,,40.1,1,2,City,117.1,0.11,4.09,245.57,27.2555
CAR192,23.2,10,78.8,3003.0,23.5,1,0,Rural,169.4,0.9,1.68,116.61,15.568
CAR126,17.75,20,67.6,2386.0,16.4,0,1,,446.2,0.89,2.89,203.84,16.8625
CAR022,40.24,0,25.9,2564.0,38.1,1,1,,118.6,0.12,2.9,68.92,6.099
CAR035,41.27,10,74.1,2510.0,42.9,0,2,City,325.1,0.1,0.58,38.12,5.634
CAR185,10.41,85,41.2,1199.0,36.4,0,0,City,151.3,0.5,0.57,22.83,7.269
CAR134,13.42,20,38.7,2207.0,39.5,0,2,City,384.2,0.23,2.04,70.92,11.936
CAR175,34.73,20,12.7,3353.0,35.4,1,1,Highway,153.1,0.35,3.19,38.29,5.955
CAR150,10.45,10,56.8,1963.0,,1,0,Rural,309.1,0.6,0.9,46.23,5.605
CAR024,9.89,10,33.1,1690.0,32.8,1,2,,386.1,0.53,4.01,114.05,9.3955
CAR131,13.71,20,38.8,2870.0,21.2,0,2,City,149.5,0.25,2.98,117.37,13.0245
CAR196,20.59,85,73.5,1634.0,38.9,0,2,Rural,368.1,0.63,2.38,170.27,19.560499999999998
CAR065,4.84,10,25.6,1450.0,28.6,0,0,City,409.8,0.3,2.1,52.09,4.598
CAR046,37.7,0,51.7,2326.0,48.0,1,1,Highway,339.7,0.68,2.97,154.3,19.158
CAR117,12.03,20,81.4,2764.0,9.3,1,2,City,225.0,0.64,2.6,185.56,11.4285
CAR114,15.14,0,60.8,2303.0,27.8,1,1,Highway,191.5,0.61,1.76,107.18,9.244
CAR070,38.63,10,76.1,1150.0,29.4,1,0,Rural,355.7,0.47,1.79,130.5,14.62
CAR192,24.07,0,7.8,2033.0,28.1,0,2,City,239.7,0.67,0.79,5.76,0.663
CAR036,5.09,20,7.2,2742.0,27.6,0,2,Rural,277.2,0.2,0.45,2.96,0.437
CAR078,32.91,0,46.6,2589.0,38.1,1,2,Rural,326.6,0.22,3.17,125.88,15.402
CAR112,22.19,10,38.2,2522.0,31.5,1,0,Highway,407.6,0.19,3.13,102.01,10.28
CAR146,25.02,85,69.1,2306.0,24.0,1,1,Highway,433.4,0.78,0.74,47.75,16.47
CAR007,14.0,20,37.0,1221.0,17.4,0,1,Highway,110.0,0.73,1.03,36.07,5.295
CAR104,12.9,20,56.7,2438.0,24.1,1,1,Rural,,0.81,0.85,41.31,7.209
CAR005,43.04,10,86.8,,29.4,0,0,Highway,249.8,0.59,3.76,315.36,31.869
CAR145,32.33,85,52.8,1652.0,41.6,0,0,City,181.2,0.73,2.39,113.9,30.713499999999996
CAR045,44.96,20,11.7,2499.0,20.8,1,0,Highway,199.6,0.23,3.63,41.37,5.325
CAR137,20.41,10,46.4,901.0,24.4,0,0,City,312.2,0.7,1.04,46.26,5.488
CAR061,5.07,20,27.1,2364.0,35.7,0,1,Highway,377.5,0.4,3.56,89.33,4.8165000000000004
CAR130,26.78,20,65.9,3118.0,37.2,0,0,City,394.0,0.69,0.22,13.52,2.315
CAR149,11.11,0,78.2,1752.0,17.8,0,0,Highway,274.5,0.4,1.6,112.41,7.139
CAR187,25.8,10,15.1,2357.0,38.1,1,0,City,247.1,0.11,4.09,63.2,7.751
CAR114,22.37,20,43.0,2262.0,32.9,0,1,Highway,,0.39,0.83,35.9,5.382
CAR039,17.29,20,52.8,1488.0,10.5,0,2,City,113.2,0.54,2.74,142.24,16.4255
CAR174,27.33,20,,2992.0,14.8,1,0,Highway,395.0,0.09,1.23,74.93,9.79
CAR051,39.08,85,45.7,1911.0,10.6,0,1,Highway,133.2,0.2,1.2,53.81,16.037
CAR023,21.45,20,48.8,2820.0,27.1,1,1,Rural,86.2,0.74,2.57,107.96,18.342
CAR166,36.13,85,43.1,2543.0,19.6,1,0,Rural,123.0,0.23,3.84,153.71,34.3235
CAR058,11.0,20,51.7,1904.0,29.5,0,2,City,344.3,0.62,1.93,96.0,10.45
CAR175,32.58,0,79.6,3401.0,35.3,1,0,City,384.4,0.82,4.03,302.04,30.950999999999997
CAR131,5.98,20,13.4,2197.0,37.3,1,1,Highway,296.0,0.06,4.44,57.15,5.681
CAR058,37.3,10,62.5,2019.0,19.7,1,2,City,72.1,0.55,3.84,222.89,33.682
CAR003,2.58,0,5.0,2931.0,15.4,1,1,Rural,,0.84,0.79,3.93,0.416
CAR180,43.88,10,89.1,1990.0,19.4,1,2,City,394.9,0.11,0.8,73.08,10.559
CAR192,31.82,20,41.5,2838.0,25.3,1,2,Highway,,0.49,4.07,172.37,28.355
CAR080,31.89,20,67.4,3313.0,26.3,0,0,Highway,242.8,0.73,4.11,273.42,30.2955
CAR129,43.55,10,139.04639694169717,2924.0,25.5,1,2,Highway,234.5,0.77,4.17,120.55,16.208
CAR085,2.93,10,73.0,1364.0,42.5,1,1,Rural,183.5,0.41,1.39,87.12,2.7835
CAR135,23.21,0,50.1,1483.0,34.0,0,0,Highway,237.7,0.07,3.31,155.49,7.967
CAR181,40.84,20,57.2,1193.0,15.7,1,1,Rural,295.6,0.32,1.34,79.83,11.969
CAR054,33.81,10,51.6,,36.2,0,2,City,202.0,0.52,3.54,171.24,23.543
CAR189,10.8,20,68.6,1328.0,16.0,0,1,Highway,250.3,0.73,0.38,23.42,3.244
CAR032,33.56,20,60.0,1872.0,25.5,0,0,City,243.0,0.73,2.89,180.23,26.751
CAR135,32.81,10,77.9,1736.0,20.6,1,2,City,232.1,0.77,4.44,317.4,31.1695
CAR003,29.52,0,11.9,2314.0,32.8,1,2,Rural,115.7,0.84,0.34,3.72,0.489
CAR048,30.0,20,39.0,2341.0,27.3,0,1,Highway,251.3,0.05,2.45,89.83,12.646
CAR085,20.43,20,63.9,2577.0,23.1,0,1,City,198.9,0.2,2.35,130.3,19.4085
CAR008,8.9,20,29.3,2384.0,24.0,0,1,City,310.5,0.36,4.39,131.65,8.455
CAR164,9.01,85,57.6,,22.0,0,2,Highway,394.6,0.06,1.84,104.57,8.5595
CAR159,18.97,20,27.8,3014.0,32.2,0,2,Highway,101.3,0.77,2.32,64.34,10.546
CAR016,32.83,20,75.3,2192.0,25.3,1,1,Rural,101.2,0.31,1.61,113.55,17.032
CAR169,8.29,20,42.5,2367.0,33.2,0,2,Highway,75.6,0.18,4.27,166.53,7.875499999999999
CAR094,2.38,20,75.5,2285.0,41.7,1,0,City,143.0,0.21,3.39,222.75,2.2609999999999997
CAR106,16.81,10,27.5,,31.1,0,0,,85.0,0.34,4.44,122.62,11.249
CAR067,31.88,10,38.8,2119.0,29.6,0,1,,362.0,0.34,1.42,55.69,6.12
CAR092,30.83,20,36.1,1108.0,24.9,1,0,City,446.2,0.41,3.08,102.38,15.261
CAR074,14.28,10,368.3101885545959,2677.0,34.8,0,1,Rural,124.9,0.62,1.79,129.47,13.565999999999999
CAR170,6.06,10,64.2,2887.0,34.6,1,2,Highway,146.0,0.76,2.04,117.91,5.757
CAR007,23.16,10,46.0,1456.0,31.6,1,0,Rural,258.2,0.43,3.07,136.9,16.328
CAR176,34.9,20,46.6,1544.0,36.9,0,1,City,269.6,0.46,3.86,157.7,25.891
CAR048,38.46,0,39.2,2071.0,39.3,0,1,City,370.3,0.71,4.46,176.75,18.086
CAR008,38.97,85,59.7,2861.0,20.3,1,0,Highway,206.2,0.77,3.88,227.41,37.021499999999996
CAR004,44.03,20,31.1,2093.0,,1,1,City,77.5,0.2,0.56,16.14,2.541
CAR036,9.68,10,51.1,2376.0,29.8,0,2,Rural,148.3,0.67,2.42,118.8,9.196
CAR195,18.21,0,78.3,11376.667938236458,15.4,1,1,Highway,376.9,0.06,2.34,171.95,14.165
CAR126,15.56,10,117.7,1599.0,33.7,0,0,City,179.3,0.27,0.85,86.35,10.469
CAR194,9.64,20,5.0,2145.0,33.2,0,0,Rural,302.3,0.6,0.99,4.66,0.627
CAR085,37.99,0,45.1,2064.0,33.2,1,1,City,183.1,0.28,4.11,187.94,17.105
CAR188,32.8,10,34.2,1830.0,24.3,1,2,City,,0.81,4.02,133.56,21.811
CAR023,39.76,10,53.0,2332.0,26.8,1,0,Rural,145.7,0.11,2.86,136.34,14.614
CAR010,28.85,20,13.7,2811.0,27.2,0,1,Rural,359.0,0.9,2.98,40.07,7.007
CAR032,3.03,10,62.4,2525.0,24.1,0,1,Rural,412.2,0.39,1.44,76.55,2.8785
CAR190,6.71,10,77.3,2096.0,29.6,1,2,City,153.1,0.48,1.53,113.63,6.374499999999999
CAR159,41.59,10,17.9,2040.0,26.9,1,1,Highway,420.9,0.58,4.38,69.14,8.402
CAR185,2.64,10,63.3,2352.0,22.4,1,0,City,71.0,0.72,3.09,204.43,2.508
CAR074,17.73,20,48.4,2289.0,33.9,1,2,City,118.4,0.82,0.87,40.76,7.437
CAR114,18.23,0,51.9,2221.0,29.4,0,0,,433.9,0.49,2.73,132.08,10.349
CAR060,11.27,20,101.6,3168.0,20.9,1,2,,102.6,0.53,1.04,108.46,10.706499999999998
CAR172,36.91,85,51.1,1676.0,14.4,1,1,City,,0.73,1.61,83.65,29.076
CAR104,41.58,20,60.6,3224.0,26.1,1,1,Rural,340.3,0.55,3.77,202.68,35.77
CAR008,41.29,85,26.0,1584.0,26.9,1,1,City,104.1,0.07,1.32,30.41,9.885
CAR007,22.18,20,36.5,1807.0,33.4,0,2,City,318.6,0.41,2.92,94.19,16.296
CAR130,28.17,20,29.4,2527.0,28.9,0,1,City,255.1,0.26,2.12,63.19,9.61
CAR170,12.14,10,56.1,2216.0,18.7,0,1,Highway,260.3,0.11,0.46,26.8,2.729
CAR167,22.04,85,18.9,2927.0,25.4,0,1,Highway,89.2,0.25,3.82,61.61,19.19
CAR079,8.69,0,54.9,2594.0,42.7,1,0,City,382.6,0.89,3.52,183.42,8.2555
CAR153,12.85,20,52.7,1104.0,18.6,1,2,City,146.9,0.81,4.22,218.01,12.2075
CAR049,23.59,85,72.8,1738.0,34.7,1,2,City,341.7,0.09,3.41,252.99,22.4105
CAR044,6.42,20,41.2,2692.0,25.1,0,2,City,194.0,0.1,0.44,18.34,2.935
CAR055,42.39,20,63.6,,,1,2,City,205.2,0.43,1.04,67.06,11.241
CAR115,18.84,20,78.3,1556.0,25.1,1,2,Rural,325.4,0.87,1.87,153.46,17.898
CAR151,22.97,10,5.0,2388.0,,1,1,City,124.4,0.1,3.26,16.05,1.983
CAR069,2.63,10,76.0,1821.0,44.3,1,0,Highway,257.0,0.63,2.84,184.65,2.4985
CAR187,7.11,10,51.6,2560.0,41.7,1,1,City,261.3,0.35,0.93,47.79,6.7545
CAR183,16.21,10,60.2,2653.0,28.8,1,1,Highway,124.7,0.73,3.7,215.73,15.3995
CAR184,29.8,20,42.6,1691.0,29.9,1,0,City,211.6,0.36,4.41,163.36,24.946
CAR194,37.38,10,40.4,1962.0,24.7,0,0,City,416.6,0.67,0.26,10.17,1.247
CAR150,16.15,0,44.4,2484.0,29.0,1,0,City,173.3,0.27,0.23,8.97,0.864
CAR085,6.39,0,61.2,2198.0,36.2,1,1,Highway,433.6,0.43,2.95,156.64,6.070499999999999
CAR015,12.53,0,60.2,2899.0,41.0,0,1,,264.8,0.52,4.13,230.42,11.9035
CAR161,16.05,10,97.5,934.0,21.4,1,1,Highway,328.2,0.45,4.04,357.83,15.2475
CAR152,24.93,20,39.6,3209.0,29.5,0,0,City,221.5,0.86,2.15,77.67,13.597
CAR002,11.92,20,60.6,1814.0,19.8,1,2,City,404.6,0.26,4.16,241.39,11.324
CAR181,21.62,20,42.4,2751.0,,1,1,City,230.5,0.59,2.56,107.61,20.092
CAR010,43.77,20,28.0,1819.0,34.6,0,2,Highway,305.2,0.48,0.71,18.61,2.955
CAR197,5.33,10,14.9,2310.0,33.0,0,1,City,194.5,0.86,3.72,52.26,5.0634999999999994
CAR156,11.94,20,39.2,1495.0,41.2,1,2,City,122.1,0.58,1.35,51.84,9.721
CAR118,2.15,20,56.7,1698.0,30.6,0,2,City,189.3,0.49,0.21,12.49,2.0425
CAR051,29.21,85,22.6,3158.0,30.0,1,2,City,185.3,0.5,0.25,5.93,2.2
CAR167,10.28,10,54.8,2498.0,19.4,1,1,Highway,119.8,0.48,3.6,171.42,9.765999999999998
CAR099,35.22,20,7.6,1271.0,30.9,1,1,City,374.5,0.33,0.59,4.35,0.711
CAR047,10.62,0,49.1,1084.0,29.2,0,0,Rural,99.4,0.26,1.94,88.8,6.019
CAR034,12.32,0,53.2,1675.0,35.7,1,1,City,399.3,0.61,0.38,18.55,2.235
CAR122,38.78,85,68.9,1587.0,,0,0,City,220.8,0.5,2.58,154.83,36.841
CAR156,26.23,20,47.0,2203.0,24.7,1,1,Rural,366.6,0.59,3.21,131.8,21.637
CAR160,14.08,0,111.8,3046.0,36.0,0,1,City,352.2,0.21,0.27,25.68,3.194
CAR117,18.17,10,59.4,3564.0,16.3,1,0,City,373.1,0.67,0.89,52.34,7.963
CAR197,13.72,0,21.8,2191.0,14.2,0,2,Rural,358.6,0.63,1.74,38.3,4.314
CAR135,9.91,10,54.4,,26.4,1,1,City,412.0,0.14,1.76,88.88,9.4145
CAR173,26.7,10,78.2,1627.0,21.2,0,0,City,416.2,0.37,1.05,75.69,8.958
CAR116,17.72,10,44.0,1175.0,31.4,0,1,City,424.5,0.43,1.44,63.86,7.343
CAR025,17.16,85,52.2,2535.0,31.9,1,0,City,178.3,0.66,1.74,87.72,16.302
CAR183,36.2,10,70.1,1624.0,34.6,0,0,City,124.5,0.73,4.28,298.68,33.862
CAR005,12.01,20,31.3,2631.0,43.9,0,1,City,332.9,0.58,3.78,121.02,11.4095
CAR082,20.54,20,61.9,2033.0,23.0,1,0,Highway,159.0,0.21,2.2,123.53,15.54
CAR088,23.27,20,62.0,3185.0,24.1,1,0,Highway,73.6,0.67,1.48,78.69,11.269
CAR199,13.12,10,,2575.0,37.0,1,0,Highway,171.8,0.59,1.87,116.2,12.463999999999999
CAR067,14.17,10,146.02196869462514,1945.0,30.7,0,1,City,129.9,0.49,0.6,16.13,2.174
CAR029,26.97,10,70.2,1802.0,31.1,1,1,City,415.4,0.64,1.93,122.42,16.37
CAR193,43.78,10,42.7,2535.0,21.9,0,2,City,248.7,0.76,3.68,153.51,23.451
CAR080,40.68,20,50.5,2538.0,22.4,1,2,City,268.5,0.42,4.18,180.22,32.038
CAR187,42.37,20,39.6,2566.0,19.1,1,0,Highway,325.9,0.58,2.17,85.22,12.525
CAR157,6.15,20,67.9,2685.0,33.0,1,0,City,102.0,0.57,2.16,131.79,5.8425
CAR178,14.6,20,68.7,2156.0,42.0,1,2,City,251.7,0.27,2.76,188.83,13.87
CAR179,11.1,20,50.1,2488.0,27.6,1,2,Rural,323.5,0.84,1.62,82.15,10.545
CAR092,17.1,20,63.2,2058.0,15.9,0,1,Highway,214.3,0.39,0.89,48.24,7.011
CAR083,32.59,20,33.6,1928.0,9.0,1,2,Highway,358.0,0.51,1.39,43.32,7.086
CAR003,31.12,20,49.3,1591.0,25.6,0,2,Highway,429.3,0.57,1.54,77.7,12.701
CAR076,31.19,85,86.5,2100.0,35.3,0,2,City,80.7,0.73,2.32,207.76,29.6305
CAR124,35.96,85,41.1,2874.0,44.0,1,0,City,150.3,0.41,4.05,170.13,34.162
CAR182,27.62,20,51.9,2545.0,44.4,1,1,Rural,70.7,0.14,4.22,189.73,26.239
CAR126,10.87,10,53.1,2703.0,35.1,0,0,Highway,413.6,0.5,3.13,143.43,10.3265
CAR037,4.61,10,54.5,2037.0,32.4,0,2,Highway,177.0,0.65,0.67,33.61,4.281
CAR199,12.48,20,76.2,2332.0,25.0,0,2,City,322.1,0.18,4.47,329.83,11.856
CAR130,25.79,10,46.4,1595.0,36.9,0,1,City,181.1,0.05,2.49,99.66,11.76
CAR048,22.92,10,58.4,2522.0,33.2,0,2,City,361.4,0.89,4.17,253.46,21.774
CAR015,38.19,85,49.2,2281.0,42.5,1,2,City,234.3,0.17,4.19,210.39,36.280499999999996
CAR188,12.8,20,41.0,1901.0,15.6,1,2,Rural,411.6,0.34,1.17,48.0,7.869
CAR093,38.82,10,35.2,1936.0,38.1,0,2,City,75.5,0.82,0.31,9.52,1.464
CAR096,25.59,10,72.7,3082.0,33.3,0,0,Rural,341.4,0.48,4.12,301.78,24.310499999999998
CAR013,3.31,10,51.8,8850.736403720963,23.7,1,0,City,247.7,0.28,2.12,102.21,3.1445
CAR074,26.55,20,9.1,2369.0,35.4,1,1,Rural,394.8,0.66,3.92,33.6,5.637
CAR133,38.25,0,39.7,3363.0,33.4,1,0,Highway,163.3,0.32,3.22,121.31,11.288
CAR066,30.24,10,56.4,1577.0,30.0,0,0,City,380.9,0.15,4.04,220.97,22.912
CAR178,6.26,20,42.3,,28.2,1,1,City,211.3,0.16,1.52,63.35,5.946999999999999
CAR082,17.35,85,30.7,2467.0,38.1,1,2,City,449.3,0.62,2.99,79.48,16.4825
CAR117,21.41,10,14.1,2383.0,33.8,1,2,Highway,268.6,0.89,2.87,37.31,5.573
CAR078,28.54,10,22.4,2696.0,27.5,1,1,Rural,226.0,0.21,0.88,19.02,2.452
CAR163,27.98,10,87.2,1561.0,17.4,0,1,City,141.9,0.44,1.98,161.5,18.2
CAR171,7.28,0,47.9,2505.0,35.9,0,1,Highway,235.1,0.75,1.12,46.94,4.327
CAR120,8.61,20,62.2,1285.0,31.6,0,1,City,346.4,0.38,0.36,21.48,3.09
CAR179,11.04,20,56.0,2009.0,25.8,1,1,City,184.0,0.38,2.5,129.03,10.488
CAR008,9.39,10,73.7,2455.0,33.0,1,0,,320.3,0.07,3.66,253.42,8.9205
CAR148,42.62,10,28.4,3129.0,22.5,1,2,City,263.9,0.61,3.02,81.89,13.102
CAR086,13.45,10,53.0,2469.0,22.9,1,1,City,430.8,0.42,1.93,106.07,12.777499999999998
CAR162,16.51,10,73.7,1685.0,35.2,0,0,Highway,217.6,0.29,0.63,47.76,4.5
CAR047,8.94,20,56.4,1705.0,24.7,1,2,Highway,283.7,0.85,1.49,83.36,8.492999999999999
CAR047,20.46,20,63.1,2159.0,20.4,1,1,Rural,330.5,0.54,2.24,129.84,19.437
CAR014,14.25,0,42.8,2330.0,33.9,0,1,Rural,240.6,0.42,0.25,11.07,0.972
CAR103,14.47,10,24.7,2836.0,29.9,0,0,Rural,118.1,0.24,1.53,33.29,3.43
CAR065,30.06,20,40.9,2233.0,26.9,1,2,Highway,289.5,0.54,0.69,27.93,4.509
CAR059,28.62,10,50.6,1423.0,26.7,1,1,City,142.6,0.46,3.17,156.45,20.369
CAR119,18.51,85,40.8,2215.0,20.2,1,0,City,401.7,0.29,4.25,173.84,17.584500000000002
CAR100,20.7,20,55.8,3407.0,27.8,1,1,City,162.9,0.27,1.98,103.08,18.662
CAR154,3.2,0,58.0,2716.0,23.3,0,2,City,343.8,0.77,3.59,199.99,3.04
CAR059,20.75,85,23.7,2823.0,40.5,1,0,,332.5,0.15,3.89,86.4,19.7125
CAR128,36.91,20,46.2,2291.0,39.4,1,1,Rural,444.4,0.22,4.02,176.27,28.48
CAR189,9.77,20,39.9,2610.0,27.5,0,2,City,199.3,0.4,3.98,140.83,9.2815
CAR078,9.41,20,38.1,2535.0,26.4,1,1,City,116.3,0.72,0.88,32.0,5.617
CAR046,15.77,20,36.0,1746.0,40.3,1,1,City,100.4,0.83,0.39,13.94,2.482
CAR147,40.14,20,17.3,2202.0,29.3,1,1,Highway,99.3,0.7,0.77,12.91,2.136
CAR125,7.11,20,37.4,2111.0,18.2,1,1,,385.1,0.64,3.75,127.32,6.7545
CAR056,43.02,20,20.3,1089.0,26.4,1,1,Highway,181.8,0.74,1.33,24.19,3.543
CAR158,30.23,0,52.8,,31.5,0,2,City,356.6,0.22,2.11,113.32,12.939
CAR191,38.25,10,34.7,2406.0,34.2,1,1,Rural,338.0,0.89,1.31,42.14,5.998
CAR195,14.34,20,103.8,2314.0,47.1,1,0,City,124.0,0.82,2.04,187.14,13.623
CAR093,20.13,10,27.6,3090.0,44.6,0,0,Highway,376.7,0.38,1.8,51.5,6.412
CAR031,2.19,10,47.1,1947.0,43.3,1,1,City,338.2,0.11,0.41,17.08,2.0805
CAR044,9.32,85,50.4,2466.0,25.0,0,1,Highway,74.5,0.6,4.26,189.69,8.854
CAR106,6.08,10,172.99417947261324,,27.1,0,1,Rural,223.1,0.55,2.65,102.73,5.776
CAR089,8.09,20,54.9,2193.0,27.1,0,0,City,,0.77,0.38,20.31,3.031
CAR151,17.1,10,39.4,2494.0,27.3,0,2,City,286.9,0.57,4.09,162.33,16.245
CAR028,15.46,20,37.8,3119.0,21.4,1,2,City,,0.83,0.26,8.95,1.771
CAR028,9.51,20,38.4,2905.0,38.7,1,0,City,442.9,0.73,4.32,141.41,9.0345
CAR108,17.52,20,48.2,2470.0,45.5,1,2,Rural,163.8,0.55,3.76,165.04,16.644
CAR125,21.19,0,55.9,2652.0,31.2,1,0,Rural,276.9,0.82,0.71,35.86,3.79
CAR118,19.92,85,63.4,2441.0,26.1,1,0,Rural,142.7,0.85,1.43,85.26,18.924
CAR025,12.08,20,53.9,2008.0,43.5,0,0,City,240.7,0.29,1.88,98.95,11.475999999999999
CAR001,36.08,10,,1982.0,21.1,1,2,Highway,128.3,0.13,2.06,189.0,23.688
CAR173,31.36,0,86.2,1127.0,29.9,0,0,city,222.7,0.08,2.31,206.51,15.177
CAR159,38.2,20,35.2,2622.0,40.2,1,0,Highway,169.1,0.62,1.5,49.41,8.031
CAR071,18.11,20,46.7,700.0,30.3,1,1,Highway,427.0,0.06,1.73,75.29,9.494
CAR169,4.54,20,25.0,2759.0,19.2,1,1,Highway,139.1,0.18,0.52,11.42,1.695
CAR096,16.54,20,30.1,2039.0,21.1,1,1,Highway,395.1,0.88,1.32,41.68,6.263
CAR144,10.47,20,,2066.0,18.7,1,0,Highway,344.1,0.73,1.93,86.93,9.9465
CAR126,9.62,20,69.9,2469.0,26.7,1,2,City,385.5,0.24,1.52,102.58,9.139
CAR040,32.89,20,72.8,3031.0,28.6,0,1,Highway,352.0,0.24,2.42,163.73,22.134
CAR019,40.89,85,82.4,2572.0,18.5,1,0,Highway,297.9,0.23,2.1,179.73,38.8455
CAR060,21.42,20,70.9,2491.0,16.5,1,0,City,168.8,0.48,2.95,180.43,20.349
CAR065,8.97,0,50.3,2624.0,39.9,1,1,Highway,165.5,0.67,0.31,13.57,1.325
CAR073,17.62,10,47.6,2625.0,22.2,1,2,Rural,159.1,0.71,4.04,186.68,16.739
CAR106,34.35,85,72.7,2104.0,36.8,1,2,Rural,244.1,0.59,2.36,147.43,32.6325
CAR037,23.4,20,,1790.0,28.4,0,2,city,,0.4,4.29,361.67,22.229999999999997
CAR132,40.02,10,49.3,2601.0,18.2,1,1,Rural,178.2,0.32,2.19,98.07,11.9
CAR144,16.88,20,48.6,2731.0,24.8,1,1,City,81.9,0.35,4.02,187.98,16.035999999999998
CAR011,5.38,10,55.4,916.0,24.1,1,0,City,173.5,0.81,1.89,98.98,5.111
CAR188,28.59,10,58.7,1764.0,31.8,1,2,City,337.8,0.82,1.31,78.43,12.212
CAR036,9.97,20,71.6,1810.0,39.8,0,1,City,,0.84,2.29,164.74,9.4715
CAR163,5.22,20,80.2,2042.0,26.9,1,0,City,140.9,0.1,2.27,159.6,4.959
CAR119,43.22,20,48.4,1465.0,28.5,0,0,Highway,113.2,0.75,2.66,128.14,15.156
CAR013,43.05,10,55.9,2452.0,34.7,1,1,Rural,235.1,0.34,0.48,25.8,3.326
CAR184,13.2,20,26.6,1864.0,31.8,0,0,Rural,232.9,0.79,1.72,45.25,7.018
CAR186,31.8,85,55.8,2418.0,27.6,1,1,City,241.6,0.62,2.81,155.89,30.21
CAR182,7.16,20,63.5,2156.0,32.2,1,2,Highway,149.4,0.34,2.77,164.09,6.802
CAR152,39.7,20,51.7,2145.0,38.6,1,2,City,330.0,0.44,3.22,164.6,30.502
CAR051,35.69,20,5.0,1739.0,32.7,1,2,Rural,405.0,0.13,3.99,20.94,3.573
CAR037,32.93,0,51.9,1950.0,43.1,0,2,City,83.3,0.14,0.33,17.98,1.986
CAR186,10.19,10,38.6,1793.0,37.8,1,2,City,183.6,0.7,3.75,144.92,9.680499999999999
CAR135,33.07,85,37.4,2730.0,32.8,0,0,City,293.9,0.25,4.4,163.24,31.4165
CAR085,17.22,0,240.42470641758345,2565.0,22.4,1,2,,70.6,0.18,1.39,62.24,7.522
CAR141,24.02,10,146.95204492834887,2290.0,31.6,1,1,Rural,263.2,0.11,0.35,10.35,1.248
CAR047,39.14,20,86.3,2515.0,28.4,1,1,Rural,142.8,0.19,2.58,230.88,37.183
CAR153,12.52,0,83.2,2340.0,23.8,0,2,City,307.6,0.56,1.77,132.78,11.893999999999998
CAR195,33.32,10,38.9,2519.0,31.8,1,0,Rural,87.9,0.22,3.76,136.34,14.612
CAR029,43.86,20,57.2,1453.0,28.2,0,1,City,415.7,0.29,0.22,12.99,2.141
CAR093,42.41,85,46.8,2169.0,32.6,0,2,City,342.0,0.26,0.63,30.56,10.602
CAR146,25.16,10,23.3,2536.0,26.2,1,2,Highway,148.7,0.25,3.83,90.33,11.695
CAR025,13.9,10,63.2,2176.0,24.6,1,1,Highway,274.8,0.29,4.04,217.45,13.205
CAR045,41.54,0,79.9,2472.0,11.4,0,0,City,436.4,0.36,1.01,84.67,8.256
CAR090,44.18,0,66.6,1937.0,26.5,1,0,City,338.5,0.83,2.32,144.4,16.298
CAR105,20.26,10,32.5,1044.0,28.4,1,0,City,289.3,0.31,1.03,34.98,4.301
CAR157,24.8,20,10.7,2197.0,31.9,0,0,City,245.9,0.08,2.94,26.83,3.532
CAR127,26.76,10,61.2,2161.0,28.1,1,1,Rural,435.2,0.68,1.11,67.19,9.251
CAR012,6.75,20,5.0,2904.0,30.3,1,2,,426.2,0.68,4.13,21.44,3.669
CAR173,28.37,20,51.1,2438.0,37.0,0,0,Highway,274.8,0.15,2.56,115.58,14.205
CAR086,2.77,20,69.2,2800.0,33.6,1,2,City,330.3,0.09,1.96,116.99,2.6315
CAR062,26.11,10,78.1,2294.0,24.3,0,0,Highway,360.8,0.05,2.21,165.51,13.351
CAR006,29.07,20,30.6,1872.0,41.1,1,2,Rural,204.3,0.75,0.87,27.29,5.449
CAR092,6.74,0,57.1,2140.0,23.6,0,0,Highway,149.7,0.14,3.29,194.76,6.403
CAR171,15.39,10,27.2,2170.0,22.6,0,2,Rural,261.7,0.46,3.08,86.64,11.351
CAR056,42.21,10,59.6,1958.0,32.5,0,2,,448.3,0.87,1.92,103.96,17.214
CAR097,29.38,20,56.1,2573.0,36.2,0,2,,100.4,0.22,2.42,116.13,18.298
CAR153,39.1,10,40.0,2798.0,28.7,0,1,Highway,229.5,0.83,1.02,40.52,5.057
CAR090,9.5,10,32.2,2153.0,27.7,1,0,Highway,396.3,0.05,1.9,54.99,4.874
CAR128,30.21,10,48.8,2758.0,38.3,0,0,City,408.4,0.59,1.23,61.91,8.188
CAR055,23.99,20,66.4,1872.0,41.1,0,1,City,358.4,0.61,2.22,140.84,22.790499999999998
CAR121,37.84,85,80.6,,5.0,1,1,Highway,347.5,0.81,1.45,116.98,35.948
CAR034,38.21,20,41.7,2061.0,11.5,0,1,City,337.0,0.33,3.71,148.23,23.346
CAR001,29.75,20,20.5,2644.0,33.5,0,1,City,299.0,0.71,3.48,72.73,12.092
CAR044,27.13,20,60.6,2011.0,23.8,1,1,Rural,360.0,0.29,2.39,128.91,19.733
CAR174,18.3,85,35.0,1767.0,31.1,0,0,City,274.0,0.51,1.97,63.87,17.385
CAR180,22.71,20,39.5,2602.0,15.8,1,1,Highway,434.0,0.77,0.6,24.45,3.981
CAR019,12.87,20,57.2,2125.0,37.0,1,1,Rural,262.6,0.61,1.39,81.94,12.226499999999998
CAR072,34.18,10,38.0,2490.0,44.8,0,2,Rural,284.5,0.43,2.34,93.01,15.077
CAR122,14.13,10,38.4,832.0,30.7,1,1,City,73.2,0.9,3.74,150.74,13.4235
CAR146,36.95,20,39.2,1680.0,21.4,0,1,City,71.8,0.53,1.67,64.07,10.099
CAR037,5.21,20,24.9,2417.0,23.7,1,0,City,169.0,0.55,0.71,15.42,2.43
CAR116,40.2,20,56.1,3353.0,33.3,1,1,City,294.9,0.18,4.05,211.08,35.002
CAR139,30.28,10,36.5,1648.0,37.8,0,1,City,226.3,0.77,2.44,78.37,11.466
CAR112,28.12,20,38.5,1851.0,30.9,0,1,City,202.9,0.88,2.34,80.92,13.734
CAR118,16.32,20,70.2,2784.0,,1,1,City,410.0,0.39,0.93,59.13,10.609
CAR147,2.9,20,30.8,1348.0,20.8,0,2,Rural,88.6,0.76,3.6,113.34,2.755
CAR021,41.07,10,58.3,1757.0,39.2,1,2,City,92.9,0.6,2.63,147.83,25.692
CAR026,5.01,10,58.6,2386.0,30.7,0,0,Highway,228.2,0.6,2.8,157.88,4.759499999999999
CAR096,14.63,10,52.7,2334.0,39.3,1,2,Rural,78.8,0.89,3.44,190.3,13.8985
CAR096,26.1,0,71.6,1915.0,21.5,0,0,City,275.4,0.54,4.44,299.45,24.795
CAR038,5.74,0,20.4,2523.0,17.9,1,0,Highway,193.9,0.38,2.24,44.82,2.882
CAR111,23.59,20,52.5,,21.6,0,1,City,100.4,0.3,1.42,68.62,10.732
CAR148,40.7,10,62.5,2585.0,33.5,0,0,Rural,311.6,0.38,1.44,90.28,8.735
CAR200,43.88,0,9.3,1178.0,32.5,0,0,City,407.5,0.26,1.02,9.06,0.747
CAR055,10.15,10,40.3,2045.0,27.7,1,0,Rural,408.9,0.11,3.25,128.0,9.6425
CAR183,4.52,20,61.0,2383.0,18.5,0,2,Highway,334.2,0.31,0.35,19.94,3.159
CAR028,36.66,20,69.7,2713.0,10.3,1,2,Highway,258.3,0.31,3.0,216.47,34.267
CAR146,8.57,20,64.2,2100.0,,1,2,Highway,129.9,0.48,1.14,64.06,8.1415
CAR095,43.45,20,,2527.0,20.5,1,2,Highway,405.7,0.66,1.44,133.09,22.835
CAR124,16.71,20,71.3,2375.0,30.8,1,1,Highway,379.9,0.37,0.65,43.55,6.508
CAR081,29.32,10,18.9,1598.0,25.0,1,2,Rural,245.8,0.38,4.35,81.01,9.913
CAR018,20.39,0,75.3,2639.0,43.2,0,2,City,413.0,0.68,3.46,269.62,19.3705
CAR192,35.66,10,50.7,2243.0,22.4,1,1,Highway,238.8,0.73,1.45,68.14,9.125
CAR009,7.71,10,48.4,8607.321200552802,25.1,0,1,Highway,70.2,0.22,1.3,62.92,6.549
CAR101,10.4,10,75.5,1805.0,28.8,0,1,City,298.6,0.67,0.22,15.05,2.106
CAR021,17.98,10,34.2,2043.0,29.5,1,0,Highway,135.3,0.15,0.97,34.09,2.827
CAR137,13.4,10,49.1,2470.0,45.1,1,1,,99.2,0.49,3.36,149.19,12.73
CAR103,44.86,10,102.2,2933.0,21.6,1,2,Rural,394.3,0.82,1.18,106.03,15.545
CAR147,10.36,10,33.5,2206.0,41.9,1,1,Highway,332.2,0.27,1.9,60.65,7.079
CAR199,38.12,20,48.8,2325.0,,0,2,,395.9,0.39,1.56,73.39,12.68
CAR106,31.65,10,78.3,12865.092049412257,31.4,1,1,City,257.4,0.66,1.85,141.81,19.212
CAR046,15.8,20,36.8,2027.0,26.2,0,0,,443.4,0.83,4.15,160.03,15.01
CAR046,37.9,85,39.9,2457.0,26.1,0,1,Highway,327.7,0.72,2.36,92.62,30.946
CAR057,9.28,0,38.5,2107.0,24.1,1,0,Highway,415.1,0.2,4.14,143.86,8.815999999999999
CAR084,2.5,85,78.2,1322.0,26.4,0,0,Highway,331.2,0.17,2.4,160.08,2.375
CAR099,38.83,0,61.6,,23.5,0,0,Highway,288.3,0.36,1.21,71.06,5.033
CAR151,17.28,0,34.7,3802.0,18.8,1,1,Highway,78.1,0.22,3.59,107.22,10.047
CAR165,30.25,20,49.9,1371.0,32.2,1,1,Rural,333.7,0.32,3.04,139.33,22.165
CAR165,36.26,85,63.7,1760.0,34.7,1,2,City,165.8,0.28,4.3,277.15,34.446999999999996
CAR073,14.86,20,34.1,2363.0,26.0,1,1,Rural,161.5,0.14,2.88,98.85,14.116999999999999
CAR085,40.19,0,44.9,1776.0,21.6,0,2,City,380.1,0.53,1.57,73.24,8.557
CAR162,43.34,10,56.6,2329.0,31.2,0,2,Highway,251.6,0.68,2.87,160.84,19.635
CAR149,38.75,20,,,28.9,1,0,City,191.5,0.86,2.74,141.43,23.485
CAR141,39.89,10,63.9,2848.0,46.4,1,2,Rural,248.8,0.55,1.65,110.48,19.231
CAR073,20.52,20,50.0,2996.0,29.9,1,1,City,315.7,0.64,2.5,112.95,19.494
CAR154,18.74,85,68.7,1846.0,23.6,1,0,Rural,329.4,0.07,1.16,69.65,17.802999999999997
CAR056,29.84,20,9.6,2666.0,19.5,0,0,Highway,215.2,0.85,3.01,27.34,3.925
CAR075,13.17,0,33.3,1179.0,20.0,0,2,,446.8,0.05,2.77,88.4,8.826
CAR194,10.38,20,50.3,1699.0,46.5,1,0,Rural,144.0,0.55,2.06,98.31,9.861
CAR016,13.58,10,39.7,2060.0,24.1,0,1,Rural,179.4,0.46,2.72,101.37,12.132
CAR118,38.56,10,59.9,1759.0,29.8,1,0,City,421.9,0.67,2.24,140.55,19.479
CAR096,39.97,10,42.9,1628.0,31.6,1,0,Highway,294.1,0.46,1.91,82.71,8.559
CAR103,41.64,20,74.1,,13.2,1,1,City,80.6,0.53,3.7,268.03,39.558
CAR177,33.18,20,55.9,2010.0,,1,2,Highway,367.0,0.09,4.43,242.88,31.520999999999997
CAR159,21.0,10,53.1,1838.0,30.4,0,1,City,385.3,0.55,2.93,138.01,18.065
CAR035,3.0,85,66.8,2295.0,26.6,1,2,Highway,381.0,0.18,2.15,134.56,2.8499999999999996
CAR158,16.47,20,46.5,2419.0,21.1,1,0,Highway,371.3,0.89,3.46,138.4,15.646499999999998
CAR160,43.48,85,60.3,2046.0,35.9,1,1,Highway,120.9,0.7,0.76,45.75,15.45
CAR027,40.02,10,5.0,1815.0,16.7,0,1,Rural,429.5,0.08,2.34,11.56,1.265
CAR117,16.44,85,32.5,2041.0,34.5,1,0,City,349.2,0.32,0.86,26.7,8.802
CAR168,44.91,0,19.1,2023.0,27.2,1,1,City,427.7,0.24,3.06,59.6,5.974
CAR152,12.65,10,22.2,3914.0,32.4,1,1,Highway,284.1,0.87,0.89,19.05,2.559
CAR081,31.62,0,49.6,1957.0,37.2,0,2,Rural,406.7,0.21,3.63,176.0,19.297
CAR020,26.85,10,93.2,700.0,48.0,0,1,City,179.9,0.22,1.58,136.27,20.361
CAR130,33.25,20,60.6,2155.0,26.7,0,1,City,96.0,0.89,4.34,251.16,31.5875
CAR064,21.02,10,29.0,2459.0,25.5,1,2,City,385.5,0.77,1.7,50.74,8.246
CAR160,10.83,20,52.4,1708.0,22.9,1,0,Highway,277.6,0.56,1.43,65.12,8.819
CAR063,15.07,10,31.2,2131.0,31.8,1,1,Highway,301.8,0.38,2.67,84.67,9.918
CAR172,33.41,10,39.6,2462.0,8.3,1,1,Highway,447.1,0.11,3.69,142.05,15.574
CAR071,33.65,20,77.6,1722.0,36.6,0,2,Rural,85.9,0.18,0.92,70.66,10.838
CAR171,43.1,20,51.0,1887.0,20.4,0,2,highway,369.4,0.62,2.72,122.69,19.16
CAR056,4.59,10,55.8,2386.0,24.7,0,0,City,395.3,0.25,2.2,128.03,4.3605
CAR058,38.2,10,37.4,2378.0,19.8,1,1,Highway,428.6,0.44,0.63,21.75,2.508
CAR004,24.56,20,50.5,2812.0,28.6,1,0,City,446.9,0.12,3.59,187.37,23.331999999999997
CAR148,37.95,10,76.7,1713.0,29.9,0,2,City,266.0,0.4,2.67,196.57,28.044
CAR009,35.11,85,9.0,1926.0,22.5,0,1,City,406.9,0.74,3.04,25.34,8.797
CAR020,19.08,20,16.7,3116.0,26.2,1,1,City,79.6,0.48,3.53,58.67,9.935
CAR187,18.2,0,47.6,2352.0,11.8,0,1,Rural,303.2,0.47,3.15,134.97,12.535
CAR025,28.41,20,77.9,3497.0,25.8,1,2,City,261.9,0.36,2.31,184.87,26.9895
CAR074,32.77,10,47.5,2349.0,37.8,0,0,City,388.4,0.15,2.02,96.97,11.476
CAR161,35.42,20,63.4,2176.0,29.5,0,1,City,247.6,0.51,4.45,253.97,33.649
CAR132,14.35,85,91.5,2796.0,37.3,1,1,City,156.0,0.71,2.22,208.99,13.632499999999999
CAR112,11.26,10,47.5,2179.0,31.5,1,1,City,289.3,0.66,2.63,107.75,10.697
CAR025,40.26,20,56.9,2531.0,40.8,0,2,City,205.9,0.38,4.27,242.96,38.24699999999999
CAR166,17.67,20,17.2,1996.0,18.3,0,1,Highway,261.4,0.82,1.63,25.62,3.608
CAR108,10.7,10,,1220.0,20.8,1,1,Rural,129.7,0.37,3.39,195.71,10.165
CAR132,33.1,0,,1243.0,36.5,0,1,Rural,226.1,0.7,1.69,53.8,4.999
CAR063,36.76,20,70.4,1468.0,32.0,1,2,City,204.8,0.26,0.71,46.9,7.536
CAR176,28.12,85,31.0,2206.0,22.9,0,0,City,311.1,0.54,1.43,45.01,14.948
CAR194,40.55,10,49.7,3191.0,26.7,0,0,Highway,84.5,0.25,2.82,142.3,14.025
CAR180,8.35,10,21.2,1561.0,22.8,1,0,City,257.9,0.66,2.43,46.58,6.011
CAR134,40.44,20,81.1,1853.0,28.7,0,0,Rural,229.5,0.5,0.92,68.75,9.392
CAR074,36.81,10,42.5,781.0,29.6,1,0,City,330.9,0.35,0.41,16.64,2.047
CAR044,12.65,20,49.7,2036.0,31.9,0,1,City,388.4,0.8,4.43,187.27,12.0175
CAR056,43.66,10,67.3,2840.0,37.5,0,1,City,286.6,0.16,3.72,258.79,34.033
CAR199,14.62,20,83.2,2443.0,23.2,0,0,City,365.5,0.71,2.11,178.65,13.889
CAR007,32.35,10,40.5,2678.0,37.8,1,1,Highway,310.2,0.08,4.42,183.74,20.808
CAR149,21.49,10,32.1,1716.0,23.6,1,2,City,365.6,0.72,2.39,77.34,12.262
CAR085,42.39,20,38.9,,39.4,1,0,Rural,105.8,0.36,2.02,76.43,10.789
CAR124,18.0,0,69.0,1838.0,24.4,0,2,Rural,315.0,0.69,1.65,109.55,11.807
CAR160,21.03,10,52.0,1637.0,20.3,1,2,Highway,260.5,0.43,4.27,190.18,19.9785
CAR150,5.96,20,24.2,2051.0,30.3,1,2,City,91.0,0.86,1.02,22.82,4.475
CAR046,15.62,20,49.5,2498.0,17.3,1,1,Rural,409.9,0.5,4.36,220.37,14.838999999999999
CAR061,43.36,20,80.3,1296.0,23.3,1,1,Highway,105.3,0.48,3.14,236.62,33.434
CAR107,2.35,0,60.6,2040.0,37.8,1,1,City,439.1,0.18,1.99,118.65,2.2325
CAR175,13.81,0,32.0,942.0,38.6,0,1,City,163.6,0.29,0.62,20.83,1.981
CAR121,3.13,10,62.2,2199.0,19.5,0,0,Highway,429.8,0.54,4.08,231.71,2.9734999999999996
CAR183,28.24,10,43.2,1716.0,,1,2,Rural,,0.8,0.35,13.32,2.137
CAR047,27.09,0,69.0,2137.0,20.5,0,1,City,348.2,0.14,2.87,204.63,17.806
CAR182,25.78,20,72.9,2099.0,28.7,1,0,Highway,392.7,0.85,1.82,117.45,17.615
CAR180,8.99,20,52.1,1789.0,27.3,0,2,Highway,427.0,0.43,1.88,87.36,8.5405
CAR168,25.47,0,53.2,2070.0,30.1,1,0,Rural,341.1,0.6,3.31,181.05,15.428
CAR108,34.97,0,23.251905843093176,2606.0,31.2,1,1,Highway,281.3,0.36,0.29,1.5,0.127
CAR182,19.48,20,46.7,3037.0,36.6,1,1,Highway,342.8,0.12,1.93,86.3,12.692
CAR121,11.06,10,38.8,1483.0,30.3,0,1,Rural,233.4,0.57,3.02,110.51,10.507
CAR082,11.21,20,30.7,2423.0,29.9,0,0,Rural,196.0,0.74,4.47,134.79,10.6495
CAR122,16.2,20,44.6,1795.0,18.2,1,0,City,229.1,0.85,2.17,96.27,15.098
CAR167,20.88,10,70.4,1490.0,21.2,1,0,Rural,136.7,0.74,0.61,41.08,4.515
CAR048,30.37,10,36.9,2200.0,24.0,0,0,City,151.0,0.39,3.94,128.05,14.034
CAR097,36.53,20,45.7,2069.0,28.2,0,0,Rural,234.2,0.49,2.38,102.28,12.837
CAR173,35.06,0,12.0,1240.0,23.5,1,2,City,204.3,0.68,3.3,38.37,4.779
CAR159,41.11,20,33.0,2195.0,23.7,1,1,Rural,340.0,0.07,4.08,116.19,16.717
CAR011,36.57,10,85.9,2186.0,,0,1,Highway,111.1,0.36,1.16,85.32,9.708
CAR157,33.94,20,89.6,1511.0,27.7,1,1,Highway,291.9,0.51,0.99,76.03,10.939
CAR194,15.68,10,73.2,1477.0,19.2,0,1,City,309.7,0.38,3.3,223.12,14.895999999999999
CAR124,18.6,10,25.3,1805.0,39.0,1,1,City,74.3,0.46,2.71,67.65,9.721
CAR053,2.15,10,69.8,1233.0,31.3,0,1,Highway,346.9,0.8,0.76,55.56,2.0425
CAR082,39.06,0,55.7,2135.0,28.2,1,2,Highway,395.7,0.29,0.75,36.34,3.442
CAR172,8.98,10,5.0,3225.0,16.4,0,0,City,202.7,0.87,4.04,20.22,2.812
CAR073,32.06,10,22.5,1340.0,26.3,1,0,Highway,205.8,0.79,2.78,57.47,6.616
CAR167,18.98,20,22.7,2362.0,25.4,1,1,Rural,170.2,0.46,0.55,12.1,1.835
CAR037,16.48,10,,1949.0,28.2,0,1,City,101.2,0.14,0.67,27.53,2.798
CAR036,4.55,10,52.9,2683.0,27.3,0,1,City,411.5,0.29,2.52,125.79,4.3225
CAR093,43.88,10,29.6,1868.0,31.5,1,1,City,234.4,0.11,2.44,64.32,8.256
CAR007,12.5,85,31.9,3308.0,23.6,1,0,City,437.8,0.53,2.38,76.46,11.875
CAR100,26.85,0,51.4,2364.0,46.6,0,0,,214.8,0.11,3.57,156.8,16.79
CAR152,23.22,20,39.1,1219.0,21.3,1,1,Highway,199.8,0.64,1.06,37.22,5.333
CAR044,26.34,10,47.4,2675.0,27.1,1,0,Highway,314.4,0.74,0.22,9.82,1.185
CAR112,2.88,10,67.8,1868.0,5.0,0,1,Rural,254.8,0.07,3.56,212.28,2.7359999999999998
CAR071,13.01,85,21.0,2984.0,18.7,1,1,City,94.2,0.73,3.98,85.41,12.359499999999999
CAR186,8.9,10,29.8,1890.0,29.9,0,1,City,264.0,0.58,1.92,55.38,7.59
CAR025,29.97,0,35.2,1962.0,30.9,1,0,Highway,182.0,0.23,0.45,16.19,1.039
CAR123,18.6,20,49.0,2170.0,34.0,1,1,City,209.0,0.66,1.55,78.99,13.41
CAR099,19.83,20,49.3,2492.0,25.5,1,0,City,185.5,0.07,4.21,208.53,18.838499999999996
CAR174,19.03,20,57.5,2649.0,24.3,1,1,Highway,413.4,0.38,2.96,168.56,18.078500000000002
CAR169,13.62,20,62.0,1220.0,30.8,0,1,Highway,294.7,0.06,1.06,65.8,7.305
CAR134,3.12,85,55.9,1509.0,28.7,1,1,City,185.1,0.42,3.74,199.59,2.964
CAR151,26.06,20,73.3,3356.0,45.9,0,2,Highway,161.8,0.2,2.87,217.04,24.756999999999998
CAR039,26.82,10,51.8,2820.0,33.1,1,1,City,347.2,0.32,3.51,186.2,25.479
CAR037,16.0,10,51.7,2308.0,19.4,1,0,Rural,,0.29,3.29,167.17,15.2
CAR131,8.38,20,25.2,797.0,33.6,1,1,Highway,278.8,0.64,2.34,51.71,7.514
CAR136,23.33,0,102.7,1756.0,38.2,1,0,City,160.4,0.3,1.16,104.81,10.679
CAR170,39.98,20,51.5,2466.0,31.0,0,2,City,401.0,0.6,4.16,194.93,34.279
CAR152,34.34,10,53.0,939.0,,0,2,Rural,227.1,0.07,3.86,214.09,22.539
CAR199,8.99,20,75.7,2675.0,19.4,0,1,City,132.5,0.69,3.78,257.09,8.5405
CAR004,40.57,10,73.5,2500.0,20.8,1,2,Rural,348.3,0.64,1.47,111.26,16.697
CAR172,13.0,10,55.8,2598.0,28.4,1,1,City,425.3,0.08,2.5,139.95,12.35
CAR060,29.65,0,56.3,1411.0,28.4,1,2,Highway,352.2,0.64,2.5,128.11,12.616
CAR166,39.59,85,78.2,1455.0,35.5,0,0,Rural,271.6,0.85,3.16,234.38,37.6105
CAR032,19.41,0,57.9,2779.0,24.7,0,0,Highway,284.7,0.34,1.49,88.02,5.292
CAR008,10.83,20,,2414.0,14.6,1,2,Rural,341.6,0.7,3.63,176.35,10.288499999999999
CAR142,34.29,20,24.0,1730.0,29.2,1,1,Highway,388.0,0.1,2.52,59.19,8.02
CAR042,2.76,85,49.2,1885.0,16.9,1,2,Highway,244.5,0.52,4.46,199.2,2.622
CAR046,14.17,10,23.6,2887.0,33.3,1,2,Highway,444.0,0.78,3.66,90.11,13.4615
CAR059,40.55,20,43.0,2731.0,25.9,1,2,City,446.4,0.06,3.71,143.68,25.758
CAR107,3.73,20,41.1,2034.0,34.7,1,0,Highway,266.0,0.38,2.25,97.04,3.5435
CAR077,24.11,20,75.0,2305.0,23.9,0,1,City,445.8,0.48,3.69,285.68,22.9045
CAR011,25.62,20,56.1,2602.0,27.1,0,0,City,250.5,0.86,3.31,166.92,24.339
CAR072,25.95,20,44.4,2053.0,22.1,0,1,Highway,383.8,0.78,4.46,176.32,24.6525
CAR008,43.12,20,41.0,1230.0,32.6,1,2,Rural,195.5,0.57,2.3,81.39,14.103
CAR084,30.94,85,47.4,2411.0,25.3,1,0,City,299.5,0.51,0.33,15.0,5.079
CAR036,32.78,20,11.6,3027.0,16.3,0,2,Highway,220.8,0.72,3.71,38.36,6.049
CAR158,8.24,85,64.2,2359.0,18.9,1,2,City,283.5,0.32,3.13,208.85,7.827999999999999
CAR197,43.87,85,57.3,2894.0,25.6,1,1,Highway,115.6,0.07,3.78,200.99,41.6765
CAR019,9.54,10,33.2,2449.0,33.0,0,1,Highway,390.7,0.12,1.44,49.15,5.022
CAR199,2.7,10,35.1,2231.0,,0,0,City,70.8,0.59,0.94,33.33,2.565
CAR028,34.86,20,43.9,1572.0,30.8,1,2,Rural,143.4,0.15,1.35,58.59,8.322
CAR078,12.61,20,27.3,6931.347670542521,16.5,1,0,City,303.7,0.52,3.15,87.73,11.979499999999998
CAR182,2.28,10,43.6,1615.0,35.7,0,2,Highway,93.8,0.37,3.17,139.74,2.166
CAR057,4.32,20,88.4,2277.0,32.0,1,1,Highway,354.6,0.87,4.31,376.86,4.104
CAR072,31.03,10,40.6,2077.0,30.9,1,0,Rural,241.0,0.61,2.19,84.9,10.714
CAR029,14.73,20,64.9,2447.0,31.8,0,1,Highway,211.6,0.24,0.6,39.64,5.48
CAR093,22.22,85,13.7,2539.0,20.9,0,0,Rural,166.3,0.9,1.49,21.25,7.103
CAR105,20.21,20,5.0,3110.0,31.1,0,1,City,292.0,0.23,1.86,8.48,1.375
CAR119,42.67,85,55.3,1952.0,36.2,1,2,Highway,154.5,0.67,0.25,12.66,4.526
CAR066,5.72,85,42.2,2252.0,40.2,1,2,City,428.0,0.7,2.7,117.44,5.433999999999999
CAR191,29.22,20,12.1,2031.0,27.1,1,0,Highway,150.3,0.17,0.79,9.88,1.24
CAR069,39.72,10,57.0,1602.0,26.4,1,2,Highway,345.1,0.86,0.81,47.65,6.192
CAR183,4.17,20,49.5,2732.0,18.0,1,1,Highway,,0.19,1.34,62.69,3.9614999999999996
CAR005,43.63,20,58.6,2042.0,30.6,1,1,City,377.7,0.18,1.5,79.99,13.322
CAR145,9.41,20,40.7,3194.0,29.8,1,1,City,298.1,0.83,4.47,172.15,8.939499999999999
CAR196,4.56,10,70.5,2154.0,36.7,1,1,City,240.0,0.09,1.61,97.95,4.332
CAR199,22.14,85,49.9,2956.0,34.4,1,1,Highway,159.7,0.82,2.66,130.57,21.033
CAR182,41.37,85,85.6,2708.0,21.7,1,2,Highway,365.7,0.44,0.78,60.06,20.89
CAR094,42.74,10,69.2,2400.0,19.0,1,1,City,342.3,0.17,2.08,140.52,18.905
CAR101,27.38,20,51.0,1914.0,32.0,1,0,Highway,222.8,0.09,1.01,51.18,6.329
CAR122,7.49,20,12.5,2897.0,38.2,1,0,Highway,436.9,0.12,1.74,20.01,2.77
CAR061,6.97,20,32.9,2271.0,25.5,1,0,Rural,180.6,0.74,3.51,100.36,6.621499999999999
CAR063,36.65,20,51.7,1914.0,26.3,0,2,,342.5,0.5,4.41,200.74,32.646
CAR014,36.97,85,35.8,2620.0,35.2,1,1,Highway,84.0,0.41,0.35,11.97,3.843
CAR142,4.52,10,35.0,1970.0,31.6,0,1,Highway,196.3,0.78,1.27,38.16,4.294
CAR154,2.84,0,72.1,1941.0,22.6,0,0,City,233.7,0.37,1.9,124.19,2.698
CAR101,33.97,10,42.4,2870.0,19.0,1,0,City,378.8,0.17,4.24,181.74,21.4
CAR177,25.81,85,,1288.0,38.0,0,1,City,332.8,0.38,3.56,111.79,24.519499999999997
CAR024,21.81,10,55.5,3493.0,34.1,0,2,Rural,119.7,0.39,2.48,118.29,16.297
CAR184,30.45,20,40.8,1792.0,27.0,0,0,Rural,230.8,0.3,3.11,129.73,17.724
CAR149,41.21,10,57.6,3154.0,24.1,0,2,Highway,313.8,0.15,3.03,168.7,19.321
CAR186,37.27,20,92.1,1787.0,23.5,0,2,Highway,429.7,0.12,3.65,310.22,35.4065
CAR094,37.44,20,62.2,2805.0,,1,0,City,325.4,0.13,1.16,61.79,9.479
CAR187,19.26,20,82.0,2609.0,21.7,1,2,Highway,401.4,0.85,1.09,88.92,16.539
CAR154,36.17,85,33.1,1552.0,23.8,1,2,City,325.4,0.2,0.23,7.46,2.6
CAR093,23.81,0,21.4,,30.5,0,0,,272.6,0.18,3.89,82.87,6.2
CAR105,43.43,10,54.7,2970.0,29.4,1,2,Highway,97.4,0.2,0.59,33.55,3.715
CAR109,26.96,20,31.0,2867.0,43.7,1,1,Highway,396.6,0.9,3.77,112.34,20.205
CAR188,2.88,10,42.9,2066.0,29.3,0,2,Rural,81.7,0.1,2.79,122.59,2.7359999999999998
CAR113,39.5,0,,3017.0,45.5,1,2,,402.8,0.65,3.66,183.47,25.488
CAR016,32.96,85,44.9,2387.0,32.0,0,2,City,365.4,0.22,1.07,49.72,17.118
CAR089,16.44,20,71.0,2710.0,37.1,0,1,Highway,70.2,0.21,3.09,212.72,15.618
CAR119,24.8,10,53.6,3482.0,35.8,0,2,City,,0.39,1.5,81.49,11.577
CAR095,41.35,0,40.4,1194.0,40.5,1,0,City,117.0,0.12,1.77,61.74,5.547
CAR006,13.99,10,36.3,1919.0,39.3,1,2,City,187.9,0.19,3.4,109.89,13.2905
CAR197,17.85,20,79.2,2714.0,21.9,1,2,Rural,92.8,0.23,1.95,143.37,16.9575
CAR190,27.11,0,76.1,3635.0,31.6,1,2,,136.6,0.44,3.88,265.51,25.754499999999997
CAR166,2.73,10,46.1,2692.0,34.6,1,0,City,412.9,0.46,3.88,156.58,2.5934999999999997
CAR017,20.66,0,35.5,1983.0,35.8,1,1,City,413.8,0.24,2.39,80.4,8.547
CAR105,23.11,20,40.6,1366.0,17.8,1,2,Highway,279.9,0.62,1.25,48.23,7.063
CAR142,22.32,10,102.4,1634.0,23.5,0,2,City,174.5,0.39,4.36,459.52,21.204
CAR036,2.95,85,74.3,2377.0,27.4,0,0,Rural,435.8,0.64,2.63,192.94,2.8025
CAR133,13.73,20,55.6,1500.0,30.0,0,1,Highway,103.5,0.79,1.82,103.55,13.0435
CAR158,8.31,10,62.7,1366.0,31.7,1,2,City,213.0,0.32,3.87,233.66,7.8945
CAR084,32.33,20,55.3,2899.0,29.3,1,2,highway,298.7,0.29,1.84,92.31,14.78
CAR164,11.16,10,41.7,2928.0,43.4,1,1,Highway,441.1,0.76,0.25,9.28,1.41
CAR028,38.8,10,49.2,1659.0,30.6,1,1,City,132.1,0.85,2.81,126.36,16.832
CAR054,4.54,10,,1995.0,34.2,1,0,Rural,146.5,0.08,3.15,156.73,4.313
CAR082,40.35,20,70.1,1413.0,28.7,0,1,Highway,436.8,0.62,1.3,85.14,13.453
CAR092,32.82,20,26.5,2311.0,21.0,0,1,Rural,139.5,0.71,3.61,92.29,14.562
CAR195,10.72,20,37.5,1790.0,17.1,0,2,Rural,282.1,0.16,4.06,156.02,10.184
CAR116,29.62,0,40.4,1635.0,16.0,0,2,Highway,234.7,0.69,4.18,163.89,15.601
CAR067,18.85,0,41.7,1193.0,7.8,0,0,City,366.6,0.82,3.55,150.94,14.893
CAR008,24.94,85,46.4,1716.0,23.9,0,1,City,,0.14,3.15,131.65,23.693
CAR081,3.15,20,34.2,1183.0,47.3,0,0,City,83.5,0.08,1.35,44.28,2.9924999999999997
CAR029,15.13,10,17.2,2890.0,24.7,0,2,Rural,244.0,0.6,2.43,43.0,5.945
CAR135,30.08,20,72.7,2048.0,45.9,0,1,City,402.7,0.88,3.91,253.55,28.575999999999997
CAR145,26.03,20,71.7,2144.0,20.2,1,2,City,383.9,0.05,3.53,250.6,24.7285
CAR166,44.18,85,85.7,1556.0,31.5,1,1,City,184.9,0.54,1.66,144.87,41.971
CAR046,10.18,20,73.4,2798.0,33.2,1,0,Highway,380.4,0.86,0.46,30.06,4.86
CAR180,43.68,20,54.1,1935.0,39.3,0,1,City,116.0,0.89,1.31,73.12,12.637
CAR019,30.65,85,25.1,1614.0,38.4,1,1,Highway,,0.54,3.91,93.46,29.117499999999996
CAR071,5.96,20,56.6,2218.0,28.2,1,1,Rural,193.2,0.88,0.41,23.18,3.907
CAR028,23.52,10,87.4,2908.0,26.1,1,1,Highway,433.1,0.15,4.19,382.27,22.343999999999998
CAR042,36.22,0,43.5,2486.0,29.1,0,0,Highway,188.5,0.18,0.88,37.52,2.159
CAR101,25.51,20,36.8,2033.0,32.3,1,2,Rural,210.9,0.18,3.3,120.77,19.246
CAR127,24.07,0,38.1,2201.0,32.2,1,0,Highway,399.0,0.77,0.79,26.59,2.36
CAR059,29.58,10,89.3,1160.0,21.8,0,0,City,267.5,0.28,3.19,259.84,26.214
CAR179,40.64,20,24.8,1250.0,28.9,0,2,City,246.2,0.78,0.55,13.39,2.399
CAR137,35.74,20,48.7,,30.2,1,1,,278.4,0.43,0.97,48.82,8.448
CAR073,21.96,20,49.0,1617.0,29.2,1,1,City,430.2,0.64,4.12,179.95,20.862
CAR102,22.17,0,44.7,2990.0,27.9,1,1,City,387.4,0.48,2.79,126.35,14.274
CAR140,33.12,0,76.1,1512.0,36.4,0,0,Rural,282.5,0.08,3.09,236.62,13.808
CAR142,7.38,0,41.4,1965.0,28.0,1,0,City,,0.58,1.92,70.71,7.010999999999999
CAR056,34.95,10,77.3,2637.0,25.5,1,1,City,94.3,0.18,4.22,331.56,33.2025
CAR035,13.04,20,50.2,2989.0,31.9,1,2,Rural,373.1,0.41,1.04,49.63,8.337
CAR003,24.62,10,69.6,2913.0,40.3,1,0,,310.5,0.67,1.32,91.7,13.181
CAR092,7.95,20,53.6,1860.0,31.6,0,1,City,267.5,0.85,1.33,73.58,7.5525
CAR045,23.08,10,29.0,2464.0,27.5,1,2,City,191.9,0.75,1.75,47.99,7.372
CAR126,9.42,85,52.9,1595.0,16.8,1,1,Rural,154.1,0.68,0.86,40.44,8.949
CAR177,31.26,0,52.9,2215.0,22.8,0,2,Rural,88.2,0.4,3.3,166.52,14.85
CAR128,14.11,20,43.9,2048.0,22.8,1,0,Highway,166.2,0.66,3.53,154.36,13.404499999999999
CAR194,27.88,10,80.7,2578.0,32.5,0,0,Highway,369.0,0.81,2.75,199.43,20.372
CAR156,6.94,0,36.6,2114.0,,1,0,Highway,368.8,0.43,4.11,140.35,6.593
CAR136,5.14,20,41.4,2469.0,40.5,1,1,Highway,97.4,0.79,4.33,176.89,4.882999999999999
CAR070,23.33,20,62.1,2498.0,19.3,0,0,Rural,249.8,0.43,1.22,71.94,9.538
CAR098,36.92,10,60.4,2106.0,30.5,0,0,Rural,338.5,0.67,3.03,187.04,22.194
CAR032,13.97,20,45.4,,26.7,0,2,Rural,212.0,0.81,3.88,162.89,13.2715
CAR076,9.66,0,58.2,,25.0,1,2,Highway,154.8,0.66,0.95,49.76,4.716
CAR166,41.69,20,54.7,2113.0,33.8,1,1,City,114.1,0.16,1.89,102.99,16.63
CAR011,22.04,20,78.7,700.0,40.9,0,2,City,426.3,0.38,1.94,133.4,20.938
CAR188,44.84,10,53.6,1683.0,30.1,0,2,City,371.8,0.31,1.22,67.57,9.483
CAR080,33.77,10,48.4,2418.0,30.7,0,1,Rural,368.7,0.09,2.42,107.15,12.425
CAR057,18.5,20,62.2,2893.0,23.0,1,0,City,447.1,0.39,1.04,58.75,9.867
CAR081,29.25,20,58.7,2712.0,31.4,1,1,Highway,258.9,0.5,4.31,248.9,27.787499999999998
CAR174,10.63,0,24.5,1986.0,34.5,1,1,Highway,236.7,0.25,2.42,51.97,4.684
CAR098,3.94,10,87.6,2654.0,25.0,1,0,Highway,419.6,0.67,2.91,222.6,3.743
CAR149,44.56,10,78.6,1984.0,22.8,0,1,City,366.6,0.21,2.49,179.28,23.324
CAR071,13.67,10,54.4,1999.0,36.0,1,2,City,369.2,0.53,0.63,29.59,4.765
CAR131,38.49,20,28.6,2808.0,29.6,0,1,City,160.6,0.07,0.67,19.4,2.979
CAR023,33.82,0,44.9,,20.1,1,2,rural,123.4,0.51,4.46,174.14,17.984
CAR157,40.01,85,44.9,2047.0,36.0,1,0,City,398.0,0.29,2.48,103.42,34.867
CAR127,40.21,20,74.7,2421.0,30.6,1,1,Rural,102.1,0.81,2.89,193.77,30.143
CAR195,19.43,10,85.9,1959.0,14.3,1,1,Highway,106.8,0.25,4.36,357.74,18.458499999999997
CAR191,44.58,20,41.5,811.0,,1,0,city,373.7,0.32,0.34,12.37,1.755
CAR065,3.72,10,43.3,2444.0,9.2,0,2,City,109.1,0.66,4.37,182.78,3.534
CAR077,26.71,85,11.9,2187.0,18.5,0,2,City,205.9,0.59,1.29,15.44,5.479
CAR158,31.85,85,67.2,2556.0,25.5,1,0,Highway,98.0,0.16,3.34,235.21,30.2575
CAR001,22.96,20,39.7,2724.0,27.2,0,2,Highway,184.4,0.31,3.33,130.62,19.973
CAR054,19.91,20,26.5,2622.0,31.5,1,2,City,329.2,0.13,2.05,56.95,9.753
CAR177,41.71,20,23.6,2218.0,35.3,1,2,,181.9,0.38,0.35,7.28,1.268
CAR101,43.45,20,95.5,1166.0,22.8,1,1,Highway,420.5,0.77,3.14,305.47,41.2775
CAR175,13.39,20,44.6,1801.0,40.5,0,2,City,441.8,0.63,2.89,116.03,12.7205
CAR110,41.68,10,55.8,1884.0,24.1,0,2,City,235.8,0.11,2.6,125.72,16.699
CAR110,22.01,20,55.8,2215.0,34.3,0,0,City,272.1,0.76,2.88,155.94,20.9095
CAR110,19.26,20,30.4,1377.0,35.9,0,0,Highway,350.3,0.39,1.43,43.08,4.995
CAR051,16.03,20,15.9,2073.0,19.6,1,0,City,75.1,0.75,1.12,16.36,2.661
CAR055,27.3,10,22.8,,17.0,0,0,Highway,270.2,0.7,1.56,31.26,3.43
CAR122,7.01,20,44.6,1290.0,34.2,0,2,City,,0.48,3.89,150.58,6.6594999999999995
CAR098,6.58,20,,11400.610417236605,25.5,0,1,City,119.2,0.2,4.39,364.2,6.2509999999999994
CAR147,32.92,0,46.3,2891.0,22.4,0,0,City,368.5,0.25,2.16,94.54,8.111
CAR093,41.65,10,83.8,2167.0,42.4,1,2,City,142.2,0.82,1.63,126.75,21.486
CAR198,19.08,20,76.3,1834.0,25.8,1,0,Highway,288.2,0.32,3.39,267.53,18.125999999999998
CAR160,14.01,10,33.2,2101.0,24.2,1,1,Rural,148.5,0.09,0.83,23.73,2.804
CAR195,33.16,20,46.9,2149.0,32.2,0,1,Rural,295.1,0.51,3.25,154.76,24.324
CAR038,13.37,20,43.2,2409.0,30.2,1,1,Rural,325.6,0.31,3.24,142.33,12.7015
CAR177,37.08,20,41.5,3128.0,33.6,1,2,Highway,393.2,0.36,4.49,160.3,25.629
CAR061,4.76,20,85.4,1565.0,29.5,1,2,Highway,357.7,0.63,1.02,78.52,4.521999999999999
CAR055,7.3,20,32.7,2466.0,32.3,1,2,Rural,345.0,0.5,1.8,59.9,6.935
CAR093,19.97,10,53.0,1731.0,30.7,1,1,City,363.7,0.43,2.48,125.36,17.282
CAR008,25.55,20,52.5,1272.0,29.6,0,0,Highway,150.5,0.13,1.2,60.4,6.936
CAR186,17.66,10,46.2,2608.0,27.9,1,0,Highway,194.2,0.64,0.57,22.8,2.456
CAR171,11.24,10,39.3,1658.0,34.5,1,0,City,83.9,0.34,1.67,67.18,7.692
CAR020,22.45,20,48.2,2402.0,48.0,0,0,City,255.5,0.32,1.25,58.44,9.172
CAR022,44.99,85,59.3,1789.0,,0,0,Rural,347.3,0.36,1.57,83.57,28.011
CAR010,26.07,20,77.4,2244.0,29.2,1,0,Highway,127.3,0.3,3.41,227.03,24.7665
CAR054,27.63,0,43.9,1201.0,26.4,1,0,Highway,420.2,0.5,0.79,32.98,2.767
CAR042,12.5,20,58.0,2785.0,30.1,1,0,City,360.8,0.54,1.91,110.45,11.875
CAR016,2.38,20,48.1,1741.0,26.3,0,0,City,431.7,0.56,2.85,121.68,2.2609999999999997
CAR039,44.42,85,48.1,2024.0,28.1,1,1,City,430.3,0.41,0.59,27.51,9.702
CAR134,24.15,20,57.6,3553.0,20.4,0,0,City,417.6,0.32,3.35,196.2,22.9425
CAR185,16.33,20,8.1,1612.0,28.8,1,0,Rural,238.5,0.53,3.72,31.21,4.243
CAR188,32.72,10,56.7,2813.0,29.3,0,2,City,377.8,0.27,3.92,218.61,31.083999999999996
CAR121,4.94,20,66.4,1995.0,41.4,0,0,City,190.8,0.68,0.72,47.03,4.6930000000000005
CAR015,12.54,10,31.1,2549.0,27.8,1,2,Highway,414.7,0.57,0.63,17.02,2.316
CAR043,37.17,85,66.3,2494.0,32.1,0,0,Rural,85.1,0.44,2.71,181.24,35.3115
CAR078,21.03,20,18.1,9189.92152288971,20.0,0,2,City,165.5,0.36,0.66,11.23,1.861
CAR094,30.8,10,64.0,2782.0,25.9,0,2,City,116.6,0.47,0.52,31.34,4.497
CAR067,36.79,85,100.6,1803.0,24.6,0,0,City,445.4,0.14,3.09,311.19,34.9505
CAR130,24.48,10,26.4,2938.0,19.3,1,2,Rural,101.8,0.31,1.54,40.99,5.866
CAR155,18.37,10,76.0,2208.0,42.6,1,0,Rural,297.8,0.18,2.39,165.26,17.4515
CAR147,3.39,10,29.7,1815.0,28.0,0,1,Rural,393.5,0.63,0.88,26.46,3.2205
CAR135,14.41,20,44.2,1845.0,35.6,1,0,Rural,340.0,0.82,0.83,37.57,5.807
CAR138,13.05,20,42.1,2376.0,25.8,0,2,,409.8,0.78,1.95,74.06,12.3975
CAR022,40.05,0,19.1,1145.0,24.4,0,1,Rural,273.2,0.83,1.44,27.38,2.7
CAR019,7.74,10,57.7,1991.0,29.1,1,0,Highway,244.0,0.59,3.33,182.24,7.353
CAR064,17.54,10,12.2,1501.0,40.9,1,1,City,420.6,0.26,0.37,3.99,0.57
CAR145,13.83,85,67.6,1777.0,48.0,0,2,City,215.9,0.73,3.67,216.57,13.138499999999999
CAR183,4.17,20,49.5,2732.0,18.0,1,1,Highway,,0.19,1.34,62.69,3.9614999999999996
CAR028,34.54,20,82.5,2567.0,28.7,0,2,Highway,387.2,0.77,3.47,269.94,32.812999999999995
CAR168,12.84,10,59.6,,24.2,0,0,City,306.0,0.19,3.45,196.32,12.197999999999999
CAR192,21.74,20,38.1,2147.0,35.4,1,2,Highway,133.9,0.37,0.39,14.51,2.343
CAR030,24.2,10,35.5,2780.0,27.4,0,1,Highway,264.5,0.66,1.56,53.92,6.107
CAR057,18.5,20,62.2,2893.0,23.0,1,0,City,447.1,0.39,1.04,58.75,9.867
CAR005,29.11,85,97.6,2276.0,27.8,1,0,Highway,421.0,0.26,1.24,106.82,27.6545
CAR187,42.24,85,,2997.0,11.7,1,1,City,402.6,0.52,4.08,300.65,40.128
CAR177,18.64,20,54.8,1706.0,19.4,1,0,Rural,249.3,0.44,3.27,155.27,17.708
CAR155,43.82,0,59.2,2257.0,23.4,0,2,,421.1,0.5,3.35,203.04,23.628
CAR187,40.67,20,28.5,2382.0,19.9,0,0,City,164.1,0.11,4.29,116.94,15.523
CAR087,27.58,85,50.3,910.0,30.6,1,1,City,,0.1,3.83,188.03,26.200999999999997
CAR037,38.79,10,62.4,2013.0,23.5,0,2,Highway,118.5,0.57,4.04,219.98,25.955
CAR006,24.23,20,81.1,1887.0,32.4,1,0,City,102.8,0.87,0.56,39.9,6.579
CAR066,21.6,10,39.1,1528.0,37.4,0,2,City,436.7,0.35,2.51,87.2,11.931
CAR184,4.45,20,19.3,2368.0,32.1,0,0,City,234.8,0.24,2.32,38.56,4.2275
CAR137,13.57,10,96.9,2148.0,28.6,1,0,Highway,411.7,0.49,1.52,125.81,12.891499999999999
CAR160,41.95,20,39.0,2495.0,33.0,0,2,Rural,247.9,0.09,1.82,71.18,11.061
CAR070,40.65,10,49.1,3157.0,23.6,1,0,,205.5,0.81,1.24,62.86,8.915
CAR013,3.19,10,17.4,2989.0,21.2,1,0,Rural,142.3,0.79,4.14,62.98,3.0305
CAR179,18.92,20,5.0,2844.0,30.8,0,0,City,138.9,0.28,4.22,22.07,3.233
CAR034,15.28,0,40.0,1751.0,34.1,0,1,City,306.3,0.18,1.91,70.71,6.548
CAR177,10.96,85,14.7,1878.0,39.1,1,0,City,359.8,0.63,3.33,50.12,10.412
CAR183,29.2,85,56.2,1690.0,26.4,0,1,City,180.4,0.38,2.42,129.03,27.74
CAR023,44.32,20,61.7,1660.0,24.3,1,1,Highway,86.2,0.43,1.66,89.75,12.642
CAR020,10.63,20,41.8,3407.0,33.4,0,1,City,218.0,0.43,0.26,10.11,1.567
CAR169,37.72,20,37.5,1557.0,39.4,0,0,City,,0.28,3.29,106.69,15.524
CAR198,14.54,20,58.0,2005.0,30.6,0,2,City,144.1,0.63,1.2,66.62,11.307
CAR082,4.14,20,52.8,2370.0,22.1,1,2,,362.3,0.79,4.37,214.58,3.9329999999999994
CAR088,23.42,20,40.9,4119.0,32.5,0,2,City,310.2,0.43,1.5,63.31,11.853
CAR168,17.08,10,54.3,700.0,30.2,1,0,City,106.2,0.19,0.31,15.75,1.463
CAR150,36.44,0,62.7,1574.0,34.7,1,2,,163.4,0.82,0.45,24.99,2.611
CAR072,37.29,85,74.1,2632.0,14.0,0,1,Highway,182.7,0.69,3.86,263.85,35.4255
CAR108,23.62,85,55.6,2165.0,29.4,1,2,Highway,206.4,0.52,1.26,61.49,20.923
CAR200,29.55,85,,3406.0,43.4,1,1,Highway,309.8,0.12,4.1,384.76,28.072499999999998
CAR112,40.18,10,50.8,1484.0,16.1,1,0,Highway,416.0,0.29,0.92,49.02,4.377
CAR160,19.8,20,57.9,2393.0,20.0,0,1,Highway,414.1,0.56,1.59,92.97,13.384
CAR149,34.09,10,37.7,3092.0,24.5,1,2,Highway,276.2,0.44,1.06,40.47,5.488
CAR153,21.22,20,54.1,1969.0,36.3,1,0,City,87.2,0.59,4.49,209.05,20.159
CAR174,7.9,85,46.1,1813.0,34.5,0,1,Highway,376.1,0.78,2.93,139.8,7.505
CAR199,32.53,10,36.0,2951.0,30.8,0,1,Rural,,0.63,2.52,84.13,10.867
CAR063,28.95,20,16.1,1908.0,36.0,0,2,City,121.1,0.75,0.98,16.29,2.962
CAR049,23.81,10,,1677.0,35.7,0,2,City,402.4,0.81,4.19,127.15,18.797
CAR194,35.78,85,47.4,1387.0,31.3,1,1,City,79.3,0.28,3.51,166.75,33.991
CAR154,3.2,0,58.0,2716.0,23.3,0,2,City,343.8,0.77,3.59,199.99,3.04
CAR173,23.02,10,26.7,2283.0,22.8,0,1,City,133.2,0.09,0.83,21.69,2.538
CAR155,12.58,20,61.9,2254.0,21.9,0,0,Highway,388.0,0.54,0.64,33.71,4.736
CAR032,4.55,10,43.2,1515.0,24.9,1,1,City,441.4,0.87,4.04,156.4,4.3225
CAR086,39.06,85,35.5,1766.0,25.7,0,0,City,185.7,0.1,1.94,63.04,19.432
CAR150,4.63,20,31.0,3159.0,20.6,0,0,City,110.2,0.57,0.41,13.21,2.096
CAR109,20.81,10,45.6,2313.0,30.2,1,2,City,338.3,0.54,3.42,153.08,19.769499999999997
CAR191,34.18,20,58.0,1534.0,42.0,1,2,City,161.4,0.27,0.99,52.23,9.241
CAR155,17.2,85,54.0,2120.0,26.1,0,2,Rural,,0.81,3.95,217.37,16.34
CAR039,3.87,0,83.2,2361.0,43.0,0,1,Rural,224.7,0.37,2.98,227.33,3.6765
CAR109,9.69,20,20.5,2592.0,26.4,0,0,City,191.5,0.1,4.05,70.83,9.205
CAR051,25.14,20,48.6,1412.0,27.3,1,0,City,130.2,0.15,1.89,84.16,11.419
CAR187,12.69,85,83.6,1540.0,17.7,1,0,City,301.1,0.56,4.12,349.76,12.055499999999999
CAR141,32.32,0,59.0,1638.0,30.0,0,1,,121.9,0.11,1.14,68.45,4.819
CAR035,35.96,20,5.0,2031.0,28.3,0,1,City,,0.38,0.37,1.71,0.267
CAR188,21.86,85,68.3,2084.0,23.9,0,2,Rural,216.0,0.37,1.09,66.78,20.767
CAR200,16.81,20,22.2,1712.0,38.7,0,2,,379.5,0.32,2.89,66.44,10.22
CAR151,28.64,0,17.7,2801.0,22.7,1,2,City,348.9,0.85,4.01,66.22,8.919
CAR172,33.0,20,64.1,1905.0,21.5,0,2,City,410.1,0.44,2.06,119.85,20.544
CAR074,9.62,20,69.2,2476.0,46.0,0,2,Rural,178.7,0.33,3.55,248.18,9.139
CAR010,13.4,20,31.5,2240.0,28.5,1,1,Rural,364.0,0.28,0.42,11.96,1.806
CAR193,14.44,20,5.9,1701.0,41.0,0,1,,415.3,0.84,2.31,13.84,2.427
CAR135,11.58,10,55.9,2599.0,26.8,0,0,Highway,166.9,0.41,0.3,16.48,1.598
CAR039,32.71,20,57.4,2944.0,28.7,1,1,Highway,350.8,0.56,0.88,51.83,8.51
CAR057,43.73,10,35.7,,40.9,1,0,Highway,332.5,0.7,2.54,82.3,10.132
CAR058,18.2,20,67.2,2286.0,24.6,1,0,City,392.3,0.05,2.36,158.72,17.29
CAR086,20.19,20,39.6,1532.0,38.4,1,1,City,127.3,0.18,4.45,159.64,19.1805
CAR115,8.56,10,41.9,3337.0,35.0,1,2,Highway,340.3,0.59,0.92,36.62,5.221
CAR032,19.41,0,57.9,2779.0,24.7,0,0,Highway,284.7,0.34,1.49,88.02,5.292
CAR035,35.15,20,37.5,2286.0,12.5,0,2,City,255.5,0.65,3.38,130.24,22.357
CAR118,42.36,20,49.8,2824.0,23.0,1,1,Highway,429.8,0.4,0.55,28.39,4.544
CAR021,44.37,10,25.0,3118.0,18.9,0,0,,173.8,0.81,1.57,39.89,5.197
CAR065,33.78,20,62.5,2284.0,22.8,0,1,Highway,,0.26,0.7,39.62,5.477
CAR009,34.02,10,82.6,1344.0,18.0,0,1,Rural,107.2,0.45,3.8,292.7,32.319
CAR146,13.16,85,25.8,2346.0,12.2,0,2,City,319.7,0.56,3.93,96.34,12.501999999999999
CAR109,3.4,85,43.8,2124.0,26.5,0,2,City,106.1,0.08,2.16,94.81,3.23
CAR002,18.68,0,86.1,2207.0,37.1,0,2,Highway,207.1,0.46,1.81,161.51,14.63
CAR115,31.24,10,,2277.0,30.9,0,2,City,87.1,0.65,2.91,276.84,29.677999999999997
CAR107,16.19,20,5.9,2118.0,22.6,0,1,Highway,363.3,0.72,1.08,5.63,0.87
CAR138,20.74,20,52.4,1806.0,22.4,1,1,Highway,366.3,0.37,1.08,55.73,8.585
CAR015,13.53,20,75.8,2317.0,23.1,0,1,Highway,73.7,0.34,0.61,45.68,6.0
CAR014,31.17,10,59.5,1905.0,20.0,1,1,,,0.19,4.24,228.41,29.212
CAR027,32.1,0,50.5,3251.0,16.8,1,2,City,148.1,0.12,0.73,33.26,3.556
CAR190,37.93,10,62.4,1206.0,33.9,0,2,City,205.1,0.56,0.44,24.48,3.64
CAR028,2.04,20,54.4,2809.0,32.2,1,0,Highway,200.9,0.62,3.07,167.14,1.938
CAR063,25.94,0,42.7,,33.4,1,0,City,231.3,0.76,0.87,38.26,4.041
CAR198,20.38,20,64.9,3064.0,21.9,0,1,,373.1,0.53,1.03,69.04,10.362
CAR139,30.98,10,76.9,3250.0,15.1,0,2,Rural,96.3,0.07,1.64,125.72,14.851
CAR170,18.93,10,50.5,2277.0,21.4,0,1,Highway,399.3,0.82,0.72,33.57,4.288
CAR138,8.0,0,84.2,840.0,11.0,0,1,City,154.1,0.05,1.88,160.16,7.6
CAR069,37.07,0,27.2,2139.0,30.8,0,0,Rural,367.7,0.38,1.46,37.33,2.608
CAR175,30.87,20,54.6,3084.0,30.9,1,0,City,372.5,0.24,4.47,249.0,29.3265
CAR178,16.23,20,55.6,1973.0,26.5,1,1,City,116.8,0.45,2.57,134.4,15.4185
CAR123,11.38,20,52.5,2605.0,27.6,1,0,City,189.3,0.37,2.83,144.84,10.811
CAR031,4.63,20,37.4,2262.0,40.7,0,2,Highway,309.9,0.29,4.31,151.78,4.398499999999999
CAR114,11.24,20,44.9,2307.0,12.7,0,2,City,71.8,0.27,3.97,160.96,10.677999999999999
CAR009,35.74,20,48.8,10387.045472897054,25.7,0,0,City,298.0,0.34,3.13,131.26,19.117
CAR159,14.9,10,73.1,1982.0,32.7,0,2,Highway,130.3,0.87,2.89,181.05,14.155
CAR181,29.09,10,52.9,731.0,23.4,1,0,City,296.7,0.52,0.79,43.44,5.466
CAR062,43.27,10,29.8,2566.0,15.7,1,2,City,188.8,0.59,0.41,12.17,1.98
CAR004,2.2,20,63.8,2081.0,20.4,1,1,Rural,210.7,0.34,0.8,50.31,2.09
CAR064,17.52,20,34.3,2751.0,29.8,0,0,Rural,440.4,0.53,1.19,35.63,5.234
CAR147,29.98,85,5.0,3023.0,25.2,0,0,City,184.7,0.9,3.29,14.96,5.131
CAR193,28.08,20,26.4,3286.0,20.6,1,0,City,213.2,0.2,0.87,22.74,3.644
CAR013,9.04,20,5.1,1621.0,41.7,0,2,Highway,106.9,0.76,2.42,12.45,2.089
CAR096,18.16,0,54.3,1724.0,34.9,1,1,Highway,299.9,0.89,0.4,21.89,2.156
CAR116,30.93,20,41.6,1873.0,34.0,1,2,Rural,150.7,0.63,3.35,119.02,20.373
CAR047,7.88,0,73.1,2194.0,27.8,1,0,Rural,183.6,0.85,4.09,307.21,7.486
CAR122,21.73,10,39.2,1703.0,27.2,0,2,,366.3,0.43,2.34,83.59,9.675
CAR096,23.34,20,47.6,1311.0,27.7,0,2,City,275.5,0.29,2.69,120.28,19.5
CAR092,15.37,20,8.0,1191.0,18.0,1,0,City,176.8,0.07,2.73,19.28,2.575
CAR087,25.06,10,21.1,2546.0,27.6,0,1,City,218.7,0.58,3.12,68.6,8.956
CAR191,30.6,85,46.8,2495.0,14.1,1,0,Highway,320.9,0.78,2.29,110.78,29.07
CAR001,7.87,10,62.8,1642.0,10.0,0,0,City,218.5,0.88,1.29,75.07,7.4765
CAR125,4.25,10,57.3,2633.0,23.6,0,2,Highway,251.4,0.54,4.09,225.45,4.0375
CAR051,43.26,10,89.4,2533.0,21.8,1,2,Highway,89.2,0.77,4.02,369.99,41.096999999999994
CAR145,24.97,20,56.7,2811.0,26.4,0,0,Highway,113.8,0.77,0.66,33.18,4.959
CAR065,40.73,10,19.2,3884.0,32.2,1,1,Highway,274.1,0.18,3.25,56.68,6.276
CAR024,37.56,20,33.1,2981.0,23.5,0,1,Highway,199.0,0.57,3.95,126.01,18.269
CAR069,20.64,20,23.8,2617.0,24.3,0,2,Rural,73.5,0.39,0.81,19.13,2.896
CAR048,23.17,10,5.2,1867.0,32.4,1,1,City,,0.2,1.57,7.74,0.937
CAR044,4.38,20,81.2,8327.992278884423,39.2,1,0,City,384.7,0.86,3.66,290.24,4.161
CAR140,9.54,20,30.9,1483.0,,0,1,Rural,400.0,0.73,3.7,118.39,9.062999999999999
CAR040,3.63,20,31.0,2789.0,48.0,1,2,City,137.5,0.82,2.67,77.85,3.4484999999999997
CAR104,21.71,20,70.4,2163.0,24.9,0,2,Highway,386.7,0.69,3.53,232.67,20.6245
CAR002,44.24,20,7.0,1686.0,8.3,0,2,,262.4,0.27,2.48,17.15,2.87
CAR025,38.05,10,37.7,2722.0,27.3,1,2,City,195.7,0.24,3.33,113.41,16.395
CAR102,18.59,20,47.2,3227.0,32.6,0,0,,299.0,0.82,1.25,58.92,9.594
CAR136,6.15,0,60.3,2750.0,21.7,1,2,,277.6,0.15,3.95,248.27,5.8425
CAR106,39.0,10,,2617.0,11.8,1,1,City,312.3,0.45,3.77,114.87,15.882
CAR079,44.24,0,28.1,2490.0,33.2,0,1,Highway,128.0,0.89,1.68,47.53,3.631
CAR070,12.45,10,81.9,,33.9,1,1,City,163.1,0.14,3.47,248.33,11.827499999999999
CAR030,5.46,10,,2540.0,25.7,1,2,Highway,200.9,0.45,4.26,187.67,5.186999999999999
CAR175,27.49,10,78.5,1363.0,33.9,1,0,,429.4,0.78,2.06,141.17,16.52
CAR103,27.59,20,46.1,2248.0,20.7,0,0,Highway,142.5,0.75,0.34,15.52,2.036
CAR075,15.57,0,35.6,2201.0,38.8,1,2,City,349.6,0.47,1.69,51.41,7.235
CAR178,8.89,20,50.5,958.0,23.0,1,1,Highway,216.6,0.35,3.36,157.97,8.445500000000001
CAR075,36.37,20,33.2,2801.0,,0,1,Rural,307.3,0.2,3.02,91.77,13.8
CAR128,34.99,20,48.1,2663.0,20.9,0,2,City,417.7,0.21,4.01,172.72,30.36
CAR154,8.69,10,100.8,2523.0,29.5,1,1,City,301.7,0.1,2.7,276.23,8.2555
CAR013,29.68,20,34.0,2311.0,36.7,1,0,City,103.3,0.18,4.18,121.53,18.385
CAR160,9.64,0,31.4,2572.0,27.3,0,2,City,254.6,0.26,1.12,30.61,3.136
CAR027,13.63,10,48.4,2021.0,31.2,1,0,Rural,374.7,0.28,3.66,165.74,12.948500000000001
CAR043,7.34,20,35.2,2029.0,21.4,1,2,City,98.1,0.09,4.19,148.36,6.973
CAR180,36.27,20,27.1,2179.0,45.2,1,0,Rural,289.3,0.67,1.7,43.9,7.431
CAR100,36.02,20,39.7,2708.0,30.6,1,2,City,310.2,0.58,0.99,40.43,7.925
CAR167,7.61,0,14.0,1763.0,17.5,0,2,City,272.2,0.58,1.83,25.08,2.578
CAR114,7.41,0,83.4,2555.0,26.2,0,2,City,186.9,0.32,1.15,81.93,7.039499999999999
CAR048,28.52,10,49.8,1926.0,36.9,0,1,City,311.8,0.19,0.81,39.8,4.912
CAR076,37.33,20,32.2,3225.0,24.5,1,1,Highway,116.2,0.09,1.19,37.31,5.158
CAR146,21.23,20,55.4,1914.0,32.7,0,1,Highway,339.6,0.72,1.22,69.95,10.853
CAR161,42.88,10,48.9,1459.0,31.1,1,1,Rural,431.4,0.46,3.71,154.5,20.453
CAR013,15.57,20,54.6,2546.0,28.8,0,2,City,,0.74,1.37,67.62,12.203
CAR075,25.11,20,,3079.0,21.6,0,1,Highway,372.5,0.45,4.22,174.49,23.854499999999998
CAR030,34.63,20,59.1,,23.7,0,1,City,183.2,0.34,3.16,189.89,30.125
CAR178,22.58,20,52.5,2128.0,26.1,1,1,rural,202.0,0.3,2.21,114.16,16.335
CAR164,15.01,85,34.2,2908.0,22.7,0,2,,431.8,0.68,1.16,33.81,11.255
CAR091,33.02,10,53.6,1315.0,19.9,0,1,City,433.5,0.68,0.21,9.67,1.311
CAR062,6.44,10,65.5,2758.0,38.4,1,1,,427.7,0.46,1.57,101.83,6.118
CAR117,7.33,20,44.6,2517.0,,0,1,City,201.7,0.66,3.24,126.35,6.9635
CAR149,8.74,20,70.6,2660.0,41.0,0,1,Highway,219.9,0.3,1.53,95.0,8.302999999999999
CAR020,25.09,85,49.0,2263.0,40.6,0,1,City,124.5,0.41,0.38,18.83,6.607
CAR186,42.03,10,14.5,2766.0,17.5,0,0,City,,0.25,0.58,7.26,0.832
CAR013,4.83,20,63.3,3086.0,24.8,1,2,Highway,306.8,0.56,2.65,148.23,4.5885
CAR111,31.75,20,23.2,2597.0,25.3,1,0,City,202.2,0.86,4.06,83.69,14.405
CAR160,19.15,0,5.0,6005.571815870176,31.4,1,0,City,133.7,0.75,4.4,23.1,2.344
CAR082,11.18,20,63.8,,35.4,0,1,Rural,137.1,0.63,2.18,121.85,10.620999999999999
CAR113,41.27,20,52.2,1691.0,39.2,0,1,Highway,264.4,0.19,2.55,136.82,18.829
CAR171,3.25,10,61.9,1315.0,41.6,1,0,City,151.4,0.88,2.89,160.48,3.0875
CAR100,3.3,0,80.6,2481.0,25.6,1,1,City,117.3,0.45,3.91,274.07,3.135
CAR155,14.11,20,,2188.0,28.9,0,0,Highway,197.3,0.2,0.82,19.63,2.388
CAR194,34.57,85,62.4,1783.0,25.3,0,2,City,422.7,0.8,0.5,31.93,11.462
CAR100,43.04,10,39.2,2516.0,29.5,0,2,City,318.8,0.87,0.41,14.84,2.503
CAR154,21.44,10,51.4,3157.0,20.6,1,1,City,296.2,0.69,1.94,103.07,15.887
CAR067,8.79,20,37.4,2850.0,36.1,0,0,Rural,410.1,0.89,4.38,156.43,8.350499999999998
CAR002,17.7,0,55.7,1632.0,23.2,1,1,City,314.6,0.07,1.78,97.11,8.945
CAR048,26.06,10,65.7,2944.0,11.8,0,1,City,94.1,0.33,2.63,161.33,19.77
CAR128,7.1,20,41.6,1946.0,17.5,1,1,City,85.6,0.2,2.58,94.01,6.744999999999999
CAR095,41.11,20,35.6,1734.0,22.6,1,1,City,244.1,0.55,2.21,78.57,13.301
CAR192,12.58,10,96.8,981.0,30.9,1,2,,140.8,0.62,3.68,369.32,11.950999999999999
CAR159,12.18,85,91.2,2498.0,18.8,0,2,City,98.2,0.4,0.87,83.15,11.571
CAR033,39.83,20,21.9,2647.0,29.1,0,1,City,140.9,0.21,1.43,28.58,4.158
CAR099,30.15,0,65.1,1431.0,32.7,1,0,Highway,206.6,0.67,3.45,212.64,17.927
CAR075,15.57,0,35.6,2201.0,38.8,1,2,City,349.6,0.47,1.69,51.41,7.235
CAR021,2.77,10,47.1,1978.0,27.3,1,2,City,180.8,0.34,3.52,169.85,2.6315
CAR123,27.89,10,37.3,2916.0,39.1,0,1,City,173.0,0.73,3.74,125.18,18.739
CAR144,16.32,85,40.3,1998.0,24.3,0,1,City,264.2,0.73,0.21,7.61,2.598
CAR107,16.14,10,64.3,2720.0,12.7,0,2,City,227.8,0.22,0.87,50.01,6.597
CAR069,2.94,85,53.5,,25.6,0,1,City,80.5,0.89,1.7,86.88,2.7929999999999997
CAR179,44.95,20,38.4,2377.0,34.3,1,1,Highway,431.5,0.54,2.79,106.08,16.832
CAR163,38.24,0,56.6,9700.694408226176,32.4,0,2,Rural,146.9,0.08,0.73,40.52,3.385
CAR011,21.22,10,88.4,2036.0,29.8,1,2,Highway,89.7,0.71,2.65,206.64,20.159
CAR166,21.59,20,43.9,2019.0,19.8,0,1,City,429.0,0.53,1.68,66.92,10.566
CAR007,26.89,10,45.0,2278.0,45.2,1,0,City,142.9,0.7,1.08,45.09,6.629
CAR147,28.96,0,37.7,1803.0,18.0,1,2,City,272.3,0.21,4.18,157.17,19.257
CAR109,44.07,0,83.3,2208.0,20.2,0,0,Highway,425.0,0.87,2.9,206.44,17.151
CAR159,15.29,0,46.9,2896.0,31.8,0,0,Highway,147.4,0.58,3.93,191.03,13.391
CAR195,37.5,0,33.4,,26.0,0,0,City,121.0,0.81,4.06,139.66,11.332
CAR041,42.94,20,40.0,2612.0,17.7,0,0,City,422.4,0.64,1.66,61.79,9.373
CAR114,14.0,85,45.2,2115.0,29.5,1,0,City,336.8,0.81,3.02,126.37,13.299999999999999
CAR172,21.31,20,41.0,2153.0,26.0,1,0,City,114.5,0.26,0.25,9.95,1.444
CAR105,44.5,10,6.1,1446.0,26.8,0,1,Highway,444.2,0.86,1.72,10.63,1.321
CAR193,6.49,10,38.5,2197.0,22.5,1,2,City,416.3,0.27,1.7,67.42,6.1655
CAR149,26.4,20,38.8,1414.0,19.6,1,0,City,188.3,0.89,3.0,105.95,17.535
CAR128,8.92,10,64.2,2617.0,19.4,0,0,City,110.6,0.49,4.05,259.04,8.474
CAR088,9.84,20,44.8,2127.0,24.9,1,1,City,365.9,0.85,4.22,171.53,9.347999999999999
CAR158,2.81,20,67.1,2277.0,31.0,1,2,City,337.1,0.81,1.23,75.1,2.6694999999999998
CAR056,36.14,10,85.7,2148.0,30.7,1,2,Highway,116.5,0.55,1.42,110.82,14.09
CAR057,19.41,20,75.2,3321.0,35.4,1,1,City,136.8,0.75,1.16,78.11,14.426
CAR038,12.22,20,63.0,2666.0,19.2,1,2,City,221.9,0.6,3.52,202.43,11.609
CAR078,10.18,85,54.3,2101.0,24.2,1,2,City,156.7,0.63,3.66,174.81,9.671
CAR154,36.17,85,33.1,1552.0,23.8,1,2,City,325.4,0.2,0.23,7.46,2.6
CAR053,7.0,0,60.2,2702.0,40.1,1,2,,239.8,0.79,3.16,182.59,6.6499999999999995
CAR146,24.4,0,78.2,1970.0,22.1,1,0,Highway,395.0,0.09,2.53,182.83,11.335
CAR108,19.0,20,44.5,2253.0,,1,1,City,441.2,0.8,1.96,76.57,14.773
CAR144,40.51,85,66.3,2574.0,35.4,1,1,City,268.9,0.28,4.46,298.66,38.4845
CAR025,5.94,20,32.8,3387.0,31.2,1,2,City,309.6,0.87,3.9,110.02,5.643
CAR111,39.93,10,58.7,1914.0,34.5,1,2,Rural,177.6,0.5,3.4,177.29,23.825
CAR012,22.69,20,49.2,1445.0,30.0,1,2,,187.8,0.32,3.93,168.19,21.5555
CAR043,33.33,10,59.9,1250.0,26.7,1,0,City,342.7,0.8,1.67,88.73,11.932
CAR029,32.13,85,79.4,1796.0,34.2,1,1,Rural,350.6,0.17,3.23,259.24,30.523500000000002
CAR172,34.77,10,36.3,2624.0,8.7,0,2,City,143.2,0.73,0.45,14.05,2.065
CAR153,32.92,20,66.0,2201.0,29.6,0,0,Highway,253.6,0.27,2.8,158.69,19.764
CAR087,26.2,20,90.2,3299.0,31.0,0,0,City,278.6,0.58,4.33,358.16,24.889999999999997
CAR070,29.59,20,63.5,2114.0,30.6,1,2,City,434.7,0.63,0.81,43.88,7.815
CAR185,28.23,20,47.3,3302.0,,1,1,City,87.2,0.1,0.71,32.52,5.518
CAR141,26.35,10,45.7,3333.0,25.3,1,1,City,119.4,0.5,3.31,152.68,20.788
CAR125,27.19,10,71.8,,38.2,0,2,City,376.0,0.62,1.31,92.53,13.547
CAR091,3.29,20,31.1,1367.0,,1,0,City,338.7,0.78,1.69,54.44,3.1254999999999997
CAR162,42.8,10,77.3,2460.0,27.2,1,2,City,255.9,0.78,3.4,252.21,40.66
CAR168,39.97,10,39.2,2831.0,28.4,1,2,City,282.7,0.6,2.23,87.7,13.892
CAR082,30.54,10,70.1,2103.0,27.6,1,0,City,413.0,0.84,2.89,212.55,29.012999999999998
CAR134,23.64,10,54.2,1379.0,36.0,0,2,City,193.0,0.49,3.6,167.97,22.458
CAR177,11.49,10,42.9,839.0,37.9,0,1,City,201.8,0.89,3.42,149.21,10.9155
CAR178,15.42,20,71.1,3219.0,25.7,0,2,City,394.7,0.3,0.89,61.43,10.922
CAR175,2.09,10,49.9,3533.0,21.0,0,0,Rural,360.5,0.23,1.41,70.14,1.9854999999999998
CAR001,15.11,20,13.4,1883.0,41.4,1,2,City,92.2,0.73,2.64,34.91,6.618
CAR025,24.5,10,36.5,1674.0,27.8,0,0,City,129.2,0.83,2.59,81.05,9.817
CAR058,30.75,20,30.7,2178.0,25.6,0,0,Highway,317.7,0.73,2.46,66.29,8.438
CAR047,9.31,20,48.9,2725.0,28.8,1,2,Rural,231.5,0.75,2.75,129.42,8.8445
CAR123,43.22,20,91.5,1707.0,39.4,0,1,Highway,312.0,0.87,2.76,243.74,36.775
CAR200,33.08,10,34.9,2091.0,31.3,1,2,Highway,294.1,0.49,2.65,88.43,10.837
CAR028,20.4,0,68.2,810.0,22.3,1,1,City,360.1,0.37,3.79,269.98,19.38
CAR059,18.41,10,73.0,2078.0,16.0,0,0,Highway,316.7,0.56,1.98,126.21,13.253
CAR089,13.71,0,94.5,1209.0,33.4,1,0,Rural,292.5,0.17,3.01,248.8,13.0245
CAR167,23.56,20,,1811.0,16.1,0,1,City,296.5,0.09,2.46,85.12,12.495
CAR164,28.43,20,40.7,2336.0,28.0,0,2,Highway,120.6,0.27,3.71,137.38,19.446
CAR044,39.57,20,,2633.0,27.8,0,0,Rural,223.8,0.66,1.08,48.76,7.438
CAR002,9.15,10,51.9,2748.0,33.7,1,2,Highway,369.6,0.63,2.08,91.93,8.6925
CAR045,25.2,20,60.8,1604.0,31.1,1,1,City,395.0,0.27,1.19,62.86,9.531
CAR191,2.77,10,47.2,2547.0,25.8,0,1,City,94.1,0.77,3.8,174.86,2.6315
CAR127,37.79,0,119.97983415036079,2312.0,6.5,1,0,Highway,145.6,0.16,3.03,81.57,5.963
CAR018,39.49,20,72.0,1407.0,19.7,1,1,City,116.6,0.43,2.12,132.03,20.581
CAR026,36.25,20,22.1,2879.0,33.2,1,2,Highway,174.0,0.76,0.28,6.48,1.066
CAR092,41.64,20,,1728.0,25.4,0,1,City,387.6,0.25,2.4,139.47,21.003
CAR098,5.59,10,296.6943185578689,1634.0,24.2,1,2,City,388.0,0.87,0.5,29.36,4.459
CAR111,40.47,10,78.0,3003.0,32.0,1,2,City,442.7,0.71,0.88,71.9,11.593
CAR164,8.61,20,21.6,2855.0,42.9,1,2,City,105.8,0.34,3.56,71.93,8.179499999999999
CAR177,6.93,10,40.4,2176.0,15.0,0,1,City,,0.43,3.75,132.67,6.583499999999999
CAR125,29.39,85,53.9,700.0,,0,0,City,171.8,0.68,3.62,171.21,27.9205
CAR173,37.37,20,66.1,1443.0,25.0,1,0,Rural,95.0,0.67,4.22,280.01,35.50149999999999
CAR135,25.13,20,76.4,2771.0,30.0,1,1,Highway,147.7,0.55,3.1,232.18,23.873499999999996
CAR044,6.47,20,79.3,1525.0,35.3,1,0,City,428.8,0.4,0.87,70.89,6.1465
CAR073,23.25,10,88.5,2489.0,30.0,0,0,City,305.8,0.39,3.93,315.23,22.0875
CAR142,9.24,20,70.6,2007.0,40.3,0,0,Highway,102.0,0.78,3.08,205.84,8.778
CAR124,9.72,20,31.2,1958.0,26.4,1,2,City,278.7,0.54,2.61,80.15,9.234
CAR087,23.14,10,63.5,2180.0,36.7,0,1,,315.5,0.47,1.44,86.56,11.766
CAR076,22.65,20,55.5,2084.0,31.9,0,2,City,127.5,0.77,1.68,79.26,13.262
CAR126,32.0,20,51.3,1833.0,,1,2,City,132.6,0.32,3.76,183.75,30.4
CAR072,11.17,10,91.6,2362.0,29.1,1,1,,428.5,0.81,1.46,124.56,10.6115
CAR147,5.93,20,40.7,2323.0,22.2,1,1,Rural,437.3,0.32,0.76,32.43,5.197
CAR019,41.32,20,75.5,1516.0,15.6,0,0,Highway,324.7,0.82,3.8,259.29,34.711
CAR053,6.64,20,40.2,2666.0,12.4,1,0,Rural,398.6,0.4,2.5,99.51,6.308
CAR181,32.74,10,78.9,2133.0,24.0,0,0,City,305.8,0.54,1.7,124.37,14.38
CAR049,30.22,10,20.8,1969.0,18.7,1,0,Highway,213.1,0.32,3.21,59.54,6.157
CAR017,29.48,10,42.2,2465.0,25.8,1,1,Highway,240.7,0.14,1.54,67.28,7.33
CAR173,35.59,0,55.3,2214.0,41.0,1,1,City,129.5,0.24,4.3,227.68,25.844
CAR181,2.45,20,79.3,3039.0,33.0,1,1,City,111.4,0.35,1.21,83.54,2.3275
CAR027,31.34,20,64.3,2194.0,42.5,1,1,City,311.0,0.65,4.09,259.36,29.773
CAR175,20.55,10,60.0,2052.0,27.7,0,0,City,379.5,0.84,0.85,51.5,6.816
CAR112,15.21,10,32.3,2463.0,32.3,0,2,Highway,209.3,0.57,2.18,69.36,8.237
CAR125,17.84,10,97.1,2252.0,27.1,1,1,Rural,349.6,0.4,4.01,366.42,16.948
CAR103,18.29,20,21.2,1266.0,38.3,1,0,Rural,435.0,0.56,1.33,25.32,3.34
CAR007,34.55,20,36.7,1535.0,11.9,0,2,Rural,233.6,0.49,1.56,50.31,7.912
CAR159,16.13,10,48.4,2627.0,27.0,1,0,Highway,,0.14,4.27,210.72,15.323499999999997
CAR173,16.8,10,23.4,2392.0,31.3,1,2,Highway,,0.36,2.76,64.84,8.773
CAR148,37.95,10,76.7,1713.0,29.9,0,2,City,266.0,0.4,2.67,196.57,28.044
CAR171,31.23,20,26.3,,25.0,1,1,City,329.8,0.19,0.94,21.66,3.697
CAR038,6.11,85,54.9,1155.0,37.3,1,1,City,428.6,0.56,3.3,182.02,5.8045
CAR178,12.87,20,84.3,2466.0,30.6,1,0,Rural,327.0,0.45,2.1,175.48,12.226499999999998
CAR017,7.36,10,84.2,1103.0,22.1,0,2,Highway,407.4,0.5,2.41,196.11,6.992
CAR009,20.97,10,66.6,2720.0,30.2,0,1,Rural,415.1,0.9,4.24,288.49,19.921499999999998
CAR043,31.67,20,70.8,2713.0,21.8,1,1,City,245.6,0.87,1.77,118.59,22.178
CAR166,15.94,20,49.0,2176.0,32.4,0,0,,277.5,0.68,0.99,50.85,6.739
CAR072,16.51,10,50.9,830.0,19.8,1,1,Highway,355.3,0.06,3.04,153.31,15.584
CAR050,32.37,10,43.8,1432.0,18.4,1,2,,,0.5,4.18,179.34,21.646
CAR188,19.49,10,86.0,,26.7,1,0,City,329.4,0.6,1.28,98.01,12.9
CAR130,10.29,85,46.7,2899.0,39.7,1,2,City,232.9,0.7,1.1,47.65,9.7755
CAR003,29.02,85,47.8,2065.0,20.2,1,2,City,212.4,0.4,1.62,74.34,26.752
CAR177,36.84,10,17.1,906.0,26.9,1,0,Highway,343.0,0.8,0.55,9.3,1.025
CAR021,41.81,10,71.4,2895.0,37.7,0,1,Highway,135.1,0.15,1.47,106.07,12.255
CAR106,9.27,0,39.7,2538.0,31.7,1,1,Rural,358.0,0.44,2.33,83.15,8.8065
CAR113,43.43,10,78.8,2515.0,,1,0,Highway,92.7,0.31,4.29,290.65,29.086
CAR081,41.98,20,41.9,2421.0,,0,1,Highway,393.3,0.36,2.29,92.55,12.824
CAR180,27.34,10,45.4,1419.0,41.5,0,2,City,161.3,0.15,3.18,144.75,19.114
CAR101,43.72,20,17.2,1826.0,27.5,0,0,Highway,,0.11,1.46,23.13,2.565
CAR149,21.15,10,32.9,1260.0,,1,2,City,186.4,0.52,1.19,34.86,5.226
CAR076,39.67,20,67.6,2637.0,27.8,0,0,City,247.1,0.35,1.42,95.51,14.575
CAR196,31.18,0,50.7,2414.0,28.9,1,0,City,218.6,0.08,0.53,27.07,2.294
CAR085,23.61,20,10.2,2105.0,36.8,1,1,Highway,329.7,0.31,1.88,17.19,2.563
CAR180,18.13,0,63.7,3384.0,31.3,1,1,Highway,174.6,0.26,2.71,160.74,14.815
CAR122,43.76,20,68.8,2702.0,,1,0,Highway,82.9,0.31,1.91,119.92,16.84
CAR162,28.55,20,78.5,10347.141341230143,26.2,1,2,City,415.3,0.46,1.41,103.72,19.14
CAR099,30.4,10,23.2,1992.0,35.1,0,1,,326.3,0.63,4.36,91.02,14.049
CAR189,8.86,20,47.3,1801.0,36.5,0,0,Highway,390.6,0.36,0.94,43.86,5.506
CAR140,31.18,20,47.4,2414.0,23.0,1,0,Rural,,0.72,3.2,156.76,23.315
CAR195,26.06,0,301.34469972648753,2747.0,33.6,0,1,,92.4,0.36,3.02,189.1,18.437
CAR039,11.45,20,78.8,2421.0,33.3,1,1,City,116.0,0.45,1.56,120.74,10.8775
CAR005,16.15,20,29.1,,25.5,1,2,Highway,366.3,0.69,3.25,98.17,15.342499999999998
CAR121,19.21,10,67.2,2494.0,31.0,1,1,City,326.2,0.79,1.72,117.24,17.812
CAR098,33.74,10,57.0,2806.0,31.1,0,1,highway,256.3,0.82,3.37,169.53,21.424
CAR094,21.16,20,42.6,732.0,45.9,1,0,City,270.5,0.35,3.17,122.78,19.233
CAR063,2.69,0,48.5,3313.0,25.0,0,2,Highway,233.8,0.73,2.55,118.53,2.5555
CAR066,5.08,10,16.2,3177.0,16.7,0,1,Highway,112.2,0.8,2.47,40.68,4.826
CAR014,41.57,20,78.1,2000.0,24.2,0,0,City,143.4,0.24,1.36,106.31,15.456
CAR177,10.25,10,34.5,2281.0,12.8,1,1,City,134.7,0.5,3.08,92.07,9.737499999999999
CAR139,10.6,20,77.5,2067.0,23.5,0,1,Rural,197.0,0.24,4.42,349.22,10.069999999999999
CAR176,32.09,0,42.1,2106.0,33.3,1,2,City,286.2,0.29,4.16,150.24,16.773
CAR040,18.35,10,30.4,2129.0,30.6,0,0,City,412.9,0.42,0.53,14.41,1.858
CAR172,40.96,10,68.3,1899.0,19.2,0,1,Rural,162.4,0.42,2.84,195.07,20.173
CAR149,4.9,20,62.2,4159.0,,1,1,Highway,,0.89,1.52,89.58,4.655
CAR141,37.8,20,65.0,2009.0,32.9,1,2,City,98.1,0.88,4.32,272.5,35.91
CAR145,36.68,20,50.9,2428.0,28.7,1,1,City,129.0,0.3,0.75,32.9,5.71
CAR126,29.24,10,78.2,1938.0,31.1,0,2,Highway,245.6,0.55,3.35,232.44,27.778
CAR061,17.29,20,82.8,1446.0,19.0,1,2,Rural,145.4,0.24,1.02,76.6,12.335
CAR127,17.32,10,56.1,2115.0,22.5,1,1,Highway,255.4,0.62,2.96,157.47,16.454
CAR011,20.24,0,43.4,1791.0,26.0,1,2,City,362.8,0.72,3.74,159.31,19.227999999999998
CAR160,20.76,20,63.0,2823.0,39.1,0,2,Rural,419.8,0.07,2.28,148.71,19.722
CAR171,18.42,20,59.7,2049.0,36.4,1,1,City,440.6,0.48,0.51,31.19,5.319
CAR106,38.17,20,61.2,2002.0,28.3,1,1,Rural,396.7,0.75,0.88,54.14,8.414
CAR002,39.33,20,56.9,2755.0,27.2,0,1,City,246.5,0.38,3.67,193.05,28.086
CAR067,2.33,10,53.4,2289.0,22.4,1,1,City,282.3,0.09,3.64,200.86,2.2135
CAR146,22.15,10,74.4,3999.0,22.3,0,0,City,320.5,0.62,4.13,292.25,21.042499999999997
CAR069,39.75,10,67.9,1261.0,28.0,0,2,Highway,112.2,0.85,1.46,103.51,12.731
CAR132,14.13,10,24.6,792.0,31.4,0,0,Rural,186.4,0.08,3.83,97.63,7.821
CAR154,42.27,0,28.1,2960.0,20.6,1,1,City,391.8,0.51,3.13,85.37,10.011
CAR089,29.51,10,65.7,2036.0,33.7,1,1,City,307.4,0.41,1.47,93.18,12.906
CAR045,39.61,10,77.2,2240.0,33.8,0,1,Rural,431.3,0.21,1.2,81.24,9.449
CAR182,18.4,0,58.3,2035.0,31.4,1,2,City,315.3,0.1,4.2,249.13,17.479999999999997
CAR097,28.67,10,61.0,,26.4,0,1,Highway,159.8,0.38,1.02,57.42,6.532
CAR115,39.9,20,57.5,1522.0,26.1,0,1,Rural,388.8,0.34,1.45,70.96,10.265
CAR089,13.33,10,47.0,1160.0,42.3,1,1,City,122.0,0.47,3.87,164.09,12.663499999999999
CAR095,37.96,20,45.2,2248.0,30.5,0,0,City,126.7,0.1,3.29,151.07,19.601
CAR060,9.96,10,56.3,1825.0,7.8,0,2,Highway,70.3,0.9,3.13,176.25,9.462
CAR152,44.89,20,34.1,,20.1,0,0,Highway,240.1,0.79,2.99,98.58,12.218
CAR140,12.6,0,23.7,2433.0,27.0,1,2,City,70.5,0.82,2.38,55.06,7.124
CAR036,35.35,20,74.8,1887.0,20.0,1,0,City,154.0,0.64,1.31,98.96,15.766
CAR189,40.82,85,85.0,1942.0,28.3,1,0,Highway,335.7,0.12,0.62,49.03,14.786
CAR108,6.64,10,48.8,4108.0,23.5,1,1,Highway,,0.29,1.46,64.37,6.308
CAR091,28.18,0,50.1,2790.0,14.7,0,0,Highway,167.2,0.86,2.54,131.1,11.344
CAR114,41.45,10,11.1,1852.0,26.6,1,0,Rural,412.8,0.12,4.29,48.39,5.203
CAR144,20.18,20,65.3,2288.0,18.5,0,1,Rural,264.9,0.81,4.24,265.89,19.171
CAR052,19.31,10,17.9,1925.0,23.1,1,2,City,344.0,0.11,1.48,26.79,3.914
CAR196,19.34,20,33.2,1975.0,16.7,1,0,City,286.2,0.25,0.25,8.56,1.296
CAR056,10.04,10,33.9,2029.0,,1,1,Highway,193.2,0.87,1.31,38.15,5.058
CAR103,16.35,85,42.2,2521.0,41.8,0,1,Rural,204.1,0.37,3.98,169.21,15.5325
CAR098,36.68,20,23.2,2124.0,28.6,1,2,Highway,146.9,0.64,1.39,32.89,5.541
CAR188,43.09,20,57.9,,24.7,1,2,City,150.4,0.11,0.81,48.26,8.61
CAR127,14.43,10,15.4,3437.0,34.3,0,1,City,418.8,0.5,4.06,63.21,8.394
CAR110,12.2,20,33.7,747.0,33.6,1,0,Highway,81.1,0.36,4.03,137.82,11.589999999999998
CAR068,32.67,20,29.9,1913.0,28.1,1,0,city,369.7,0.07,1.1,33.01,4.92
CAR058,34.49,10,32.4,2611.0,,1,1,City,90.6,0.63,2.68,91.17,12.889
CAR005,33.21,10,45.9,1607.0,25.9,1,1,Rural,268.6,0.49,1.55,74.14,9.488
CAR196,43.85,0,43.3,2702.0,35.1,0,0,City,173.5,0.43,2.99,126.77,11.423
CAR144,15.3,85,66.9,2413.0,27.0,1,2,Rural,83.0,0.51,4.37,267.34,14.535
CAR073,40.3,20,43.3,2992.0,21.5,0,1,City,196.3,0.4,3.27,126.06,21.384
CAR171,13.78,20,62.8,2408.0,34.8,0,1,Rural,150.6,0.68,3.31,210.35,13.091
CAR035,41.09,10,22.9,3038.0,16.3,0,1,City,299.1,0.32,0.91,20.05,2.66
CAR185,3.57,10,50.4,2775.0,44.0,1,2,City,207.3,0.26,0.57,27.46,3.3914999999999997
CAR090,3.48,10,37.0,2765.0,32.4,0,1,Highway,286.7,0.77,1.94,70.68,3.306
CAR094,18.98,20,73.3,2741.0,30.7,1,0,City,434.5,0.19,3.93,272.53,18.031
CAR078,10.3,10,55.0,1946.0,32.3,1,2,City,272.6,0.72,2.33,133.73,9.785
CAR182,6.42,0,36.2,2276.0,48.0,1,0,City,172.2,0.18,1.74,64.16,6.098999999999999
CAR074,14.9,20,46.9,1602.0,30.3,0,0,,440.2,0.5,1.09,43.77,5.576
CAR186,42.53,20,34.0,1823.0,31.6,1,1,City,,0.73,1.48,52.07,8.655
CAR162,23.79,20,90.0,1870.0,21.4,0,2,City,204.3,0.76,2.57,239.01,22.600499999999997
CAR073,7.47,10,45.3,2699.0,21.6,1,2,City,138.1,0.84,1.9,89.31,7.0965
CAR190,24.71,20,52.5,1614.0,16.8,1,0,Highway,76.6,0.51,0.68,31.14,4.142
CAR029,37.87,10,76.4,2704.0,30.2,1,1,Rural,132.0,0.88,1.45,115.7,15.841
CAR033,3.34,0,36.5,2901.0,,1,1,Rural,171.3,0.24,3.53,129.86,3.1729999999999996
CAR009,13.69,10,67.5,2778.0,22.2,0,2,City,371.2,0.37,1.84,110.81,13.0055
CAR154,37.76,0,39.3,2776.0,,1,1,Highway,430.2,0.25,4.21,140.9,12.748
CAR192,28.7,10,47.6,2798.0,30.5,1,1,City,430.9,0.89,0.81,33.34,5.455
CAR113,36.29,85,66.4,2298.0,22.9,1,2,Rural,246.5,0.71,1.15,69.85,24.427
CAR025,24.76,20,26.2,1479.0,27.5,0,1,Highway,74.7,0.45,4.08,104.79,13.346
CAR037,36.12,10,26.5,3206.0,22.2,1,2,City,80.0,0.2,3.27,83.58,11.945
CAR093,15.28,10,31.0,3277.0,41.0,0,1,Highway,293.9,0.31,2.21,64.47,8.293
CAR150,32.76,20,130.21067272132177,700.0,21.3,0,0,City,447.0,0.46,1.65,45.34,5.939
CAR144,25.65,20,54.4,3259.0,39.8,0,1,Highway,329.3,0.6,0.7,36.01,5.925
CAR123,24.47,20,53.4,1661.0,31.4,1,1,City,218.6,0.48,3.69,179.32,23.246499999999997
CAR082,7.79,10,46.4,3283.0,27.4,0,1,Highway,,0.17,2.02,80.91,7.4005
CAR030,3.45,10,24.5,2459.0,30.8,0,2,Rural,201.8,0.76,4.29,89.68,3.2775
CAR032,42.81,20,33.6,2294.0,25.9,1,0,City,337.3,0.51,2.92,91.27,13.402
CAR146,19.92,20,,2652.0,20.1,1,1,Rural,181.3,0.28,1.51,78.32,12.772
CAR115,8.66,10,41.0,2627.0,34.0,1,1,Rural,107.9,0.53,1.62,56.58,7.928
CAR021,33.48,20,68.9,2463.0,32.2,1,1,City,93.9,0.53,0.86,59.35,10.38
CAR170,3.6,0,47.1,2434.0,27.2,1,2,city,216.5,0.11,3.56,171.9,3.42
CAR054,25.13,20,73.0,3077.0,28.7,0,2,City,167.1,0.85,2.68,202.74,23.873499999999996
CAR127,24.58,20,71.7,2818.0,32.6,1,0,Rural,355.2,0.46,4.29,297.09,23.350999999999996
CAR161,12.13,20,41.4,2053.0,48.0,0,0,Rural,234.0,0.74,0.52,20.51,3.392
CAR011,34.13,20,41.0,2230.0,33.9,1,1,City,162.4,0.46,2.22,88.69,15.11
CAR099,36.17,10,53.5,2989.0,25.0,1,1,City,383.8,0.24,2.22,108.24,15.201
CAR158,24.27,0,97.3,2003.0,17.1,1,0,Rural,219.5,0.3,3.98,375.87,23.0565
CAR108,35.93,20,45.1,2463.0,27.6,1,2,highway,253.5,0.42,0.81,35.82,5.713
CAR080,22.22,85,45.7,1709.0,33.6,0,1,Highway,441.4,0.83,0.26,12.35,4.194
CAR022,27.56,10,66.3,858.0,28.3,0,1,,92.7,0.35,2.47,142.78,14.12
CAR118,23.02,10,8.4,2783.0,37.5,0,0,,280.6,0.47,3.92,31.43,3.672
CAR074,34.58,20,50.5,2104.0,37.6,1,0,Rural,213.6,0.25,4.5,206.05,28.618
CAR200,13.28,85,43.3,1768.0,26.7,1,2,City,404.3,0.67,2.31,96.77,12.616
CAR188,41.88,20,56.9,,27.5,1,1,City,211.2,0.69,4.14,242.77,39.786
CAR031,8.45,10,19.8,2594.0,24.0,1,2,Highway,142.4,0.73,2.99,52.2,7.093
CAR200,32.42,20,47.5,2206.0,20.5,0,1,Highway,253.2,0.31,1.52,71.17,9.613
CAR057,10.2,20,65.3,3770.0,27.0,0,2,City,74.9,0.62,3.66,233.19,9.69
CAR190,34.89,10,38.1,1685.0,29.9,0,1,city,288.2,0.87,4.06,139.99,18.358
CAR118,34.17,10,34.1,2075.0,42.0,1,1,City,302.4,0.55,4.31,128.89,19.109
CAR084,33.68,10,85.6,2517.0,17.5,0,0,City,335.5,0.16,0.95,74.28,8.158
CAR145,44.95,20,10.5,941.0,19.5,0,1,city,,0.32,4.13,39.08,5.922
CAR158,18.68,20,72.7,2221.0,24.6,1,0,City,368.2,0.19,4.34,305.19,17.746
CAR158,10.03,20,46.6,2934.0,35.5,0,2,Rural,352.0,0.55,3.09,150.06,9.5285
CAR086,21.87,20,33.3,2250.0,28.1,1,1,Highway,241.5,0.36,2.64,75.96,10.69
CAR078,31.51,20,16.5,2594.0,18.5,1,0,Highway,219.4,0.85,3.44,54.93,8.154
CAR030,32.22,0,65.4,3048.0,48.0,1,2,Highway,221.0,0.08,1.32,83.34,9.27
CAR043,33.19,20,67.4,2927.0,25.6,1,0,Highway,425.9,0.37,2.08,138.51,18.891
CAR129,31.59,20,26.4,2104.0,39.8,0,2,City,366.9,0.89,2.55,67.5,13.6
CAR069,16.77,85,28.9,1969.0,29.1,0,0,Highway,237.9,0.83,1.52,38.34,12.051
CAR127,40.42,0,70.1,2917.0,24.8,1,2,Highway,101.7,0.89,1.54,103.36,11.47
CAR178,30.8,20,57.8,1810.0,13.9,0,0,Rural,342.1,0.6,4.45,253.76,29.259999999999998
CAR163,20.88,0,26.4,2556.0,35.0,0,2,City,122.0,0.21,1.26,34.64,3.488
CAR161,22.28,10,9.2,2845.0,30.8,0,1,Rural,102.7,0.88,4.17,39.25,5.549
CAR152,31.47,10,85.0,2589.0,27.5,1,0,City,268.6,0.86,1.94,148.57,21.786
CAR024,30.51,20,46.2,2276.0,28.3,1,0,City,189.6,0.49,2.64,121.26,17.345
CAR060,27.48,0,47.0,1449.0,26.3,1,0,Rural,249.3,0.13,3.53,165.12,10.914
CAR177,25.5,0,27.2,1609.0,23.8,1,1,City,379.2,0.17,0.52,12.42,1.341
CAR042,16.41,10,56.7,927.0,,0,2,City,269.7,0.42,1.26,70.13,9.494
CAR149,36.01,10,54.6,3306.0,36.8,1,2,Highway,,0.86,2.24,106.53,15.64
CAR022,11.16,20,54.2,2407.0,36.8,0,0,City,399.3,0.7,3.74,187.8,10.602
CAR012,24.91,85,35.1,2758.0,11.8,1,2,Rural,,0.07,4.17,152.74,23.6645
CAR132,21.08,0,68.1,2584.0,28.7,0,0,,112.4,0.26,1.87,115.89,9.224
CAR048,2.25,85,43.5,2202.0,14.4,0,1,,133.2,0.81,3.37,130.97,2.1374999999999997
CAR114,30.43,85,55.0,1464.0,27.7,1,1,City,391.5,0.14,3.15,169.89,28.9085
CAR152,15.48,10,56.0,2868.0,39.6,0,1,Rural,184.4,0.52,2.91,151.95,14.706
CAR155,37.84,0,119.6,1473.0,18.0,0,1,City,374.3,0.64,2.47,295.42,35.948
CAR040,21.16,10,53.5,2035.0,35.9,0,2,Highway,121.9,0.52,0.51,25.06,3.115
CAR084,21.88,10,5.0,1749.0,33.6,0,1,City,346.8,0.82,1.47,6.82,1.033
CAR033,5.8,20,32.1,2278.0,23.2,1,0,,438.2,0.64,3.24,88.76,5.51
CAR179,12.14,20,88.8,2517.0,29.1,0,2,City,402.5,0.85,0.84,66.77,11.533
CAR137,32.2,0,39.3,2622.0,22.4,1,1,City,103.7,0.68,0.36,12.08,1.394
CAR085,32.38,0,34.2,1700.0,25.9,1,1,City,96.1,0.38,1.84,65.38,6.143
CAR121,44.16,20,18.5,1306.0,30.4,1,0,Highway,85.9,0.22,1.81,30.17,3.595
CAR153,6.22,0,68.3,2680.0,36.1,0,2,City,385.7,0.8,1.39,85.43,5.909
CAR032,19.39,20,73.6,1915.0,,1,0,Highway,383.6,0.24,3.92,289.27,18.4205
CAR059,40.57,0,68.4,2366.0,28.3,1,1,City,176.1,0.07,4.45,303.56,26.772
CAR169,41.42,20,54.6,,34.7,1,0,City,153.6,0.28,2.04,111.0,15.924
CAR167,40.85,85,25.1,1167.0,46.3,1,2,City,143.0,0.28,1.4,34.35,12.498
CAR014,11.22,20,51.6,2324.0,22.7,0,1,City,311.1,0.73,2.6,138.72,10.659
CAR045,3.88,10,29.9,1426.0,32.0,1,2,City,333.2,0.52,4.18,107.88,3.686
CAR175,7.62,10,54.9,1980.0,25.6,1,1,Rural,351.3,0.79,1.96,104.59,7.239
CAR064,20.23,10,74.1,2878.0,25.9,1,0,City,148.8,0.64,0.82,55.46,7.475
CAR138,31.95,20,33.6,3993.0,,1,2,City,183.9,0.83,0.86,28.3,5.907
CAR113,37.23,10,74.0,2159.0,28.9,0,1,Highway,128.6,0.08,1.7,120.78,10.163
CAR028,39.75,10,30.0,1582.0,35.4,0,2,Rural,249.4,0.72,4.45,114.68,15.918
CAR110,4.13,10,68.1,2898.0,37.2,0,1,Rural,434.4,0.21,1.69,107.73,3.9234999999999998
CAR143,13.34,85,101.6,2457.0,16.7,1,2,,335.5,0.8,1.0,88.89,12.673
CAR018,36.78,0,78.9,2105.0,31.5,1,1,Rural,188.1,0.58,3.04,236.41,24.27
CAR025,3.94,85,40.4,9804.445150560146,23.1,0,0,Rural,272.2,0.24,1.73,68.49,3.743
CAR164,24.96,20,43.3,3034.0,32.5,1,1,highway,151.3,0.61,3.33,124.21,18.581
CAR169,4.7,10,33.1,2179.0,28.8,0,2,City,262.5,0.5,3.76,129.02,4.465
CAR055,43.32,20,87.3,1640.0,30.7,1,1,Highway,,0.21,1.95,156.41,21.128
CAR181,35.02,10,48.6,2563.0,17.6,1,1,Highway,201.8,0.23,1.86,77.13,8.907
CAR072,42.1,85,46.9,2440.0,11.1,0,1,Rural,104.1,0.78,1.18,48.21,16.509
CAR200,41.05,0,51.0,703.0,30.6,1,0,Highway,242.4,0.68,1.2,62.0,4.084
CAR006,39.28,10,55.3,1850.0,40.8,0,2,Highway,77.3,0.72,3.49,202.06,28.081
CAR085,10.15,20,41.3,2956.0,22.8,1,0,City,264.8,0.56,1.44,56.18,9.108
CAR188,25.37,20,33.7,2588.0,15.0,1,2,Highway,258.8,0.37,2.78,96.5,15.142
CAR006,32.37,20,31.3,2014.0,41.3,1,2,Highway,,0.76,3.38,106.48,18.681
CAR190,7.42,10,35.1,2566.0,23.8,0,0,Highway,426.4,0.2,3.5,113.61,7.0489999999999995
CAR088,37.2,0,44.4,1213.0,14.9,1,1,Rural,,0.31,2.83,120.78,10.391
CAR127,23.97,0,44.8,2035.0,29.6,0,0,City,128.0,0.87,2.78,115.1,11.228
CAR168,16.21,20,64.9,2447.0,18.2,1,2,City,235.1,0.68,2.33,153.93,15.3995
CAR022,32.49,20,87.3,,32.0,0,2,City,448.4,0.25,1.22,106.88,18.115
CAR151,38.37,0,5.0,1159.0,45.9,1,2,City,93.1,0.63,2.05,8.73,1.222
CAR076,14.85,10,41.5,2066.0,48.0,1,1,Highway,405.7,0.78,1.24,51.99,7.984
CAR084,13.4,20,23.3,2845.0,29.7,1,2,Highway,433.8,0.5,0.63,13.83,2.312
CAR039,4.25,85,79.9,2632.0,34.1,0,2,,150.2,0.44,1.6,128.36,4.0375
CAR146,22.19,10,60.9,1266.0,24.1,0,1,Highway,145.1,0.88,2.5,140.46,16.305
CAR147,32.2,85,72.8,2133.0,20.8,1,1,City,316.3,0.76,1.13,85.46,30.59
CAR138,21.01,20,39.9,2248.0,36.1,1,0,Highway,111.5,0.62,3.65,145.32,19.959500000000002
CAR138,27.21,20,5.0,2124.0,18.9,1,1,Rural,291.6,0.6,2.89,13.05,2.058
CAR131,44.79,20,12.3,2349.0,,1,0,City,279.6,0.71,1.88,23.51,3.767
CAR073,44.13,10,56.0,2368.0,21.7,1,2,Highway,120.3,0.23,4.11,202.5,24.926
CAR010,14.79,20,44.8,3172.0,26.6,0,1,Highway,252.2,0.19,1.39,62.45,7.896
CAR173,19.29,10,76.4,921.0,12.3,0,2,City,242.8,0.85,4.47,352.72,18.325499999999998
CAR200,28.09,20,59.3,2285.0,19.6,1,2,Rural,111.4,0.06,3.58,200.32,26.685499999999998
CAR093,2.55,20,38.6,2040.0,30.9,1,1,Highway,431.6,0.52,0.54,20.94,2.4225
CAR170,33.81,10,44.2,2030.0,34.7,1,1,Rural,427.8,0.85,2.84,127.59,17.593
CAR086,36.01,85,27.6,1041.0,31.4,1,2,City,438.3,0.82,2.16,57.03,20.765
CAR035,12.59,20,54.1,2001.0,24.2,1,2,City,217.4,0.49,0.44,23.77,4.167
CAR068,36.98,20,33.0,,37.4,1,1,City,112.2,0.06,3.36,109.23,16.212
CAR023,14.55,10,60.6,700.0,34.8,1,2,City,249.5,0.87,0.61,36.66,5.577
CAR110,12.87,20,64.4,10434.930430897348,35.1,1,0,City,399.0,0.7,3.14,177.68,12.226499999999998
CAR059,14.53,20,67.3,2064.0,30.0,1,2,City,341.0,0.42,2.8,175.35,13.803499999999998
CAR197,30.84,20,86.5,2236.0,28.5,0,1,Rural,185.3,0.55,0.6,53.72,8.156
CAR033,7.43,20,39.0,2805.0,28.8,0,2,,106.8,0.35,0.46,16.72,3.021
CAR132,33.29,10,33.3,1602.0,28.1,0,1,Rural,174.4,0.63,1.57,54.75,7.334
CAR029,3.09,0,62.5,1838.0,11.1,0,0,Rural,,0.57,2.1,126.41,2.9354999999999998
CAR005,42.8,10,79.1,1756.0,37.5,1,0,City,310.0,0.32,3.56,248.15,28.944
CAR179,12.36,10,61.0,2372.0,25.6,1,0,City,258.8,0.6,4.47,281.63,11.741999999999999
CAR120,7.63,20,47.1,3059.0,39.9,0,2,,108.8,0.4,2.93,140.12,7.2485
CAR082,35.96,10,68.0,3143.0,22.7,0,0,City,311.7,0.51,3.22,229.27,26.763
CAR190,19.27,0,45.6,3335.0,28.2,1,0,Rural,93.9,0.69,1.99,94.49,9.298
CAR153,22.75,10,62.4,2734.0,13.3,1,1,Rural,138.5,0.6,2.81,159.91,21.6125
CAR104,12.97,85,85.1,1769.0,39.0,1,1,Highway,291.8,0.36,2.31,200.53,12.3215
CAR170,8.06,20,42.9,2391.0,39.1,1,1,City,422.0,0.73,2.06,82.81,7.657
CAR054,41.62,0,42.2,2116.0,36.4,1,1,Rural,226.9,0.27,2.43,104.32,9.419
CAR002,27.33,10,34.7,2430.0,17.4,0,1,City,97.7,0.28,3.01,109.49,13.903
CAR175,42.0,20,32.0,1415.0,40.3,0,0,City,408.2,0.55,3.12,98.72,15.983
CAR140,28.62,0,50.0,2026.0,19.4,1,2,Rural,250.4,0.08,2.22,105.66,8.916
CAR066,25.47,10,,2471.0,20.7,1,0,city,213.1,0.05,0.42,24.99,2.682
CAR117,27.15,20,34.5,1770.0,30.6,1,0,City,250.0,0.39,2.33,81.75,12.702
CAR001,6.89,20,26.6,2064.0,20.2,1,1,City,95.9,0.88,3.5,93.16,6.5455
CAR050,19.52,20,39.9,2291.0,18.9,1,2,City,360.4,0.81,3.0,117.2,18.544
CAR042,8.32,20,59.9,2673.0,20.7,0,1,city,226.6,0.44,4.03,251.99,7.904
CAR147,27.18,10,55.7,2136.0,28.2,0,1,City,253.8,0.84,2.98,152.92,22.204
CAR186,26.44,20,59.0,2061.0,32.8,1,2,City,176.2,0.31,3.29,197.63,25.118
CAR005,9.18,10,87.5,2468.0,24.2,1,0,City,426.3,0.06,2.91,217.05,8.721
CAR176,4.26,10,54.0,2300.0,28.3,1,0,,340.4,0.89,1.88,94.67,4.047
CAR145,37.41,20,59.7,1068.0,25.7,0,2,Highway,360.8,0.5,1.35,79.99,11.42
CAR096,25.51,20,51.1,3157.0,19.6,1,0,Highway,207.2,0.14,1.3,69.15,8.677
CAR039,33.39,10,60.6,3447.0,37.6,0,1,Highway,426.4,0.46,1.67,90.06,11.14
CAR105,30.78,20,40.8,2257.0,37.6,0,2,Highway,228.4,0.68,1.18,46.38,7.292
CAR016,12.33,85,44.8,1629.0,38.8,0,0,Rural,222.8,0.21,4.45,186.48,11.7135
CAR156,26.67,20,95.6,1559.0,22.4,1,1,Rural,337.7,0.3,3.08,291.2,25.3365
CAR175,12.85,10,80.8,2555.0,29.4,0,0,Highway,86.0,0.28,0.85,62.5,5.711
CAR150,6.2,20,64.7,2223.0,34.5,0,0,City,143.3,0.57,3.77,217.73,5.89
CAR053,12.84,20,41.1,3355.0,29.2,1,0,City,400.5,0.59,2.83,117.09,12.197999999999999
CAR182,21.57,20,74.0,2617.0,32.4,1,1,Rural,172.6,0.09,1.87,145.11,19.064
CAR046,32.81,20,35.0,3611.0,23.3,1,0,Highway,145.6,0.55,4.2,148.51,21.277
CAR101,31.25,20,80.8,4130.0776275253365,21.0,1,2,Rural,371.1,0.62,2.36,190.7,29.6875
CAR133,37.38,20,20.7,2653.0,25.3,1,0,City,222.6,0.63,2.83,52.0,9.12
CAR087,42.73,20,42.5,2034.0,22.0,0,1,Highway,177.1,0.52,1.94,75.07,10.532
CAR196,39.5,20,25.0,2454.0,34.5,1,1,,449.9,0.34,1.4,31.23,5.363
CAR091,15.22,10,71.5,7617.698735213398,25.2,1,0,City,311.8,0.12,0.39,28.68,3.554
CAR103,36.13,10,45.0,2353.0,38.4,1,1,Highway,191.5,0.71,3.93,178.36,24.039
CAR031,44.38,20,78.4,2586.0,37.7,1,1,Highway,323.6,0.25,2.48,182.78,27.793
CAR127,28.57,10,,1739.0,13.5,0,1,City,159.1,0.89,0.86,53.74,7.118
CAR035,33.51,0,53.1,1757.0,29.5,1,2,City,167.7,0.3,0.8,37.88,3.917
CAR037,33.18,20,52.5,2616.0,27.3,0,2,City,340.8,0.3,0.51,24.39,4.302
CAR175,21.31,10,64.7,2322.0,16.9,0,1,City,435.2,0.41,1.38,93.12,12.183
CAR041,20.58,20,88.4,978.0,24.1,1,1,Rural,197.8,0.16,3.87,333.49,19.551
CAR200,17.43,10,64.3,3406.0,31.7,0,2,City,385.9,0.32,0.3,17.07,2.503
CAR069,34.07,85,32.3,2180.0,29.8,0,0,Rural,396.3,0.06,4.29,144.8,32.3665
CAR094,44.64,10,,1818.0,32.2,1,1,City,367.7,0.74,0.86,18.84,2.72
CAR142,42.17,20,16.1,2571.0,31.5,1,1,Rural,,0.16,4.48,73.61,12.394
CAR061,16.58,85,65.6,1285.0,12.8,0,0,City,204.2,0.23,4.21,249.19,15.750999999999998
CAR102,26.3,20,5.0,1467.0,27.6,1,0,City,343.7,0.12,1.25,5.92,0.826
CAR128,7.07,10,60.1,1954.0,33.1,1,2,Highway,72.9,0.76,0.62,35.62,4.793
CAR199,34.75,20,21.1,1623.0,13.0,1,2,City,165.4,0.72,2.41,48.47,8.615
CAR046,31.9,10,55.1,1720.0,17.3,0,0,City,209.3,0.09,1.7,86.7,9.381
CAR112,15.62,20,34.2,2437.0,29.8,1,0,City,200.8,0.32,1.45,44.69,6.971
CAR105,41.14,10,82.1,2674.0,26.9,1,1,City,362.6,0.9,2.26,194.6,27.961
CAR108,4.82,10,69.2,2103.0,28.4,0,1,City,219.0,0.26,1.89,115.84,4.579
CAR073,40.83,20,32.6,1840.0,21.3,1,0,Highway,216.4,0.1,2.36,71.68,8.795
CAR033,31.6,10,42.4,3267.0,48.0,0,1,City,417.2,0.2,1.9,82.48,12.863
CAR193,38.79,20,72.0,2864.0,22.7,1,1,Highway,138.2,0.84,4.38,302.97,36.8505
CAR116,31.0,10,70.7,2407.0,11.9,0,1,Rural,157.4,0.06,2.53,155.1,16.245
CAR175,25.5,10,20.9,1807.0,35.3,1,0,Highway,322.1,0.07,3.12,63.96,5.92
CAR009,34.97,10,60.3,2664.0,22.4,1,1,City,426.7,0.35,2.05,114.89,16.087
CAR050,19.74,20,64.1,2270.0,28.0,0,0,Rural,246.6,0.24,2.72,167.73,18.752999999999997
CAR158,36.05,10,43.2,2060.0,25.6,1,1,Highway,230.0,0.81,3.25,134.54,15.778
CAR087,9.18,85,74.9,1699.0,28.6,0,1,City,233.2,0.88,1.06,72.93,8.721
CAR135,41.97,0,65.6,2161.0,28.9,1,2,,109.4,0.54,1.25,75.08,8.752
CAR026,20.66,10,34.6,2630.0,11.7,0,0,rural,169.5,0.63,3.49,124.36,13.512
CAR082,33.34,20,48.4,2095.0,37.0,1,1,City,323.3,0.38,3.32,137.78,23.467
CAR142,24.17,0,65.3,2294.0,30.6,0,1,City,220.7,0.69,0.4,27.21,2.869
CAR012,26.37,20,54.4,2850.0,21.1,1,2,Highway,367.6,0.1,0.25,14.01,2.267
CAR105,9.86,10,19.6,3064.0,30.9,0,0,Rural,370.7,0.47,2.05,41.67,4.584
CAR026,30.67,0,33.8,1444.0,26.7,1,1,Rural,303.6,0.1,4.04,140.96,11.053
CAR060,41.12,0,43.5,,42.0,0,2,city,96.9,0.55,1.95,83.8,10.838
CAR141,39.06,0,88.7,2035.0,44.8,1,2,Rural,290.0,0.19,3.95,318.05,37.107
CAR037,26.32,20,50.3,2557.0,20.2,0,1,Rural,168.1,0.85,3.59,182.79,25.003999999999998
CAR007,41.77,10,60.3,1773.0,31.2,0,0,city,235.9,0.65,2.29,135.95,17.041
CAR083,43.83,0,80.1,2395.0,15.4,1,1,City,90.2,0.43,1.65,126.92,12.699
CAR076,7.97,10,47.1,2690.0,23.4,0,0,City,103.8,0.07,1.96,93.16,7.5714999999999995
CAR151,43.65,0,34.1,1560.0,25.9,1,2,Rural,319.1,0.67,3.54,118.56,13.544
CAR196,23.83,0,62.9,3080.0,24.8,0,2,City,152.5,0.81,1.58,98.58,11.119
CAR051,2.42,10,81.0,2113.0,21.0,1,0,Highway,432.2,0.14,4.25,338.7,2.299
CAR135,3.84,10,33.5,1763.0,19.9,0,2,Highway,102.3,0.48,0.87,28.32,3.524
CAR027,29.79,20,76.2,2943.0,23.6,0,0,City,220.9,0.24,3.67,273.54,28.3005
CAR194,23.3,0,29.3,2925.0,21.5,1,1,Rural,432.6,0.29,2.65,67.57,6.622
CAR170,22.22,10,31.4,1835.0,33.1,0,2,Highway,323.4,0.77,0.43,14.15,1.759
CAR149,32.26,10,37.4,2142.0,27.2,1,0,,329.6,0.9,4.43,167.49,24.791
CAR032,29.72,10,41.6,2529.0,37.4,0,2,Highway,257.2,0.79,2.16,82.01,11.431
CAR087,28.57,10,84.1,1234.0,27.4,0,0,Rural,72.4,0.48,2.24,176.19,18.008
CAR020,10.63,20,41.8,3407.0,33.4,0,1,City,218.0,0.43,0.26,10.11,1.567
CAR024,25.47,10,63.6,2873.0,36.5,0,1,Highway,421.2,0.11,1.28,77.88,8.973
CAR118,32.33,10,44.3,2309.0,31.5,1,2,Rural,246.4,0.77,2.41,103.37,16.133
CAR042,38.54,20,41.5,2469.0,35.2,1,0,,299.8,0.9,2.23,84.24,13.186
CAR025,32.62,20,58.6,1845.0,36.0,0,0,Highway,386.6,0.46,3.18,184.69,24.487
CAR055,42.17,0,13.6,3171.0,19.9,1,2,Rural,141.3,0.15,4.38,60.01,6.06
CAR070,21.2,10,58.6,1855.0,27.8,1,1,Highway,106.9,0.42,4.41,242.4,20.139999999999997
CAR192,16.94,10,69.7,1796.0,21.0,1,0,City,98.6,0.14,1.02,63.14,7.011
CAR196,7.5,0,61.3,1675.0,29.9,1,1,City,141.2,0.7,3.72,237.15,7.125
CAR050,5.2,10,64.8,2274.0,11.2,1,0,City,188.3,0.44,1.98,119.96,4.9399999999999995
CAR138,30.1,0,69.4,3143.0,20.8,1,0,Highway,102.9,0.71,4.18,283.97,28.178
CAR164,5.39,20,23.6,2191.0,9.8,0,0,City,338.4,0.49,4.18,93.95,5.1205
CAR053,8.8,0,26.2,1355.0,28.7,1,1,City,351.3,0.39,4.15,97.2,8.36
CAR117,12.27,10,68.0,2020.0,32.3,1,2,Rural,98.8,0.88,1.02,66.81,10.53
CAR090,42.54,10,57.1,3529.0,24.6,0,2,Rural,263.8,0.31,0.46,26.89,3.6
CAR036,29.97,20,65.9,2397.0,,1,0,Highway,279.4,0.23,4.2,258.6,28.4715
CAR067,22.55,20,84.3,2475.0,27.4,0,1,City,143.6,0.34,1.87,140.53,21.4225
CAR061,28.14,20,45.5,14050.244759919526,18.5,1,0,Highway,181.5,0.31,0.61,26.33,3.74
CAR081,38.86,20,69.6,1597.0,33.8,1,1,Highway,409.3,0.06,3.69,249.09,30.511
CAR183,19.89,10,27.1,3142.0,13.1,0,2,City,200.9,0.6,2.25,57.52,8.75
CAR199,14.04,85,37.9,2926.0,23.8,1,0,City,82.3,0.34,1.37,54.06,13.338
CAR073,4.81,20,58.9,1750.0,42.4,0,0,Rural,353.1,0.45,3.52,184.06,4.5695
CAR189,26.17,0,73.9,2519.0,18.4,1,1,,,0.69,2.13,147.5,14.473
CAR188,23.1,10,51.5,1962.0,27.7,0,0,Rural,361.5,0.74,4.46,208.21,21.945
CAR065,33.9,20,48.2,2457.0,45.6,0,0,Rural,,0.89,2.38,113.66,20.331
CAR086,7.89,20,36.1,1808.0,27.0,1,0,Highway,101.7,0.08,2.62,83.61,7.495499999999999
CAR023,24.59,10,27.4,1816.0,27.1,1,1,,416.5,0.25,1.39,33.31,3.781
CAR066,5.08,10,16.2,3177.0,16.7,0,1,Highway,112.2,0.8,2.47,40.68,4.826
CAR020,16.48,20,69.1,1824.0,28.4,1,0,City,214.3,0.57,2.25,135.98,15.655999999999999
CAR125,44.08,0,49.7,2199.0,40.8,1,1,Highway,303.6,0.71,1.01,45.65,4.802
CAR197,34.73,10,41.8,2101.0,10.5,1,0,City,183.7,0.18,4.11,176.95,21.269
CAR035,13.15,20,53.3,2429.0,23.8,0,1,Highway,325.3,0.39,4.19,216.68,12.4925
CAR126,39.48,20,59.4,1902.0,42.4,0,2,Rural,441.4,0.71,3.63,225.64,37.50599999999999
CAR136,21.12,0,59.7,5646.434630867972,24.2,1,0,,280.9,0.59,2.46,129.41,11.891
CAR193,35.88,10,54.5,2642.0,37.2,0,0,Highway,210.4,0.32,3.33,171.06,18.13
CAR154,9.06,10,58.8,2246.0,25.8,1,2,Rural,408.5,0.3,2.21,129.34,8.607
CAR125,31.3,20,,2029.0,30.8,0,1,Highway,275.3,0.83,0.28,12.61,1.859
CAR130,16.1,10,42.4,1931.0,30.8,0,0,Highway,277.6,0.05,3.04,125.43,8.868
CAR103,3.66,85,80.1,2886.0,24.6,1,1,Highway,114.4,0.44,2.38,164.63,3.477
CAR103,31.23,20,53.0,1950.0,38.6,1,2,Rural,426.2,0.67,3.75,205.45,29.668499999999998
CAR176,30.96,10,60.1,2348.0,28.5,1,0,City,309.8,0.38,2.59,135.04,16.215
CAR168,26.82,0,38.8,2690.0,27.5,1,2,City,374.6,0.44,1.76,58.7,6.854
CAR181,36.75,10,35.0,1370.0,29.7,1,1,City,338.0,0.36,1.32,44.84,5.781
CAR137,44.06,20,36.5,2857.0,10.4,0,2,City,140.5,0.31,1.93,66.63,10.781
CAR049,41.91,0,40.1,2401.0,31.8,0,0,Rural,217.5,0.05,0.88,30.76,2.071
CAR101,16.23,20,66.2,1893.0,15.4,1,1,City,268.3,0.72,0.62,35.23,5.89
CAR025,41.22,10,38.4,,36.7,1,1,City,128.1,0.35,0.87,32.13,3.683
CAR198,3.51,20,36.4,700.0,25.5,1,0,Rural,433.0,0.15,0.74,23.81,3.03
CAR029,27.46,10,55.2,2376.0,31.7,0,1,City,142.5,0.22,3.78,206.55,24.624
CAR101,32.77,20,31.9,,33.8,0,0,Rural,358.9,0.47,1.38,38.24,5.336
CAR068,29.76,85,41.2,3214.0,27.4,0,0,City,380.0,0.48,1.31,50.28,17.153
CAR086,12.84,10,88.0,1611.0,17.9,0,0,Rural,83.8,0.11,2.02,166.36,12.197999999999999
CAR198,36.8,20,47.5,2601.0,14.4,1,2,City,410.0,0.69,1.14,56.52,10.412
CAR149,5.01,20,47.0,2030.0,12.8,1,1,Rural,409.2,0.1,2.0,86.11,4.759499999999999
CAR033,5.82,20,32.3,2023.0,38.6,1,2,,178.7,0.35,2.4,78.79,5.529
CAR175,11.6,10,70.6,2259.0,31.2,1,1,Rural,105.3,0.35,1.21,86.85,10.04
CAR156,2.89,85,69.7,1535.0,35.7,0,2,Highway,422.7,0.47,2.13,127.04,2.7455
CAR190,21.71,0,46.2,2226.0,18.4,1,2,Rural,,0.77,2.19,99.79,12.218
CAR196,14.75,85,29.9,2071.0,41.8,0,0,City,239.8,0.77,0.26,7.05,2.499
CAR093,19.01,20,51.6,3121.0,24.9,1,1,Rural,92.0,0.55,1.61,73.22,12.082
CAR154,28.04,10,,1689.0,33.5,1,2,Highway,136.8,0.22,2.09,136.55,15.34
CAR091,21.78,10,47.6,1773.0,36.9,0,2,,336.9,0.79,2.31,102.77,12.927
CAR098,7.6,10,104.1,8471.647152885304,34.6,1,2,City,325.1,0.46,4.02,414.78,7.22
CAR113,18.39,10,62.7,2430.0,25.1,1,2,Highway,318.2,0.24,0.2,12.17,1.462
CAR015,21.24,10,52.5,1813.0,32.0,1,2,City,227.6,0.28,2.16,118.39,17.249
CAR175,38.0,85,75.0,3319.0,31.1,0,1,Rural,265.7,0.84,1.02,67.72,23.882
CAR030,21.05,20,21.5,2395.0,25.9,1,1,Rural,133.8,0.74,2.47,47.93,8.102
CAR048,25.03,10,35.6,2288.0,31.7,0,1,City,170.4,0.44,0.79,26.24,3.417
CAR188,40.76,20,56.6,1282.0,31.0,1,1,City,219.7,0.26,1.49,73.86,12.266
CAR121,33.44,0,51.6,2604.0,33.5,1,2,,231.4,0.3,2.77,121.65,10.73
CAR139,8.03,85,57.0,1946.0,27.5,0,0,Rural,80.0,0.23,4.48,262.96,7.628499999999999
CAR106,21.23,20,41.6,1981.0,31.7,0,0,Rural,401.9,0.81,4.11,157.65,20.168499999999998
CAR158,42.69,10,31.3,2440.0,32.5,0,0,City,329.9,0.83,3.49,105.45,14.545
CAR195,20.75,20,33.9,2659.0,23.0,1,1,City,349.8,0.2,2.37,72.0,11.707
CAR072,4.38,20,86.2,1929.0,28.4,0,1,Highway,413.5,0.18,4.36,381.39,4.161
CAR090,26.49,85,35.9,2878.0,35.5,1,0,City,198.2,0.18,1.94,62.08,20.494
CAR186,7.15,10,33.5,1262.0,33.5,0,1,City,86.3,0.21,0.53,16.36,1.781
CAR196,15.81,0,54.6,1371.0,18.7,0,1,,252.7,0.5,0.57,28.32,2.357
CAR144,35.41,0,52.0,1365.0,24.3,1,0,City,337.7,0.62,2.34,118.35,10.065
CAR142,22.36,10,32.7,2553.0,25.5,1,0,Highway,388.9,0.54,0.7,21.12,2.494
CAR071,22.65,10,65.6,1809.0,13.3,0,0,Highway,169.4,0.2,0.51,31.03,2.636
CAR020,11.23,20,93.7,2980.0,35.2,1,1,City,,0.06,2.16,208.9,10.6685
CAR046,3.8,20,62.1,889.0,32.1,0,1,City,84.9,0.19,3.19,194.92,3.61
CAR116,20.18,10,31.1,1568.0,35.6,1,2,City,330.1,0.27,0.92,25.51,3.628
CAR018,39.16,20,62.8,2747.0,23.9,0,1,City,254.1,0.53,2.25,135.04,23.199
CAR136,7.74,0,16.0,1903.0,42.4,1,1,City,158.3,0.77,2.17,34.0,4.396
CAR051,6.29,20,29.4,2161.0,17.7,1,1,City,343.1,0.43,3.61,107.41,5.975499999999999
CAR146,4.83,10,59.5,1560.0,34.6,0,1,City,187.9,0.42,3.58,198.39,4.5885
CAR102,22.5,20,42.7,2097.0,32.9,0,2,City,413.8,0.44,3.56,148.33,21.375
CAR034,21.35,10,28.4,1985.0,21.8,1,0,Highway,417.9,0.89,0.83,21.25,2.459
CAR090,16.85,85,54.2,1892.0,31.3,1,2,,365.6,0.09,0.75,39.65,13.671
CAR131,17.22,10,72.2,3027.0,12.9,1,1,Rural,309.7,0.36,1.26,91.26,11.566
CAR153,42.74,10,55.7,1965.0,33.7,1,1,Rural,121.0,0.27,1.19,69.08,7.797
CAR123,9.05,20,37.1,2026.0,14.6,1,2,Highway,233.7,0.66,1.17,39.51,6.499
CAR165,25.15,20,69.4,2356.0,23.6,1,1,City,178.4,0.44,0.46,29.17,4.91
CAR197,8.32,20,42.0,1470.0,20.8,1,1,City,403.5,0.46,2.05,87.68,7.904
CAR030,21.49,10,,1958.0,8.8,0,1,City,131.9,0.09,1.97,44.04,5.179
CAR123,37.57,20,57.4,2986.0,28.3,1,1,City,199.9,0.79,0.41,23.81,4.347
CAR143,23.51,20,34.0,2998.0,24.4,1,2,City,139.3,0.15,2.29,81.26,13.459
CAR105,42.86,10,41.3,1663.0,35.9,1,0,City,211.2,0.34,2.82,114.96,14.275
CAR176,6.02,10,41.1,2571.0,28.4,0,2,Highway,403.0,0.78,2.34,97.19,5.718999999999999
CAR188,27.48,85,19.4,2269.0,34.7,0,1,Rural,223.7,0.6,3.88,77.79,26.086
CAR029,8.0,20,42.7,2728.0,47.7,0,0,Rural,422.6,0.16,1.51,60.06,7.6
CAR155,31.27,85,68.8,2009.0,28.7,0,0,City,,0.76,3.15,200.57,29.7065
CAR040,43.47,10,30.2,1537.0,21.4,0,0,City,165.3,0.05,2.71,82.47,8.069
CAR104,4.8,0,51.1,3226.0,26.4,1,0,City,309.1,0.81,2.03,93.2,4.56
CAR141,39.31,20,36.6,2485.0,21.3,0,1,City,194.6,0.54,1.39,47.4,7.598
CAR097,41.29,20,25.6,2405.0,26.0,0,1,City,203.9,0.05,3.97,99.23,15.428
CAR156,8.06,10,59.9,2450.0,21.2,1,0,City,402.6,0.09,3.94,238.09,7.657
CAR167,42.16,0,42.0,1917.0,30.3,0,0,City,428.7,0.85,0.8,31.92,3.408
CAR198,2.79,20,29.7,1087.0,27.0,0,0,,87.5,0.32,0.42,10.75,1.453
CAR171,16.28,20,63.8,8264.145668217365,32.2,1,2,highway,379.8,0.49,0.8,53.07,8.381
CAR088,34.51,20,45.7,2468.0,21.6,0,0,Highway,91.7,0.06,0.49,20.11,2.155
CAR175,26.71,20,78.1,1792.0,21.1,0,1,City,96.8,0.07,2.7,219.48,25.3745
CAR147,29.73,0,306.9251571288299,1734.0,35.7,0,0,Highway,284.5,0.34,3.77,260.59,18.896
CAR027,36.02,20,67.1,3127.0,27.7,1,2,Rural,118.8,0.15,4.29,299.39,34.219
CAR110,31.39,10,63.7,2995.0,29.5,1,2,,409.2,0.57,3.01,193.64,27.573
CAR187,42.25,20,51.6,2608.0,37.3,1,1,Highway,263.1,0.51,4.3,232.16,36.101
CAR162,7.3,20,47.8,2227.0,26.6,1,2,Highway,160.3,0.74,1.51,73.38,6.935
CAR139,26.88,20,40.8,1822.0,48.0,1,2,Rural,236.1,0.09,2.72,96.23,17.226
CAR048,14.87,0,36.4,,27.5,1,1,Rural,176.0,0.68,1.06,38.28,4.08
CAR115,7.13,10,379.00606524241874,2163.0,33.4,0,0,Highway,158.3,0.89,3.38,245.3,6.773499999999999
CAR177,40.97,20,57.3,1903.0,37.7,0,2,Rural,409.1,0.51,3.07,184.27,31.967
CAR034,37.36,20,49.5,2248.0,21.0,0,1,,278.2,0.65,2.79,130.59,19.359
CAR143,12.64,10,30.9,2123.0,30.4,0,1,Highway,245.1,0.19,3.49,101.87,10.551
CAR074,16.65,85,54.5,700.0,37.6,0,2,Highway,123.0,0.52,0.4,21.87,7.194
CAR120,40.6,10,22.5,2597.0,28.8,1,0,City,183.5,0.64,1.51,30.55,3.796
CAR040,26.56,85,58.9,1997.0,30.9,1,1,City,325.9,0.55,3.84,225.77,25.232
CAR076,39.44,10,44.7,2633.0,28.7,0,2,City,355.6,0.5,1.56,62.82,9.661
CAR180,23.51,0,44.7,2846.0,22.8,1,1,City,140.9,0.15,0.51,22.48,2.027
CAR125,33.42,20,49.8,2723.0,32.6,0,0,City,80.7,0.54,1.63,81.66,11.587
CAR200,29.81,10,47.0,2310.0,34.2,0,1,Highway,136.7,0.14,1.01,42.05,4.351
CAR016,34.32,10,39.1,2314.0,34.4,0,1,Highway,131.3,0.06,4.03,137.06,13.398
CAR166,26.47,20,55.7,2185.0,42.1,1,0,Highway,431.8,0.36,3.16,157.29,23.514
CAR141,21.29,0,44.1,1519.0,33.6,0,2,Rural,301.5,0.28,1.05,45.08,4.061
CAR116,25.07,10,29.8,2651.0,30.9,1,0,Highway,419.3,0.86,3.79,103.83,12.348
CAR145,8.76,10,106.3,1806.0,29.9,1,1,City,323.3,0.72,0.48,52.37,7.854
CAR078,15.53,20,33.6,2979.0,22.4,1,1,City,72.9,0.78,2.94,84.08,14.753499999999999
CAR047,8.5,10,56.0,2127.0,21.2,0,0,City,415.8,0.47,1.11,56.12,6.675
CAR013,34.82,10,74.0,3555.0,23.7,1,0,City,446.6,0.32,1.07,69.77,9.517
CAR146,43.54,20,43.4,1621.0,15.9,1,1,Highway,128.5,0.66,1.89,79.46,11.452
CAR079,26.12,20,55.9,2366.0,12.2,0,0,Highway,244.3,0.5,1.24,64.26,8.938
CAR184,35.62,20,53.0,2729.0,30.0,1,0,City,210.4,0.16,0.34,15.93,2.394
CAR141,20.69,10,70.9,3063.0,34.8,0,1,Highway,214.7,0.16,1.57,97.81,10.308
CAR166,30.71,20,26.4,1636.0,33.8,1,2,City,111.5,0.06,0.39,8.79,1.37
CAR161,10.88,10,51.5,1866.0,32.9,0,2,City,100.2,0.34,3.49,172.35,10.336
CAR075,42.92,20,102.8,2486.0,24.3,1,1,City,181.9,0.61,3.11,333.22,40.774
CAR163,15.82,10,35.4,2899.0,28.1,0,1,Highway,224.6,0.42,3.82,135.16,15.029
CAR178,32.92,20,53.2,1774.0,17.0,1,2,City,203.9,0.57,2.6,143.67,24.79
CAR191,37.06,10,88.9,3150.0,21.3,1,1,City,257.8,0.42,0.77,67.09,9.255
CAR178,25.19,0,5.0,2598.0,17.0,1,0,City,135.6,0.34,4.0,18.64,1.801
CAR028,26.2,20,53.7,2718.0,25.1,0,2,Highway,179.2,0.57,4.26,225.24,24.889999999999997
CAR110,36.91,20,62.1,3071.0,37.4,1,1,City,178.7,0.67,1.82,108.77,20.599
CAR045,42.99,10,69.7,2805.0,20.8,1,1,Highway,331.8,0.47,0.27,19.52,2.498
CAR056,20.76,85,5.0,899.0,31.5,0,2,Rural,324.0,0.63,0.74,3.17,1.088
CAR025,27.97,10,8.8,1981.0,23.5,0,1,City,302.4,0.13,0.55,4.82,0.594
CAR057,8.07,20,40.6,,31.4,1,1,Rural,152.0,0.09,0.53,19.0,2.698
CAR166,29.76,10,,1508.0,44.0,1,1,Highway,157.0,0.24,3.46,126.81,16.532
CAR083,11.06,10,56.8,2586.0,30.3,0,1,Highway,252.8,0.88,3.9,206.67,10.507
CAR118,35.54,85,74.5,2598.0,31.4,0,1,Highway,277.5,0.51,2.91,222.23,33.763
CAR011,11.43,20,65.7,2275.0,19.1,1,2,City,183.4,0.16,2.04,128.95,10.8585
CAR059,38.88,20,35.5,,21.5,0,0,Rural,418.4,0.82,0.76,24.63,3.784
CAR177,31.35,10,60.4,2556.0,8.8,1,1,Rural,400.1,0.55,4.25,245.75,29.7825
CAR005,35.48,10,37.4,9058.237888388903,16.7,0,1,City,356.4,0.82,3.05,119.39,16.723
CAR123,29.06,20,28.5,1665.0,21.2,0,0,Rural,178.3,0.33,1.76,48.29,6.338
CAR101,29.13,0,48.9,2300.0,18.9,0,0,Highway,108.4,0.51,4.13,182.39,12.166
CAR198,10.58,20,24.5,2234.0,30.0,0,1,Highway,318.3,0.6,0.75,16.8,2.625
CAR194,19.63,20,15.3,,13.4,1,1,City,406.4,0.58,2.71,42.71,7.524
CAR185,5.26,20,38.7,1777.0,31.4,0,0,City,426.8,0.77,1.3,51.78,4.997
CAR194,6.44,10,64.0,2800.0,26.7,1,2,City,249.2,0.57,2.79,166.97,6.118
CAR185,41.61,20,80.3,2311.0,26.0,0,1,City,333.5,0.56,0.92,64.85,9.755
CAR061,40.12,20,215.77768622390465,,30.2,1,1,,176.6,0.26,1.32,62.33,10.655
CAR033,6.83,20,46.2,2660.0,21.4,0,0,Highway,180.8,0.63,1.19,53.22,6.4885
CAR103,41.72,10,18.1,1074.0,21.9,0,2,Highway,249.1,0.25,1.24,20.54,2.176
CAR001,35.26,10,44.0,1977.0,20.3,1,1,Highway,266.9,0.89,4.49,191.19,26.694
CAR139,31.67,85,75.2,1533.0,19.0,0,1,,169.7,0.28,0.63,43.83,13.62
CAR028,2.68,85,48.7,2244.0,37.9,1,0,Highway,242.4,0.76,0.97,48.56,2.546
CAR160,25.86,10,6.2,2098.0,46.3,1,2,Rural,321.8,0.38,0.47,2.56,0.408
CAR141,22.23,10,78.1,1529.0,16.7,0,2,City,120.2,0.86,0.4,30.25,4.471
CAR030,15.9,0,38.3,1890.0,33.8,1,2,Highway,373.7,0.56,3.67,135.06,13.225
CAR017,27.94,20,41.1,2165.0,25.7,0,1,Highway,383.1,0.58,1.12,41.61,6.408
CAR008,22.83,85,71.2,1967.0,39.6,1,2,Highway,394.9,0.18,3.92,285.51,21.688499999999998
CAR134,23.99,10,26.9,8300.059386717585,32.6,1,1,Highway,192.0,0.35,2.66,66.08,7.904
CAR067,13.28,20,29.2,2265.0,27.7,0,2,City,135.7,0.43,3.32,83.69,12.616
CAR119,6.4,10,17.6,1266.0,20.8,1,2,Highway,356.3,0.37,3.87,58.04,6.08
CAR182,17.51,10,84.9,2458.0,19.7,1,0,Highway,423.2,0.29,2.29,197.8,16.6345
CAR164,4.23,20,,,24.5,1,0,Highway,239.6,0.45,1.42,14.26,1.828
CAR015,16.69,20,48.1,2377.0,38.8,1,1,City,232.7,0.71,4.12,181.13,15.855500000000001
CAR066,19.27,10,85.0,1379.0,22.5,1,0,Highway,356.6,0.71,4.42,391.31,18.3065
CAR108,32.05,20,33.6,2551.0,15.9,1,1,Highway,262.8,0.65,1.76,54.59,8.485
CAR101,33.77,20,65.6,2557.0,26.4,1,2,Rural,158.3,0.22,0.27,16.2,2.648
CAR025,2.86,85,30.7,2304.0,25.4,0,1,Rural,164.4,0.18,4.03,113.18,2.7169999999999996
CAR146,4.04,20,50.2,969.0,26.4,0,1,City,336.1,0.44,2.96,126.95,3.8379999999999996
CAR148,9.01,85,33.9,2602.0,19.3,1,1,City,,0.61,0.73,25.49,8.5595
CAR199,17.3,10,42.8,1750.0,42.2,1,1,Rural,385.8,0.75,1.41,60.03,9.403
CAR190,33.59,0,36.2,3043.0,20.1,1,2,Highway,434.9,0.45,3.87,141.0,14.993
CAR045,3.46,0,73.1,2399.0,21.6,0,1,City,140.8,0.16,3.46,256.97,3.287
CAR132,20.57,10,65.4,1769.0,38.1,0,0,City,87.5,0.45,0.21,12.36,1.408
CAR146,44.88,85,51.8,2643.0,26.3,1,0,City,163.8,0.44,2.2,101.5,33.817
CAR142,40.25,20,59.9,2668.0,35.8,0,0,Highway,122.3,0.35,1.06,62.13,7.837
CAR190,11.44,20,74.9,1209.0,24.9,1,2,Highway,,0.72,0.88,64.77,10.05
CAR072,10.41,10,64.9,1863.0,40.9,1,2,Highway,226.0,0.53,0.92,51.32,7.399
CAR058,21.31,85,103.5,2089.0,30.6,1,1,Rural,110.5,0.14,1.47,153.11,20.2445
CAR002,41.08,0,80.8,2521.0,35.9,1,2,City,436.5,0.2,2.04,147.58,18.554
CAR184,6.58,10,17.3,2353.0,24.0,0,1,Highway,361.3,0.48,1.0,15.21,1.536
CAR133,3.05,20,32.0,1358.0,8.5,1,2,City,132.4,0.09,2.37,71.35,2.8974999999999995
CAR132,27.5,85,31.9,2517.0,31.7,0,0,Highway,381.8,0.5,2.34,69.85,21.828
CAR094,34.05,0,90.7,11165.176040401828,18.7,0,1,Rural,206.7,0.46,0.53,45.37,4.147
CAR001,20.82,10,61.7,1360.0,34.4,0,0,Highway,361.2,0.57,0.71,39.24,3.826
CAR148,4.66,10,50.0,2096.0,19.1,1,2,Rural,416.0,0.15,4.4,210.25,4.427
CAR198,32.76,20,28.9,1531.0,23.0,1,0,City,188.4,0.54,1.67,44.18,6.646
CAR184,33.16,20,42.2,2276.0,26.5,1,1,City,413.6,0.89,2.56,99.82,19.802
CAR147,40.62,20,12.2,2460.0,21.5,1,1,Highway,414.0,0.2,3.97,45.28,6.389
CAR166,32.75,20,42.1,3004.0,27.5,0,0,Rural,164.3,0.25,1.3,54.86,7.489
CAR117,31.75,20,62.6,1891.0,30.7,0,2,City,236.2,0.24,0.92,55.35,8.917
CAR026,4.14,20,55.3,2096.0,17.2,0,1,City,148.5,0.09,1.16,57.06,3.9329999999999994
CAR105,10.83,20,73.7,700.0,33.9,1,2,Rural,,0.2,2.41,157.9,10.288499999999999
CAR039,23.7,10,45.1,3400.0,21.9,0,0,Rural,434.4,0.51,1.85,79.54,9.594
CAR004,12.54,0,17.8,1637.0,35.3,0,0,Highway,330.7,0.25,2.27,36.21,2.053
CAR116,27.15,0,31.9,,29.2,1,1,City,287.9,0.81,2.82,91.05,11.707
CAR130,7.92,20,67.8,1174.0,24.7,1,2,Highway,211.2,0.07,1.71,100.12,7.524
CAR120,6.08,85,33.1,2208.0,20.0,0,2,Highway,135.6,0.08,0.55,16.93,5.202
CAR021,38.85,10,23.251905843093176,2721.0,18.3,1,0,City,376.3,0.18,3.88,20.02,2.277
CAR154,42.93,20,59.4,2581.0,29.8,0,0,City,122.4,0.58,0.61,31.5,4.725
CAR179,16.4,0,43.8,1215.0,31.8,0,2,Rural,421.6,0.26,0.41,16.17,1.436
CAR046,40.02,0,62.4,2511.0,5.3,0,1,City,357.0,0.06,2.35,142.19,12.417
CAR017,44.47,20,67.9,1853.0,18.2,1,2,City,241.1,0.77,2.26,157.26,28.615
CAR011,11.8,10,32.0,2565.0,35.0,1,1,Highway,412.2,0.57,2.38,78.57,9.712
CAR161,36.35,20,30.4,2719.0,27.0,0,2,Rural,170.7,0.34,0.92,28.21,4.338
CAR157,44.11,0,51.3,930.0,23.3,1,1,Highway,190.2,0.33,1.76,81.48,6.326
CAR087,2.08,20,66.4,2657.0,26.5,1,1,City,447.0,0.24,0.63,43.25,1.976
CAR180,8.14,10,77.6,3240.0,42.5,1,1,Highway,423.1,0.47,0.87,64.81,7.7330000000000005
CAR159,21.12,20,9.0,1469.0,38.5,1,1,City,116.1,0.57,1.29,11.82,2.082
CAR163,13.42,20,26.0,2544.0,21.8,0,2,Rural,87.1,0.56,2.76,74.29,12.317
CAR065,33.5,0,38.7,,7.3,1,0,Highway,128.9,0.15,0.29,9.98,0.65
CAR055,37.54,20,46.1,2367.0,18.1,1,1,City,275.6,0.44,4.43,173.67,28.662
CAR025,36.95,20,21.8,1776.0,24.0,1,1,City,388.1,0.59,0.56,11.27,2.047
CAR116,5.16,10,,1979.0,33.8,0,2,City,350.0,0.61,4.14,323.66,4.902
CAR085,34.83,85,49.3,1417.0,21.1,0,0,Highway,140.5,0.36,1.51,67.24,19.685
CAR059,17.2,85,54.1,2155.0,21.2,1,0,Rural,124.5,0.6,2.56,129.95,16.34
CAR173,25.92,20,62.8,2575.0,42.7,1,2,,171.9,0.45,3.05,188.64,24.624
CAR127,5.81,20,39.7,3113.0,35.3,1,1,Highway,387.4,0.56,0.73,28.42,4.606
CAR180,13.26,20,57.5,2222.0,29.1,0,1,City,75.3,0.06,1.93,105.13,12.597
CAR053,21.52,20,65.0,1549.0,29.9,0,2,City,269.8,0.49,3.9,257.97,20.444
CAR125,44.21,20,23.5,2539.0,15.3,0,1,Highway,177.6,0.53,1.54,36.17,4.747
CAR187,37.03,10,19.1,3111.0,27.3,0,0,Highway,358.0,0.61,2.0,33.3,3.691
CAR014,33.49,20,71.0,2232.0,15.2,0,2,City,425.3,0.4,0.67,47.15,8.076
CAR155,37.59,20,54.3,2488.0,26.3,0,1,City,229.6,0.1,1.28,65.33,9.661
CAR167,5.16,0,33.9,2628.0,16.4,1,1,,,0.73,0.55,18.75,2.21
CAR051,7.98,20,25.0,2075.0,31.9,1,0,City,195.8,0.39,4.08,95.96,7.581
CAR065,16.99,10,57.0,2328.0,28.3,0,0,City,306.8,0.56,0.96,56.5,6.595
CAR118,28.93,0,34.5,2092.0,43.8,0,2,Highway,354.6,0.48,0.46,15.59,1.711
CAR066,9.0,10,44.5,1441.0,29.4,1,1,Rural,339.4,0.53,0.22,8.39,1.015
CAR102,32.06,20,53.0,2465.0,11.3,1,0,City,224.4,0.42,3.69,168.8,25.575
CAR198,10.86,85,46.5,2407.0,24.0,1,1,City,408.4,0.56,2.58,118.18,10.316999999999998
CAR113,39.08,20,44.3,2869.0,29.7,0,0,Highway,336.2,0.89,1.73,67.31,9.527
CAR053,5.37,85,19.0,2388.0,33.2,1,2,Highway,411.5,0.47,2.5,42.53,5.1015
CAR039,19.66,0,30.9,2507.0,45.4,1,2,City,311.5,0.17,1.5,39.81,5.45
CAR161,17.61,0,75.8,700.0,,1,1,Rural,288.4,0.11,0.89,69.3,5.65
CAR063,33.29,20,36.4,2827.0,33.8,1,2,City,437.0,0.68,1.22,41.46,8.133
CAR116,32.41,20,61.1,2111.0,32.4,1,0,Rural,213.1,0.85,1.05,55.12,8.54
CAR017,26.5,20,73.3,1470.0,8.3,1,0,Rural,407.0,0.48,0.52,38.79,5.624
CAR162,21.87,85,40.0,2239.0,19.4,0,0,Highway,405.2,0.87,0.48,19.03,6.167
CAR026,6.53,20,67.6,2311.0,32.8,0,0,City,372.5,0.3,1.19,76.44,6.2035
CAR067,21.62,10,60.9,1593.0,24.8,0,1,Rural,252.8,0.15,0.61,34.25,3.425
CAR164,24.02,0,96.0,1301.0,38.2,1,0,Highway,215.3,0.18,2.93,260.6,18.994
CAR036,29.87,85,54.2,3085.0,25.3,1,1,Highway,423.4,0.29,1.04,56.19,18.463
CAR085,18.94,10,42.1,2808.0,29.8,1,1,City,366.0,0.6,1.7,62.97,8.826
CAR155,7.99,10,42.3,2226.0,16.8,0,1,Rural,132.9,0.25,4.1,176.93,7.5905
CAR161,34.47,10,63.6,2694.0,34.8,1,2,Rural,203.4,0.43,4.24,277.28,32.7465
CAR188,44.01,20,69.6,2173.0,12.3,0,2,City,379.5,0.4,3.74,262.55,41.80949999999999
CAR041,41.97,10,23.8,700.0,26.2,0,1,,398.3,0.35,3.72,77.16,8.698
CAR087,35.25,20,86.7,1931.0,25.3,0,1,Highway,160.8,0.85,2.02,160.41,23.041
CAR124,27.43,20,44.6,2162.0,29.5,1,1,City,309.3,0.23,4.41,184.41,26.0585
CAR156,19.22,0,18.5,1962.0,18.2,0,1,City,382.2,0.28,2.68,47.6,4.585
CAR001,5.07,85,44.6,2741.0,25.2,0,0,City,182.4,0.35,1.83,78.95,4.8165000000000004
CAR116,36.56,0,66.5,3178.0,24.3,1,2,Rural,413.5,0.86,2.71,186.96,25.278
CAR078,19.84,10,18.6,2356.0,32.4,1,1,Rural,430.6,0.48,3.52,65.02,8.721
CAR189,36.0,10,48.0,1827.0,12.8,0,0,City,387.1,0.1,1.56,70.76,7.903
CAR003,26.72,20,56.9,2536.0,36.2,1,2,Highway,418.8,0.54,1.31,74.27,12.715
CAR059,19.58,20,53.1,2181.0,29.5,0,1,Rural,227.5,0.77,0.64,31.18,4.383
CAR171,35.78,20,58.3,1643.0,28.8,1,1,Rural,239.6,0.26,3.54,183.91,28.257
CAR055,43.57,20,40.9,1933.0,32.3,1,2,Rural,292.4,0.69,1.84,75.26,12.919
CAR125,31.65,10,61.0,1962.0,26.6,1,2,Highway,361.7,0.41,1.82,111.72,14.081
CAR049,4.71,10,,1850.0,20.4,0,2,Highway,416.0,0.69,3.87,199.49,4.4745
CAR017,11.94,20,60.2,1271.0,27.2,1,1,Highway,148.6,0.39,3.1,159.21,11.342999999999998
CAR197,7.83,0,32.1,1903.0,32.8,0,2,City,81.2,0.68,3.78,108.7,7.4384999999999994
CAR174,12.7,10,33.0,1952.0,27.1,1,2,Highway,316.1,0.73,1.45,44.29,6.026
CAR014,12.65,10,67.7,,17.0,0,2,Highway,320.5,0.35,3.95,256.29,12.0175
CAR067,22.12,20,,1076.0,30.4,0,0,Rural,150.9,0.49,2.33,133.22,16.719
CAR094,33.21,20,18.1,2656.0,26.2,0,0,Rural,92.7,0.77,4.02,66.49,10.454
CAR140,26.42,10,,3202.0,25.2,1,2,Rural,77.7,0.13,2.32,145.43,20.389
CAR010,14.09,10,14.1,2248.0,36.2,0,2,City,98.8,0.35,2.58,31.84,3.926
CAR121,22.31,20,34.3,1451.0,33.6,1,0,Rural,192.9,0.19,1.92,63.12,7.763
CAR134,26.72,85,62.6,,36.4,1,2,,219.0,0.14,1.19,73.39,25.146
CAR184,4.78,10,59.8,1656.0,27.8,0,2,Rural,100.5,0.13,0.33,20.11,2.315
CAR042,12.58,0,23.4,2072.0,36.0,1,1,Highway,319.3,0.57,1.74,39.59,3.513
CAR017,8.32,10,51.9,1447.0,15.4,0,0,City,326.4,0.63,2.74,138.71,7.904
CAR174,15.73,10,83.8,1456.0,41.1,1,2,City,436.4,0.6,2.39,182.6,14.9435
CAR148,8.2,20,34.8,2429.0,34.2,0,0,City,135.1,0.24,1.15,39.07,5.528
CAR187,7.09,20,,2102.0,40.5,0,0,City,141.5,0.72,2.5,59.66,6.735499999999999
CAR160,22.14,10,52.4,1746.0,38.3,0,2,Highway,156.7,0.75,0.25,12.37,1.533
CAR049,35.03,20,60.6,2449.0,14.9,0,0,City,277.3,0.36,1.51,87.32,12.668
CAR069,10.44,10,48.9,2947.0,27.2,0,1,City,278.2,0.19,0.4,20.26,2.448
CAR155,18.74,20,34.5,1635.0,16.6,0,1,Highway,214.8,0.5,3.06,104.85,14.011
CAR053,35.81,20,40.0,2140.0,14.0,1,1,City,327.4,0.09,0.43,15.03,2.323
CAR055,19.01,10,22.8,1574.0,41.5,1,2,City,401.7,0.48,1.77,40.09,6.73
CAR193,20.23,20,45.9,1856.0,19.3,0,1,City,148.3,0.42,2.76,123.39,18.095
CAR131,29.73,0,88.7,2127.0,34.8,1,1,City,333.6,0.23,0.61,55.19,5.604
CAR122,13.73,10,52.1,1915.0,28.7,1,1,City,223.6,0.64,4.28,222.46,13.0435
CAR080,26.37,20,49.7,,33.5,0,1,City,368.9,0.77,4.39,225.85,25.0515
CAR101,32.33,20,83.5,1055.0,27.3,0,2,Rural,211.4,0.52,1.22,101.46,15.493
CAR089,16.3,0,59.4,2176.0,25.6,1,0,Rural,408.3,0.49,1.86,97.98,8.149
CAR145,36.9,10,61.4,1937.0,22.8,0,1,,447.8,0.7,4.48,274.21,35.055
CAR012,44.66,20,51.6,1606.0,,1,1,City,387.5,0.32,0.34,16.96,2.913
CAR091,5.3,20,25.9,2174.0,24.7,1,0,City,425.6,0.71,0.73,18.47,3.182
CAR144,26.67,10,45.0,2282.0,40.1,1,0,Rural,333.2,0.39,4.12,192.34,24.376
CAR092,17.25,20,48.5,7322.4081608782535,26.9,1,2,Rural,252.1,0.44,3.43,142.03,16.3875
CAR199,5.39,20,60.7,1909.0,24.0,1,2,Highway,238.7,0.83,1.46,87.72,5.1205
CAR180,41.39,0,23.5,,24.0,1,0,Highway,105.3,0.34,1.32,28.07,1.753
CAR013,2.23,10,69.6,,23.4,0,1,Highway,,0.8,1.31,89.15,2.1185
CAR022,39.12,20,17.9,2437.0,36.8,0,2,Rural,226.6,0.54,3.92,65.15,11.034
CAR032,43.82,10,77.1,3116.0,35.8,1,1,Highway,185.9,0.83,4.13,293.95,41.629
CAR001,37.88,0,65.0,1144.0,27.0,1,1,Highway,256.7,0.1,0.49,32.43,2.353
CAR161,28.5,10,44.8,2428.0,40.3,0,1,City,126.7,0.62,4.29,196.4,27.075
CAR088,28.93,0,20.2,2717.0,33.7,1,2,City,274.3,0.09,0.35,7.09,0.895
CAR083,23.78,0,57.4,2305.0,15.0,1,2,City,390.2,0.25,3.38,173.12,19.338
CAR151,36.25,20,69.6,2156.0,24.3,0,2,,128.0,0.35,4.04,242.81,34.4375
CAR083,28.34,20,49.8,1672.0,29.0,0,1,,282.6,0.86,2.56,128.6,22.734
CAR081,4.71,0,65.5,2711.0,18.1,1,2,Highway,194.8,0.22,0.35,23.71,2.301
CAR158,33.23,10,71.4,2008.0,34.2,1,0,,365.8,0.52,0.88,60.11,7.393
CAR192,32.44,10,42.4,3043.0,16.8,0,2,Highway,367.4,0.81,3.78,152.19,21.109
CAR053,29.03,10,53.6,2397.0,34.5,1,2,,222.3,0.21,1.19,59.4,8.398
CAR113,39.26,10,65.5,2029.0,27.6,1,1,Highway,281.1,0.07,3.62,209.57,22.804
CAR068,18.11,20,49.8,2354.0,32.6,0,0,City,279.9,0.11,4.03,201.05,17.2045
CAR145,5.54,0,52.4,1781.0,19.7,0,2,Rural,,0.39,2.82,154.23,5.263
CAR040,28.95,0,33.1,1584.0,22.7,0,1,,402.6,0.58,1.05,33.83,2.631
CAR078,15.53,20,33.6,2979.0,22.4,1,1,City,72.9,0.78,2.94,84.08,14.753499999999999
CAR132,41.03,20,61.2,1963.0,40.7,1,1,Rural,117.7,0.47,1.25,68.64,11.293
CAR129,29.64,20,67.8,2368.0,25.6,1,2,,414.4,0.53,4.2,242.49,28.157999999999998
CAR129,3.3,10,36.1,2701.0,27.2,1,0,Highway,274.3,0.18,0.94,31.27,3.026
CAR101,29.19,20,77.4,2085.0,25.2,1,1,,222.2,0.28,2.42,196.28,27.7305
CAR032,32.86,20,5.0,1012.0,17.4,1,1,,211.9,0.54,2.11,10.92,1.821
CAR194,22.36,20,24.7,2879.0,21.7,1,1,Rural,186.3,0.89,2.32,52.75,8.99
CAR137,41.82,10,61.7,,34.6,1,2,City,158.2,0.11,0.28,16.31,2.516
CAR171,26.3,10,73.5,1805.0,19.9,1,0,City,159.1,0.42,3.62,274.09,24.985
CAR181,32.52,20,50.7,3019.0,21.1,1,2,City,219.5,0.07,3.21,140.17,23.085
CAR180,39.02,10,30.4,1630.0,29.1,1,2,City,187.0,0.13,0.28,7.4,0.96
CAR148,21.14,20,45.5,2412.0,26.8,1,2,Highway,92.4,0.53,3.53,147.58,20.083
CAR020,11.16,10,50.2,1837.0,42.3,1,0,City,269.9,0.22,2.8,145.18,10.602
CAR087,25.18,85,60.6,3953.0,15.2,0,2,Highway,198.3,0.51,3.21,190.29,23.921
CAR048,12.49,85,61.9,4908.20819503011,24.3,1,1,City,199.2,0.17,2.74,153.48,11.865499999999999
CAR190,38.19,20,15.6,1837.0,28.9,1,1,Rural,325.1,0.76,2.22,34.67,5.566
CAR075,9.06,20,,2719.0,,0,1,Highway,298.1,0.89,4.27,200.98,8.607
CAR030,18.27,10,64.4,1799.0,28.3,0,1,Highway,106.2,0.26,3.41,227.13,17.3565
CAR189,7.47,20,42.3,2372.0,22.2,1,1,City,315.8,0.52,2.26,87.32,7.0965
CAR090,11.66,0,71.8,2279.0,34.8,1,1,City,366.9,0.75,2.36,166.24,11.077
CAR116,17.06,20,56.1,1579.0,22.0,1,0,Highway,201.0,0.09,2.3,126.71,15.492
CAR035,22.62,10,56.1,1351.0,35.6,0,1,Highway,277.2,0.86,3.79,222.97,21.489
CAR016,10.09,85,63.0,2399.0,35.3,1,0,City,109.7,0.83,2.97,190.9,9.5855
CAR171,29.77,85,66.6,1929.0,15.1,1,1,City,433.5,0.75,1.41,82.47,28.281499999999998
CAR069,37.4,20,63.5,3498.0,26.6,0,0,City,175.1,0.79,0.38,22.08,3.502
CAR081,40.04,20,55.5,1650.0,20.2,0,2,Highway,92.6,0.5,0.86,47.24,7.267
CAR093,8.61,10,52.8,2286.0,28.3,1,0,Rural,413.4,0.81,1.36,66.06,8.179499999999999
CAR048,21.97,20,44.9,2323.0,26.2,0,1,Highway,,0.78,3.43,143.14,20.157
CAR123,5.28,10,32.4,2043.0,26.3,0,1,City,410.2,0.08,3.71,105.96,5.016
CAR113,2.19,85,44.4,2649.0,45.0,1,1,Rural,227.6,0.44,3.79,149.28,2.0805
CAR164,11.63,0,46.3,1736.0,35.7,0,2,City,424.0,0.62,1.94,81.91,9.34
CAR184,2.36,10,92.2,,20.3,1,1,Rural,386.9,0.79,4.29,403.89,2.242
CAR046,23.89,85,45.2,2848.0,27.2,0,0,City,168.9,0.45,2.34,105.47,22.6955
CAR105,3.39,10,26.1,2556.0,33.7,0,2,City,433.1,0.8,4.44,115.53,3.2205
CAR184,19.8,20,36.9,2175.0,42.8,0,1,Highway,123.0,0.51,3.36,116.72,18.81
CAR054,32.75,0,75.1,1937.0,31.1,0,2,Highway,393.4,0.66,1.56,121.13,12.909
CAR026,39.79,10,32.9,2189.0,26.5,0,1,Highway,258.9,0.1,0.37,10.6,1.006
CAR053,10.86,85,34.5,2503.0,25.9,1,2,Rural,328.7,0.48,4.49,152.93,10.316999999999998
CAR038,44.42,20,53.0,2202.0,27.5,1,1,Highway,85.4,0.77,3.87,213.9,33.3
CAR083,34.53,0,47.2,1870.0,27.7,0,0,Rural,208.7,0.73,0.73,31.47,2.322
CAR093,17.53,10,55.7,1716.0,35.3,0,1,Highway,349.1,0.42,4.04,233.46,16.6535
CAR074,16.39,20,49.8,1870.0,37.2,1,0,City,80.4,0.12,3.48,154.46,15.5705
CAR036,11.58,10,61.3,2982.0,31.5,1,1,Rural,355.5,0.43,4.14,258.89,11.001
CAR095,22.67,10,45.1,2171.0,25.1,0,0,Highway,271.7,0.32,1.0,40.51,3.55
CAR196,37.53,10,40.4,2139.0,6.0,1,1,City,,0.54,2.22,85.46,11.953
CAR187,29.6,20,39.9,2757.0,27.9,0,2,Highway,319.2,0.07,3.99,137.72,19.002
CAR088,31.15,10,26.8,2507.0,24.8,1,0,City,273.0,0.83,0.69,19.28,2.605
CAR132,14.92,10,46.6,1954.0,32.2,1,2,Highway,218.3,0.34,2.94,127.35,14.174
CAR037,26.25,10,28.1,1791.0,27.9,1,0,,440.4,0.09,2.91,79.28,7.913
CAR046,28.94,20,53.0,1229.0,29.2,1,2,City,331.9,0.43,4.32,236.8,27.493
CAR028,23.58,20,33.0,2655.0,25.3,0,1,City,162.2,0.77,0.75,24.38,4.095
CAR028,37.07,10,68.3,11600.131075571162,24.7,0,1,City,240.7,0.35,0.62,40.11,5.06
CAR013,19.53,10,179.9697512255412,2595.0,33.6,1,1,City,431.6,0.51,2.43,83.63,12.19
CAR083,39.95,20,16.7,1696.0,34.7,1,1,Highway,320.1,0.07,2.47,38.7,5.203
CAR029,12.78,20,7.8,2301.0,32.5,1,0,City,95.2,0.61,2.88,22.11,3.52
CAR190,38.65,0,26.1,2041.0,34.5,1,0,Highway,89.2,0.15,4.25,104.83,7.691
CAR157,24.8,20,10.7,2197.0,31.9,0,0,City,245.9,0.08,2.94,26.83,3.532
CAR186,41.4,85,41.8,1054.0,32.1,0,2,Highway,425.3,0.81,4.44,159.62,39.33
CAR157,42.78,10,32.2,2332.0,35.7,1,2,City,109.6,0.24,2.18,60.91,8.846
CAR026,32.65,0,51.8,3479.0,22.8,0,2,City,384.5,0.27,4.23,195.09,21.431
CAR084,31.31,20,69.2,1757.0,20.1,0,2,City,344.7,0.34,3.75,235.26,29.7445
CAR028,25.72,20,28.7,2377.0,13.9,0,2,City,196.9,0.15,1.2,30.21,5.209
CAR195,4.8,10,28.0,3226.0,26.3,0,1,Highway,267.9,0.6,2.58,74.6,4.56
CAR137,20.36,10,11.7,1226.0,25.7,1,1,City,181.5,0.43,3.54,36.55,4.54
CAR117,36.62,0,21.6,1538.0,7.1,0,2,City,151.0,0.06,1.53,32.55,3.236
CAR175,42.03,85,64.3,1891.0,22.8,1,0,City,191.5,0.65,1.87,116.99,39.725
CAR074,32.23,20,47.6,2420.0,22.7,0,1,Rural,443.6,0.2,3.63,149.86,21.672
CAR027,32.64,20,44.3,1891.0,24.9,0,2,Highway,254.0,0.53,2.96,119.55,17.656
CAR120,24.07,0,61.2,2216.0,38.2,1,1,City,447.3,0.41,0.46,24.1,2.85
CAR039,7.36,20,56.7,2228.0,9.7,0,0,City,318.6,0.89,1.41,79.77,6.992
CAR087,28.87,20,49.6,1413.0,23.0,0,0,City,100.7,0.89,1.43,61.93,9.691
CAR161,29.96,85,89.6,2320.0,25.6,0,0,City,392.3,0.78,1.77,161.16,28.462
CAR149,25.99,20,64.7,2250.0,19.1,0,2,Highway,277.2,0.88,1.3,87.36,14.703
CAR020,30.21,10,32.9,1277.0,33.1,0,0,City,86.7,0.75,1.13,34.58,3.77
CAR198,30.01,10,40.1,2546.0,22.0,0,2,City,248.9,0.43,3.57,124.41,18.229
CAR172,21.58,85,14.5,2286.0,24.7,1,0,City,122.4,0.77,1.28,19.13,6.648
CAR059,15.16,0,67.3,2262.0,20.7,0,2,City,424.1,0.6,0.25,16.66,2.099
CAR084,23.93,0,28.2,3104.0,38.9,1,0,Highway,252.6,0.78,3.99,104.16,10.441
CAR153,14.77,10,42.0,1732.0,40.1,1,0,City,394.1,0.43,3.22,122.92,14.0315
CAR179,30.15,10,74.4,3301.0,33.9,0,1,City,392.6,0.86,3.09,205.76,28.6425
CAR079,4.06,10,66.9,1653.0,15.6,0,1,Highway,279.8,0.67,1.64,104.78,3.8569999999999993
CAR047,26.92,10,68.4,700.0,15.8,1,0,City,104.7,0.38,3.49,236.18,25.198
CAR027,33.73,85,87.2,3392.0,27.6,1,2,Rural,229.1,0.21,1.44,128.53,32.043499999999995
CAR090,37.3,10,94.6,3098.0,37.8,1,0,Highway,203.9,0.73,1.76,174.38,22.164
CAR162,25.78,10,11.2,1614.0,28.2,1,0,City,,0.67,0.99,10.57,1.304
CAR125,30.63,20,58.7,2262.0,24.1,0,0,Highway,395.9,0.27,4.13,209.38,26.147
CAR192,19.07,10,42.5,2675.0,30.0,0,1,City,246.1,0.85,3.47,139.44,18.1165
CAR017,2.41,10,58.4,2644.0,20.9,1,0,Highway,383.1,0.86,2.87,171.52,2.2895
CAR003,28.78,10,52.7,1199.0,23.0,1,1,City,429.3,0.67,2.27,110.99,16.486
CAR132,14.27,10,33.3,2390.0,23.9,1,2,Highway,,0.6,2.74,85.09,11.451
CAR175,40.12,10,80.7,3238.0,15.8,0,1,Highway,407.2,0.62,2.66,218.28,27.426
CAR028,26.63,10,43.3,2666.0,10.2,1,1,City,146.7,0.24,3.84,162.38,20.236
CAR076,5.16,20,64.0,3022.0,39.2,1,2,City,171.8,0.59,2.79,180.43,4.902
CAR109,12.44,20,7.6,2027.0,,1,2,City,207.7,0.67,2.87,22.41,4.073
CAR149,26.87,10,5.0,2638.0,34.6,0,0,City,199.3,0.24,0.96,4.9,0.577
CAR123,22.06,20,34.4,1512.0,14.7,1,0,City,152.3,0.23,3.4,119.8,16.656
CAR152,20.62,85,75.6,1867.0,19.1,1,1,Highway,130.3,0.48,1.97,142.2,19.589
CAR187,31.43,85,,1695.0,,1,1,City,128.3,0.56,2.45,74.54,25.236
CAR086,30.19,85,47.0,3643.0,29.7,0,1,city,130.2,0.32,2.35,106.49,28.6805
CAR035,27.74,20,53.3,3082.0,21.7,1,2,City,330.1,0.78,0.81,44.7,9.076
CAR010,21.89,10,64.2,2746.0,,0,0,City,386.5,0.28,0.51,34.31,4.09
CAR135,3.23,20,44.3,2148.0,20.9,0,1,City,173.1,0.44,3.46,149.9,3.0685
CAR004,18.61,0,,,29.8,1,1,City,182.1,0.53,4.28,287.53,17.679499999999997
CAR082,26.99,85,44.2,2713.0,17.6,0,1,Rural,414.2,0.48,2.36,98.67,25.640499999999996
CAR179,16.93,20,71.0,2387.0,24.7,0,2,City,291.3,0.89,2.92,180.81,16.083499999999997
CAR064,37.42,10,57.3,1312.0,15.6,1,2,Rural,325.4,0.55,2.78,163.52,22.682
CAR113,44.59,20,,2628.0,25.9,1,1,Highway,438.2,0.58,0.78,37.21,6.024
CAR123,15.09,0,73.4,2003.0,25.8,1,1,City,425.6,0.47,3.47,227.6,14.3355
CAR173,42.24,20,39.4,2652.0,18.8,1,1,Highway,412.4,0.72,3.52,139.65,23.774
CAR119,15.44,85,42.4,3616.0,13.7,1,1,Rural,276.9,0.1,3.31,124.04,14.668
CAR080,32.76,85,47.9,2013.0,28.9,1,0,City,335.6,0.49,2.95,146.56,31.121999999999996
CAR111,39.81,20,32.7,2583.0,29.1,1,2,Highway,179.0,0.4,3.47,103.78,16.888
CAR130,28.26,0,71.9,2526.0,23.1,0,0,Highway,314.8,0.16,1.63,115.02,5.77
CAR028,16.45,10,7.0,3326.0,14.8,0,2,City,288.3,0.83,2.2,14.25,2.35
CAR078,13.38,10,42.6,1543.0,13.8,1,0,Highway,112.0,0.61,3.19,120.2,11.972
CAR135,33.73,20,36.9,2259.0,35.0,1,0,City,332.2,0.57,2.85,98.53,14.94
CAR184,24.33,0,60.1,2601.0,35.6,1,2,Highway,401.3,0.34,0.93,52.11,5.595
CAR012,16.61,20,37.2,1557.0,32.4,0,1,City,126.6,0.41,0.85,31.0,4.698
CAR178,36.37,20,45.3,2690.0,29.4,1,0,City,340.1,0.12,1.72,80.18,12.207
CAR044,23.27,10,90.0,1654.0,26.3,1,2,,186.1,0.89,2.89,229.05,22.106499999999997
CAR021,32.42,20,43.1,2163.0,20.4,0,0,City,320.5,0.65,1.65,68.14,11.114
CAR161,34.53,10,48.7,2189.0,47.7,1,2,City,280.4,0.44,2.36,111.17,20.358
CAR168,10.71,20,40.6,1994.0,37.6,0,1,City,351.4,0.66,3.44,127.43,10.1745
CAR009,37.16,0,19.1,2060.0,28.2,1,2,City,114.8,0.14,0.67,11.29,1.244
CAR081,34.51,20,18.3,1537.0,33.0,1,1,city,386.1,0.3,3.17,50.5,8.231
CAR140,14.58,20,26.9,2673.0,22.0,1,2,Highway,115.8,0.36,1.75,43.83,6.621
CAR073,35.75,10,52.2,2270.0,22.1,0,0,,319.7,0.23,1.62,85.99,10.581
CAR026,31.65,10,53.8,2414.0,,0,2,City,305.4,0.83,1.04,55.17,7.626
CAR173,40.36,0,73.3,913.0,15.6,0,0,Highway,385.0,0.35,2.73,203.83,12.738
CAR191,27.64,10,64.4,2949.0,32.1,1,1,Highway,449.5,0.39,0.61,37.56,4.435
CAR058,25.8,20,52.5,2482.0,21.4,0,0,Rural,359.3,0.11,2.08,95.9,12.897
CAR161,40.9,0,12.0,1794.0,24.9,1,1,City,109.6,0.58,1.87,19.66,1.905
CAR094,15.13,10,34.8,2081.0,32.3,1,1,Rural,349.0,0.65,2.95,99.62,12.553
CAR118,35.26,20,30.8,2926.0,43.3,0,1,Rural,282.7,0.53,3.59,111.98,19.545
CAR109,35.25,20,16.5,1529.0,42.7,0,1,City,92.4,0.05,2.87,46.44,7.738
CAR063,4.84,85,51.6,1292.0,19.5,1,1,Highway,181.5,0.35,1.51,81.24,4.598
CAR133,10.99,0,36.6,2210.0,27.8,1,1,Highway,233.2,0.33,0.98,36.84,3.172
CAR042,9.53,20,72.7,1758.0,29.1,1,2,City,307.5,0.34,1.64,114.87,9.0535
CAR199,34.85,20,47.0,2589.0,20.6,1,2,City,372.6,0.33,1.26,53.18,9.886
CAR111,42.01,20,60.7,1536.0,25.2,0,1,City,,0.37,3.46,204.85,32.837
CAR032,25.54,10,66.5,3216.0,22.0,0,1,Highway,405.4,0.79,1.27,82.0,10.536
CAR161,42.94,20,56.7,1334.0,27.3,0,1,City,272.9,0.77,0.44,24.16,3.991
CAR125,33.11,20,59.3,2706.0,25.2,1,2,City,316.2,0.74,2.3,123.91,23.791
CAR190,43.67,10,49.1,2592.0,19.9,0,1,City,425.1,0.81,1.55,69.05,10.34
CAR166,41.49,10,31.9,2365.0,36.0,1,2,City,82.9,0.75,2.51,83.71,13.201
CAR132,23.3,20,57.8,,36.6,0,0,Highway,417.4,0.82,3.39,176.91,22.134999999999998
CAR168,32.09,20,5.0,1744.0,33.6,0,2,Rural,201.2,0.25,3.53,17.38,2.567
CAR051,6.39,85,,1429.0,28.6,0,1,Highway,239.2,0.86,0.81,42.03,6.070499999999999
CAR111,14.13,10,32.6,2767.0,39.2,0,1,Highway,254.4,0.48,1.48,48.06,6.142
CAR150,25.69,20,47.4,2453.0,33.4,0,0,City,255.0,0.85,1.38,65.9,10.828
CAR161,33.23,10,37.0,2250.0,23.6,0,2,Highway,209.4,0.15,1.74,62.05,6.956
CAR156,13.44,10,52.0,2264.0,37.1,1,2,Highway,201.3,0.27,2.72,122.56,12.767999999999999
CAR054,26.1,85,30.5,2419.0,27.3,0,0,City,432.3,0.06,2.15,67.74,21.87
CAR194,11.32,0,41.2,1714.0,29.6,1,2,Highway,127.5,0.78,1.1,44.91,4.383
CAR057,40.96,20,73.5,2284.0,28.6,1,0,City,137.7,0.09,3.47,259.87,38.453
CAR048,14.64,10,51.0,1763.0,39.0,1,2,Rural,259.6,0.6,4.46,233.56,13.908
CAR014,15.72,10,46.1,3087.0,24.0,1,2,Highway,307.4,0.05,3.49,152.41,14.934
CAR071,36.44,10,74.0,1306.0,29.0,0,0,City,128.0,0.45,4.0,264.63,28.741
CAR152,5.8,20,331.10713920564683,,17.1,1,1,,99.6,0.07,3.5,216.58,5.51
CAR154,32.32,20,29.9,2514.0,26.9,1,0,Rural,139.5,0.2,0.71,19.35,2.677
CAR082,9.19,0,26.9,1016.0,33.7,1,2,Rural,180.2,0.88,2.92,73.96,8.7305
CAR021,33.93,20,62.7,3091.0,30.6,0,1,Highway,211.3,0.84,1.47,85.36,13.031
CAR035,36.66,10,57.9,2522.0,19.1,1,1,Highway,206.4,0.65,0.61,33.28,3.917
CAR187,44.2,10,55.1,2275.0,32.2,1,1,Highway,236.3,0.27,4.31,218.87,26.465
CAR110,34.92,0,85.9,2211.0,26.4,1,2,Rural,324.1,0.41,3.08,270.1,29.626
CAR045,11.16,10,17.4,2547.0,35.1,0,0,Rural,435.0,0.36,0.83,14.93,1.749
CAR117,35.39,10,46.6,2442.0,28.3,0,1,City,129.2,0.49,0.58,26.48,3.408
CAR116,25.95,10,25.6,2704.0,23.0,1,1,City,442.2,0.31,2.88,73.28,10.238
CAR043,35.03,10,38.8,2275.0,32.6,0,0,Highway,411.6,0.3,0.55,20.28,2.098
CAR093,10.88,0,35.2,2138.0,29.7,1,1,Highway,143.4,0.8,3.21,116.47,10.336
CAR071,33.28,10,34.6,2340.0,25.4,1,2,Rural,84.4,0.1,2.71,96.05,11.986
CAR121,16.63,10,21.5,3389.0,20.5,1,0,Highway,223.1,0.84,2.72,51.62,6.328
CAR152,16.31,20,57.9,1376.0,34.7,1,1,Rural,141.9,0.61,1.45,87.05,13.905
CAR171,19.82,20,7.7,1749.0,18.7,0,2,Highway,301.0,0.67,0.35,2.32,0.358
CAR144,10.45,85,51.5,,38.3,0,1,Highway,,0.32,0.8,36.59,9.927499999999998
CAR160,24.84,10,41.5,2274.0,38.7,1,2,Highway,106.0,0.49,3.19,118.27,16.228
CAR017,33.25,85,52.7,2111.0,35.8,0,0,Highway,261.3,0.78,2.7,143.68,31.5875
CAR114,38.54,10,62.3,1414.0,37.1,0,2,City,371.3,0.11,2.79,179.41,25.205
CAR147,7.8,0,92.8,1580.0,36.6,0,0,City,304.2,0.12,0.52,48.55,3.404
CAR132,17.7,20,38.0,2299.0,21.5,1,1,City,209.7,0.2,3.15,111.98,16.814999999999998
CAR177,32.91,20,61.7,1229.0,,1,1,City,364.4,0.89,3.07,176.11,29.387
CAR100,30.0,20,44.7,1878.0,25.2,1,0,City,187.5,0.65,4.08,164.3,23.762
CAR131,19.82,20,54.7,2543.0,40.5,0,2,City,392.4,0.77,2.31,111.37,18.829
CAR152,32.04,20,101.7,2293.0,34.6,1,0,City,446.6,0.71,4.21,401.4,30.438
CAR109,11.9,85,39.5,1647.0,28.5,1,1,City,162.9,0.07,1.84,71.19,11.305
CAR115,26.32,10,39.5,3283.0,27.4,0,0,Rural,408.4,0.17,2.21,89.67,9.726
CAR030,5.39,10,52.3,1322.0,19.8,1,1,Rural,326.9,0.16,0.32,17.07,2.191
CAR154,4.33,10,65.2,2273.0,32.4,1,0,,226.8,0.2,2.86,180.59,4.1135
CAR048,30.91,10,50.6,2770.0,27.2,0,1,Rural,,0.37,0.76,35.36,4.379
CAR085,24.95,20,67.8,2885.0,32.8,0,1,Highway,196.0,0.19,3.4,210.18,23.702499999999997
CAR002,25.72,0,67.6,13683.126748583942,37.4,1,1,City,134.6,0.2,2.35,164.7,18.616
CAR186,4.88,20,57.6,1036.0,35.8,1,1,Rural,412.5,0.2,3.47,189.54,4.636
CAR152,22.02,0,71.4,1597.0,18.9,1,0,City,90.0,0.41,2.59,170.64,15.748
CAR197,8.72,10,51.7,2299.0,26.6,0,0,City,318.3,0.57,1.68,84.11,8.284
CAR026,23.47,20,60.9,1484.0,47.3,0,1,City,296.4,0.36,1.36,82.25,14.239
CAR011,6.16,20,,1799.0,22.4,0,1,City,376.5,0.36,1.39,54.68,5.851999999999999
CAR058,6.91,10,50.8,8974.439211888388,23.4,1,2,Highway,219.6,0.85,0.54,27.95,3.622
CAR147,5.12,20,73.7,2610.0,34.7,0,2,City,124.8,0.14,3.72,265.14,4.864
CAR063,12.94,10,55.9,2811.0,28.3,1,2,Rural,,0.61,0.88,42.35,6.499
CAR123,38.5,20,75.6,1364.0,28.0,1,1,City,245.5,0.74,3.99,293.58,36.574999999999996
CAR183,9.87,20,84.1,3093.0,25.7,0,2,Highway,170.2,0.8,2.76,226.33,9.376499999999998
CAR060,6.49,20,52.9,2311.0,35.8,0,1,Highway,259.3,0.83,2.53,128.32,6.1655
CAR176,4.99,20,70.6,1996.0,15.7,1,0,City,,0.06,1.93,136.12,4.7405
CAR147,36.65,10,58.6,3062.0,33.6,1,0,City,,0.82,2.46,149.03,20.261
CAR023,21.82,20,47.1,2222.0,23.7,0,1,Rural,76.8,0.85,0.55,25.86,4.029
CAR150,3.97,20,36.9,2912.0,18.0,0,2,Rural,178.7,0.23,4.29,157.78,3.7715
CAR115,35.21,20,,2743.0,31.3,0,1,City,71.9,0.19,1.72,65.32,10.024
CAR006,14.7,10,29.9,2516.0,27.7,0,0,City,355.1,0.05,4.04,110.15,12.438
CAR024,30.35,0,49.1,1858.0,33.4,1,0,City,230.3,0.76,2.29,110.73,11.936
CAR149,17.68,85,54.0,3194.0,30.9,0,0,City,259.3,0.61,3.29,180.16,16.796
CAR027,31.01,20,80.1,1764.0,26.8,0,1,City,349.4,0.26,2.96,242.82,29.4595
CAR003,37.36,20,70.1,1595.0,29.7,1,2,Rural,285.3,0.48,3.36,237.13,35.492
CAR077,22.45,10,9.2,1487.0,14.4,1,0,City,109.5,0.63,1.0,8.0,0.92
CAR042,39.27,10,,2409.0,36.4,0,0,City,206.7,0.31,3.77,159.33,18.593
CAR079,15.68,10,35.9,2648.0,11.7,1,1,rural,102.5,0.79,2.51,87.57,12.048
CAR089,33.66,10,68.2,2899.0,17.0,1,1,Rural,366.1,0.9,0.58,38.13,5.558
CAR133,44.5,20,36.5,1767.0,31.9,0,0,Highway,120.1,0.06,0.22,8.24,0.877
CAR163,19.88,10,39.3,2632.0,34.7,1,1,,430.7,0.56,1.34,47.35,6.816
CAR114,41.68,10,52.4,2590.0,21.8,1,0,City,239.3,0.1,3.34,172.08,20.556
CAR085,9.89,85,27.9,2663.0,38.2,0,1,City,132.9,0.31,2.01,57.44,9.3955
CAR057,15.23,10,51.7,2736.0,18.8,1,2,Rural,350.6,0.85,0.47,21.62,3.332
CAR011,12.3,10,54.9,7869.0947647149405,26.1,0,1,City,144.1,0.34,1.18,67.43,8.988
CAR040,43.19,10,,1717.0,37.9,0,0,Highway,219.1,0.4,1.52,53.25,5.135
CAR157,26.41,0,50.5,,34.8,0,2,Rural,319.9,0.06,1.23,63.59,6.032
CAR037,23.43,85,42.3,1739.0,36.8,0,0,City,208.6,0.28,3.44,140.92,22.258499999999998
CAR162,37.83,0,74.6,1617.0,48.0,0,1,Rural,270.2,0.85,2.86,196.87,25.541
CAR194,34.27,20,36.4,2582.0,31.6,1,2,Highway,330.3,0.63,2.78,86.68,13.674
CAR040,32.31,10,55.0,2152.0,41.5,1,1,City,70.4,0.14,2.12,103.99,13.679
CAR075,6.38,10,64.9,2849.0,23.0,0,1,City,114.7,0.78,3.57,214.14,6.061
CAR074,11.17,20,23.4,2743.0,,0,2,,,0.56,2.96,63.38,10.029
CAR076,24.11,20,65.5,2098.0,38.5,1,1,Highway,331.4,0.29,2.17,123.37,17.665
CAR105,16.81,10,51.4,,24.9,1,1,City,285.9,0.61,3.08,144.6,15.969499999999998
CAR018,37.35,10,40.5,2802.0,32.0,0,2,City,270.8,0.44,2.06,87.41,11.802
CAR115,30.99,0,28.7,3396.0,26.7,0,2,Rural,232.9,0.12,3.47,102.35,9.984
CAR039,25.02,20,65.1,2457.0,,1,1,City,317.5,0.49,3.79,219.53,23.769
CAR008,20.1,10,32.4,2138.0,24.3,0,2,Highway,294.1,0.44,2.86,82.14,9.969
CAR013,30.85,10,98.5,3623.0,13.5,0,0,Highway,291.8,0.51,0.69,62.9,7.355
CAR135,22.62,20,55.3,2730.0,32.1,0,2,Highway,82.2,0.65,3.59,171.66,21.489
CAR200,44.18,20,63.8,1366.0,43.0,1,2,,123.8,0.8,0.69,44.43,8.534
CAR120,24.95,20,97.3,1955.0,28.0,0,2,City,104.4,0.05,1.78,158.12,23.702499999999997
CAR141,3.99,10,45.8,2664.0,24.4,1,1,City,90.0,0.08,2.26,91.16,3.7905
CAR062,29.77,20,49.9,1232.0,13.8,0,2,Rural,329.5,0.1,1.01,45.65,6.883
CAR007,13.75,20,84.8,,33.1,1,1,Highway,115.1,0.13,1.36,114.9,13.0625
CAR123,11.46,20,83.7,1666.0,23.8,0,0,Highway,361.3,0.8,3.11,223.02,10.887
CAR016,22.56,10,29.0,2275.0,25.8,1,1,City,393.8,0.81,1.04,30.19,4.501
CAR195,40.69,10,64.0,2002.0,40.4,0,0,City,230.3,0.2,1.41,88.86,9.942
CAR104,40.22,20,326.92179615389,,41.5,1,0,City,252.1,0.36,2.36,154.41,25.178
CAR019,34.5,10,59.4,1119.0,25.9,0,0,City,141.0,0.08,2.76,148.4,15.374
CAR078,26.96,20,17.4,1886.0,40.3,0,1,City,128.2,0.43,2.28,36.74,6.246
CAR071,33.08,0,61.1,1419.0,27.5,1,0,Rural,105.5,0.35,0.46,26.65,2.05
CAR041,10.07,20,75.1,2233.0,,1,0,City,352.5,0.56,2.88,200.63,9.5665
CAR047,17.73,20,45.3,2641.0,33.0,0,1,City,141.8,0.3,1.4,65.87,10.254
CAR053,42.98,20,70.4,2796.0,14.5,1,1,City,364.7,0.74,2.8,176.23,33.091
CAR144,32.87,10,55.4,1848.0,31.2,1,1,Rural,189.7,0.4,0.99,49.98,6.452
CAR037,14.37,0,25.5,1924.0,25.7,0,2,Highway,97.5,0.77,4.04,91.99,8.895
CAR104,38.83,20,35.3,2089.0,32.1,1,2,City,207.4,0.33,0.99,32.08,5.566
CAR075,21.1,20,99.5,2368.0,26.5,1,2,Highway,193.3,0.4,0.27,25.59,3.581
CAR036,5.68,20,40.3,2502.0,22.9,0,0,City,310.7,0.66,4.35,181.22,5.396
CAR037,12.89,20,78.9,1502.0,,0,2,City,83.6,0.56,2.32,164.46,12.2455
CAR161,35.94,20,42.9,1789.0,23.2,0,0,Highway,432.7,0.75,1.62,68.83,10.219
CAR124,43.65,10,25.2,2926.0,27.0,0,0,Rural,446.0,0.34,2.54,66.52,7.388
CAR174,10.01,0,60.3,3477.0,23.0,0,2,City,231.0,0.88,3.77,215.74,9.5095
CAR097,36.96,10,5.0,2027.0,19.4,0,0,City,363.5,0.72,4.19,21.84,2.94
CAR119,3.58,10,59.1,2557.0,36.4,1,1,City,434.9,0.57,1.65,96.82,3.401
CAR169,23.07,10,42.6,2130.0,27.0,1,1,Highway,81.5,0.33,1.44,63.28,6.825
CAR136,15.72,10,78.1,,18.3,1,2,Highway,89.6,0.78,4.11,275.55,14.934
CAR020,3.71,0,69.4,1844.0,37.3,1,0,City,386.5,0.61,2.59,154.1,3.5244999999999997
CAR137,36.5,10,47.5,2581.0,27.9,1,0,Highway,91.7,0.9,1.05,50.82,5.631
CAR127,20.65,85,50.9,1840.0,22.1,0,1,Rural,420.4,0.08,0.82,41.07,12.872
CAR034,30.03,20,26.5,2524.0,13.7,1,1,City,279.9,0.81,3.23,73.0,12.92
CAR075,5.42,20,58.5,1945.0,13.9,0,0,City,435.3,0.83,4.24,241.22,5.149
CAR033,4.99,20,45.7,2263.0,28.4,0,1,Rural,366.2,0.19,1.11,49.89,4.7405
CAR200,3.37,10,71.5,2891.0,43.7,1,0,Rural,95.2,0.56,0.69,46.05,3.2015
CAR157,18.9,10,19.3,1432.0,27.5,0,1,Highway,295.9,0.61,3.65,60.23,6.722
CAR017,40.31,20,31.7,700.0,26.3,1,2,Highway,448.6,0.08,1.95,54.76,7.899
CAR084,13.34,10,65.9,2849.0,22.9,1,0,City,397.9,0.2,1.61,104.27,12.673
CAR031,8.14,20,36.1,2343.0,31.2,1,1,Rural,76.7,0.62,1.97,69.06,7.7330000000000005
CAR071,41.03,0,54.4,,40.9,0,1,Highway,217.6,0.29,0.41,20.02,1.728
CAR156,14.53,20,42.2,2867.0,28.4,0,1,City,295.4,0.27,2.45,89.75,13.803499999999998
CAR043,31.82,85,52.8,1690.0,28.4,1,2,City,444.6,0.15,3.26,166.69,30.229
CAR142,12.76,10,73.9,2590.0,26.0,1,2,City,109.4,0.3,0.8,54.15,7.78
CAR090,43.4,0,48.7,2141.0,37.2,0,0,City,104.7,0.88,2.39,121.02,11.103
CAR159,7.45,20,63.9,1603.0,31.4,0,0,City,170.0,0.18,2.84,168.13,7.0775
CAR130,32.68,20,29.8,2129.0,13.0,0,1,City,163.5,0.64,0.84,26.24,4.335
CAR033,8.49,10,64.4,3035.0,28.1,1,0,City,145.7,0.84,4.22,264.23,8.0655
CAR096,22.82,20,60.6,1723.0,29.4,1,1,,173.8,0.55,1.61,92.38,15.004
CAR071,27.26,85,39.0,2756.0,20.0,1,1,Highway,405.9,0.31,1.24,48.29,16.52
CAR182,16.56,0,65.2,2748.0,28.9,0,1,City,407.2,0.07,3.4,211.71,15.731999999999998
CAR072,31.15,20,19.8,1614.0,25.5,1,0,City,135.9,0.12,1.34,25.86,3.637
CAR004,10.46,20,5.0,2575.0,18.2,1,0,City,309.1,0.41,0.58,2.93,0.446
CAR165,20.0,10,53.4,1671.0,22.7,1,0,City,156.7,0.57,3.11,151.43,17.655
CAR021,23.48,85,61.4,2737.0,23.0,0,1,City,205.3,0.48,4.34,251.68,22.306
CAR164,14.44,0,63.6,1760.0,5.0,1,1,Highway,171.1,0.49,2.42,161.28,13.717999999999998
CAR097,11.64,10,57.3,2833.0,34.0,0,0,City,433.7,0.31,0.88,49.12,6.12
CAR068,37.9,20,30.8,2461.0,17.6,0,2,City,79.7,0.4,0.81,24.74,4.102
CAR115,31.66,10,52.5,1392.0,46.8,1,0,City,439.3,0.64,4.37,216.83,30.076999999999998
CAR157,18.56,10,5.0,2496.0,28.9,1,1,Highway,278.5,0.47,3.23,14.64,1.821
CAR121,19.05,20,32.7,3179.0,24.5,0,1,City,336.0,0.86,2.92,96.77,17.226
CAR099,3.72,20,51.4,3134.0,29.0,0,2,Highway,349.0,0.22,1.1,51.91,3.534
CAR043,28.46,85,,2646.0,35.2,1,0,City,382.6,0.13,3.85,227.28,27.037
CAR043,43.12,10,52.2,2182.0,30.0,1,0,City,,0.84,3.54,190.93,24.827
CAR093,37.08,20,58.9,2713.0,17.8,1,1,Rural,370.9,0.69,0.43,21.55,3.643
CAR087,4.7,85,47.6,1850.0,22.4,0,1,Rural,434.5,0.81,0.72,35.84,4.465
CAR184,16.95,20,84.1,2317.0,26.1,0,1,Highway,239.4,0.39,1.47,126.52,16.1025
CAR057,37.66,10,76.1,2163.0,30.2,0,0,City,83.3,0.41,0.43,27.82,3.096
CAR099,35.22,20,7.6,1271.0,30.9,1,1,City,374.5,0.33,0.59,4.35,0.711
CAR177,34.22,10,75.3,2636.0,31.1,0,1,City,115.2,0.29,1.33,88.85,10.973
CAR084,40.41,20,32.1,1310.0,26.5,1,1,Highway,249.1,0.5,4.23,133.64,20.339
CAR041,8.52,85,63.0,2346.0,,0,0,City,406.5,0.52,0.28,16.61,5.534
CAR004,33.58,20,90.2,1987.0,30.8,0,0,Highway,383.7,0.67,0.63,48.9,6.319
CAR199,17.31,10,84.1,1707.0,13.9,0,2,City,414.2,0.52,2.86,234.06,16.444499999999998
CAR086,42.67,0,39.7,3827.0,26.1,0,1,Highway,216.3,0.55,2.77,108.02,9.662
CAR010,10.03,85,42.1,2777.0,32.0,0,1,Highway,95.8,0.06,0.52,18.69,5.703
CAR140,12.19,20,358.54438810049675,1581.0,30.4,0,2,Rural,108.9,0.19,1.84,135.54,11.580499999999999
CAR082,28.45,20,15.9,2667.0,40.0,1,0,Highway,207.9,0.32,1.49,21.48,2.913
CAR026,15.45,20,21.6,1998.0,36.7,1,2,Rural,267.4,0.14,1.3,26.78,4.266
CAR112,37.03,20,23.0,2592.0,23.9,1,0,Rural,88.9,0.77,2.1,43.12,6.662
CAR113,41.28,85,25.3,3551.0,20.5,0,1,Highway,424.2,0.55,3.15,74.09,25.911
CAR014,20.6,20,40.0,2383.0,30.3,0,1,City,164.5,0.48,2.83,100.27,15.87
CAR088,40.88,20,52.6,3165.0,48.0,0,1,City,267.7,0.73,3.15,164.84,33.25
CAR160,24.15,20,38.7,,23.1,0,1,Highway,97.8,0.35,0.63,24.73,3.221
CAR187,16.56,20,32.3,1784.0,30.2,0,1,City,236.1,0.82,4.33,124.85,15.731999999999998
CAR101,39.59,20,46.9,1598.0,,1,1,City,81.4,0.16,4.33,183.14,30.387
CAR085,20.05,10,49.9,1503.0,42.4,1,2,City,92.0,0.67,1.14,51.04,8.492
CAR017,20.88,85,80.3,2300.0,23.2,0,1,,370.0,0.08,2.03,140.34,19.836
CAR090,33.6,85,74.7,2640.0,33.4,1,2,City,229.7,0.68,4.09,295.2,31.919999999999998
CAR195,29.86,20,5.0,,35.1,0,1,City,103.3,0.88,3.48,17.0,2.85
CAR009,43.04,20,20.4,3390.0,38.6,0,0,City,321.5,0.07,2.17,44.81,6.659
CAR023,19.3,20,126.02532966956501,1932.0,26.1,1,1,City,93.0,0.11,4.27,99.08,14.86
CAR154,14.68,20,55.7,1250.0,11.8,1,2,City,404.0,0.14,1.32,63.74,10.858
CAR164,7.41,20,34.5,5957.686857869881,35.8,1,2,,,0.13,2.96,106.23,7.039499999999999
CAR016,32.76,10,40.4,1656.0,19.4,1,1,City,357.5,0.79,4.47,167.39,25.29
CAR120,29.64,10,44.6,3349.0,23.3,0,2,,266.6,0.44,4.48,200.99,28.157999999999998
CAR143,20.16,20,46.1,1999.0,18.6,1,0,Rural,271.0,0.42,1.71,79.24,11.597
CAR038,44.16,20,33.2,1567.0,35.7,1,2,Rural,120.1,0.76,3.44,115.63,19.858
CAR171,26.15,0,65.0,2550.0,27.5,0,2,Highway,191.1,0.39,2.9,192.92,16.938
CAR098,36.68,20,23.2,2124.0,28.6,1,2,Highway,146.9,0.64,1.39,32.89,5.541
CAR167,6.29,20,76.2,2061.0,11.0,1,0,City,254.5,0.06,1.18,79.24,5.975499999999999
CAR089,17.88,20,53.3,2472.0,16.4,0,1,City,94.0,0.69,2.81,133.39,16.985999999999997
CAR186,39.61,0,17.7,1368.0,34.2,1,1,Highway,399.3,0.72,0.24,3.77,0.359
CAR068,28.66,0,46.1,1885.0,36.0,1,1,Rural,259.0,0.13,1.41,57.62,5.353
CAR043,15.8,20,65.3,3018.0,28.3,0,1,Rural,144.7,0.35,2.53,151.66,15.01
CAR160,13.73,20,44.5,2252.0,40.8,0,0,Rural,385.0,0.07,0.41,16.41,2.291
CAR138,13.88,10,44.1,1214.0,30.6,0,1,City,281.0,0.86,1.53,65.65,8.789
CAR017,35.64,10,31.2,3034.0,29.0,1,2,Rural,315.1,0.26,2.71,83.56,11.78
CAR039,3.04,10,28.1,2154.0,9.6,1,2,Highway,,0.79,2.22,57.23,2.888
CAR047,13.05,10,58.4,1309.0,25.4,1,0,,156.8,0.87,3.47,192.63,12.3975
CAR012,9.52,0,43.4,1852.0,40.6,1,1,City,208.5,0.71,3.95,171.38,9.043999999999999
CAR145,29.5,10,30.7,2896.0,26.5,1,0,City,166.7,0.28,1.68,49.59,6.049
CAR012,27.25,10,72.2,2470.0,,1,0,City,333.7,0.45,4.23,302.22,25.8875
CAR042,39.6,20,42.0,1302.0,33.4,1,2,Rural,202.4,0.11,0.51,21.01,3.318
CAR044,12.54,10,90.3,2590.0,19.5,0,1,City,383.9,0.5,2.07,191.05,11.912999999999998
CAR071,13.29,10,,1858.0,29.9,1,0,Highway,,0.73,4.29,233.8,12.625499999999999
CAR107,2.65,0,11.5,2372.0,24.5,1,2,Rural,159.0,0.1,0.49,5.4,0.513
CAR082,14.69,10,69.8,2033.0,25.5,0,1,City,426.9,0.63,1.65,117.45,13.955499999999999
CAR142,14.77,85,33.9,,,0,0,Rural,140.3,0.11,3.5,115.96,14.0315
CAR030,10.19,20,55.5,926.0,26.1,1,0,City,326.3,0.85,4.06,225.43,9.680499999999999
CAR090,2.32,10,44.8,2445.0,22.5,0,0,Highway,187.1,0.4,1.95,89.4,2.2039999999999997
CAR095,5.97,20,35.3,2065.0,34.6,0,2,Highway,386.6,0.15,1.51,47.18,5.671499999999999
CAR075,40.04,10,38.4,2345.0,43.1,1,1,,155.5,0.09,0.63,25.17,3.408
CAR129,35.84,10,66.9,3082.0,19.0,1,0,Highway,350.9,0.49,1.23,78.18,8.91
CAR140,9.25,85,28.1,1907.0,19.6,0,0,Rural,132.1,0.7,1.88,46.0,8.7875
CAR195,25.13,85,17.6,2425.0,20.9,0,1,Highway,137.6,0.53,0.7,10.84,3.364
CAR009,22.53,20,35.7,1495.0,28.0,0,2,City,423.3,0.82,3.02,98.22,17.66
CAR033,44.26,10,5.0,1166.0,35.7,1,1,Rural,179.7,0.81,2.07,9.2,1.265
CAR121,21.47,85,45.9,1869.0,33.0,1,1,Highway,106.9,0.19,0.5,20.83,6.569
CAR188,31.67,10,73.6,1596.0,43.6,1,0,Highway,337.0,0.44,2.5,173.58,21.059
CAR175,28.72,10,41.6,2398.0,38.6,1,0,Highway,358.2,0.49,2.84,109.68,12.321
CAR034,24.08,10,30.1,2330.0,30.9,0,0,Highway,391.4,0.07,2.93,87.13,6.79
CAR118,42.22,10,76.6,2573.0,27.3,1,2,Rural,,0.43,2.41,162.13,22.226
CAR085,32.81,20,45.0,1505.0,24.8,0,2,City,172.4,0.78,1.56,63.03,11.073
CAR005,8.48,85,71.6,1823.0,38.1,1,0,City,306.6,0.9,3.88,289.51,8.056
CAR029,35.94,20,57.4,789.0,30.0,1,0,Rural,273.6,0.56,0.53,26.46,3.759
CAR034,22.89,20,35.6,3258.0,19.9,0,0,City,377.2,0.24,2.73,95.7,14.529
CAR050,14.18,20,69.6,2501.0,30.6,1,2,,403.2,0.49,3.87,244.93,13.470999999999998
CAR039,28.8,10,36.3,1653.0,31.4,1,0,City,,0.19,0.38,12.71,1.44
CAR104,30.45,20,71.6,2151.0,25.9,1,2,Highway,401.8,0.86,4.28,317.37,28.9275
CAR161,28.43,0,57.6,,16.9,1,2,Highway,147.8,0.43,0.95,54.27,4.596
CAR191,33.44,10,86.4,1169.0,33.0,1,2,City,84.0,0.77,1.93,165.88,23.949
CAR045,27.57,20,50.9,2645.0,,1,1,Highway,109.4,0.9,2.53,121.46,18.3
CAR084,13.04,20,67.7,1505.0,24.8,1,2,City,248.0,0.68,4.25,278.73,12.387999999999998
CAR043,26.15,10,32.3,,23.0,1,2,City,446.6,0.72,0.36,11.01,1.819
CAR180,9.35,85,91.7,2170.0,24.2,0,2,Highway,158.1,0.4,1.72,157.77,8.882499999999999
CAR165,26.73,10,51.1,1829.0,13.6,1,2,City,410.5,0.59,3.43,156.64,22.253
CAR179,33.92,10,,6440.52685103951,14.7,1,1,City,404.9,0.06,2.39,30.64,3.755
CAR071,24.08,10,51.9,1272.0,31.3,0,0,City,364.1,0.79,1.06,52.02,6.258
CAR016,28.71,10,64.8,2123.0,45.0,1,0,,132.8,0.35,4.3,240.71,27.2745
CAR195,15.17,85,27.5,1325.0,28.4,0,2,City,243.0,0.35,0.63,16.97,5.756
CAR056,26.51,20,68.7,1761.0,34.7,0,1,City,358.8,0.57,2.94,188.49,25.1845
CAR015,8.1,10,55.9,2165.0,28.9,0,1,Highway,389.1,0.51,3.14,166.17,7.694999999999999
CAR176,3.17,0,87.2,934.0,22.5,1,1,City,185.6,0.83,4.45,365.05,3.0115
CAR087,2.49,20,54.2,2255.0,26.6,0,1,Rural,99.6,0.57,3.43,178.57,2.3655
CAR022,18.43,0,45.2,1988.0,30.4,0,0,Highway,199.4,0.72,2.57,117.29,8.485
CAR033,29.13,10,40.9,,24.1,1,0,rural,186.0,0.47,3.49,141.28,16.65
CAR004,9.33,20,93.2,2660.0,26.6,1,0,City,93.3,0.64,3.69,315.35,8.8635
CAR132,24.24,10,54.7,1845.0,23.8,1,0,City,77.7,0.3,0.42,23.22,2.483
CAR092,27.04,85,71.6,1950.0,19.6,0,0,Rural,329.9,0.78,4.04,253.06,25.688
CAR076,25.35,10,79.0,2006.0,25.5,0,0,City,403.1,0.28,0.54,39.58,4.5
CAR160,13.56,20,61.8,2723.0,22.7,0,2,Highway,238.1,0.61,4.05,255.86,12.882
CAR161,14.94,20,24.0,2252.0,20.5,1,2,Rural,128.7,0.58,3.86,82.01,14.193
CAR075,14.54,20,30.9,2566.0,21.3,0,2,City,118.2,0.27,3.61,99.15,13.812999999999999
CAR086,29.56,20,44.4,,17.2,1,1,City,108.4,0.2,4.28,191.33,28.081999999999997
CAR060,23.43,20,48.5,2400.0,34.4,1,0,City,210.8,0.06,4.44,220.3,22.258499999999998
CAR016,34.67,0,43.1,2294.0,41.2,1,1,Highway,117.4,0.36,0.81,30.78,2.934
CAR006,30.79,10,41.3,1360.0,29.5,1,1,,227.5,0.51,1.04,44.61,4.891
CAR163,40.36,20,71.9,1863.0,29.9,0,2,City,276.9,0.84,1.51,105.94,17.974
CAR062,7.08,85,70.3,1631.0,31.1,0,2,Highway,176.4,0.49,0.58,34.69,6.726
CAR013,28.86,0,66.3,2063.0,27.3,1,2,City,226.2,0.28,3.44,214.62,25.473
CAR139,37.94,85,48.1,2025.0,34.2,1,1,City,84.5,0.46,3.73,158.19,36.043
CAR147,13.35,0,54.1,2407.0,24.4,1,1,Highway,191.5,0.16,4.28,227.68,12.6825
CAR139,3.69,20,69.4,1612.0,18.4,1,0,Highway,337.6,0.38,0.34,21.27,2.823
CAR189,21.28,10,22.3,2448.0,37.9,1,2,City,324.2,0.58,2.17,43.69,6.975
CAR166,43.69,0,33.9,2762.0,20.6,0,2,City,315.6,0.51,1.88,61.33,7.103
CAR105,44.47,20,67.8,1068.0,23.5,1,2,City,179.2,0.85,1.16,72.41,13.791
CAR017,34.2,10,42.5,1466.0,32.7,0,1,Rural,133.5,0.73,1.47,54.98,6.467
CAR158,21.36,20,70.1,1920.0,30.5,1,2,Rural,267.6,0.08,2.38,164.18,20.291999999999998
CAR065,20.65,20,55.4,2722.0,33.3,1,0,Highway,222.4,0.75,2.03,113.38,15.686
CAR084,42.53,0,56.7,1858.0,35.4,1,0,Highway,431.2,0.66,2.51,129.09,11.353
CAR051,18.55,10,41.4,1793.0,36.6,0,1,Highway,319.0,0.32,1.45,61.23,7.454
CAR113,13.52,10,53.6,2889.0,26.7,1,2,City,196.5,0.38,3.69,206.48,12.844
CAR041,27.61,85,75.5,,11.6,1,0,Highway,358.0,0.5,3.57,252.16,26.229499999999998
CAR102,34.0,10,60.8,2002.0,30.3,1,1,Highway,320.8,0.49,3.74,206.96,24.379
CAR151,37.7,0,84.3,1414.0,30.1,1,1,Rural,343.7,0.51,0.35,29.59,2.524
CAR176,33.92,20,50.1,1888.0,30.8,1,2,City,217.3,0.64,2.6,136.58,26.622
CAR007,7.82,20,27.5,3502.0,24.6,0,1,City,171.0,0.74,0.32,7.53,1.314
CAR066,13.26,10,66.3,2020.0,26.0,1,1,,99.4,0.42,1.57,102.11,11.324
CAR025,8.69,10,59.7,1880.0,26.9,1,2,City,217.2,0.72,3.65,192.0,8.2555
CAR067,12.2,20,27.0,2047.0,34.0,0,2,Highway,332.4,0.1,2.91,78.07,10.879
CAR144,10.03,10,76.4,2416.0,22.1,1,2,Highway,238.0,0.24,3.13,242.94,9.5285
CAR053,8.35,20,20.1,3048.0,16.1,0,2,City,114.1,0.7,3.49,59.63,7.932499999999999
CAR149,15.42,20,42.8,3060.0,13.7,1,1,Highway,238.0,0.82,3.05,114.27,14.649
CAR068,43.4,10,33.5,2321.0,23.3,1,2,Rural,390.7,0.73,4.07,141.5,23.368
CAR131,23.57,10,75.3,2456.0,35.6,0,0,City,75.9,0.49,4.25,324.83,22.3915
CAR012,8.69,20,42.5,2414.0,21.7,1,2,Highway,357.2,0.81,0.79,31.29,5.405
CAR072,20.65,10,47.1,2131.0,13.2,0,2,Highway,192.5,0.39,2.83,128.1,15.651
CAR028,19.62,20,62.0,1164.0,38.2,1,2,Highway,,0.32,3.35,216.75,18.639
CAR164,32.55,20,61.5,930.0,23.8,1,1,City,83.7,0.55,3.69,193.34,29.372
CAR179,20.1,85,38.1,2193.0,5.0,1,0,City,264.7,0.67,4.45,167.22,19.095
CAR063,31.88,20,,2604.0,22.6,1,1,City,419.6,0.34,3.68,224.9,30.285999999999998
CAR190,2.42,10,69.2,2070.0,30.9,0,0,,125.2,0.18,1.47,91.25,2.299
CAR118,3.54,20,41.6,1481.0,20.3,1,1,City,316.9,0.76,3.39,138.25,3.363
CAR152,13.27,0,15.9,2791.0,30.2,1,1,,235.2,0.72,4.13,65.5,6.551
CAR021,32.41,20,77.9,2121.0,32.1,0,0,,338.8,0.89,2.02,162.82,22.454
CAR152,36.65,10,24.6,2177.0,23.4,1,2,City,137.8,0.75,2.41,58.13,9.569
CAR133,17.78,10,45.9,2550.0,19.0,1,0,Highway,229.1,0.51,0.64,28.97,2.745
CAR153,19.23,10,77.0,1100.0,32.4,0,0,Rural,233.7,0.07,0.79,56.78,5.16
CAR082,7.35,85,73.9,1712.0,26.1,0,1,Rural,373.5,0.3,1.73,124.66,6.982499999999999
CAR180,32.9,20,56.6,1778.0,23.6,0,2,City,442.4,0.56,4.13,228.67,31.254999999999995
CAR162,8.83,10,30.7,1736.0,38.6,1,0,City,171.9,0.58,1.8,50.81,6.461
CAR150,10.58,10,57.0,2677.0,26.3,0,1,,384.7,0.2,0.94,45.59,5.583
CAR154,41.68,85,51.1,2997.0,33.0,0,0,City,269.8,0.59,1.15,57.14,19.236
CAR077,26.29,20,57.3,1192.0,28.3,0,0,City,236.8,0.64,2.87,168.12,24.865
CAR191,14.02,10,60.3,1175.0,22.4,1,0,City,344.6,0.13,3.7,206.15,13.318999999999999
CAR055,25.09,20,63.0,2816.0,37.2,1,2,Rural,239.9,0.24,4.0,215.01,23.8355
CAR154,29.2,20,45.2,1593.0,17.9,0,1,City,80.1,0.54,3.98,163.07,25.884
CAR078,32.93,85,43.9,1766.0,22.9,1,2,City,244.6,0.27,1.99,77.93,27.28
CAR039,25.02,20,65.1,2457.0,,1,1,City,317.5,0.49,3.79,219.53,23.769
CAR108,10.84,85,76.2,1950.0,17.1,0,0,Highway,97.9,0.73,2.53,171.19,10.298
CAR037,23.7,10,30.8,3331.0,30.0,1,0,Rural,411.8,0.43,1.36,39.39,4.709
CAR111,30.29,10,62.4,1195.0,22.7,0,0,Rural,78.8,0.1,2.52,135.9,12.443
CAR083,8.02,20,70.5,1982.0,26.0,0,2,Highway,125.1,0.37,3.93,289.47,7.618999999999999
CAR119,29.16,10,86.0,2236.0,43.1,1,1,Highway,429.8,0.3,4.43,343.56,27.701999999999998
CAR125,14.99,10,48.5,1449.0,14.7,0,1,City,438.5,0.13,1.94,83.84,10.643
CAR029,20.97,10,5.4,2624.0,30.9,0,1,Rural,342.0,0.62,2.51,12.62,1.661
CAR020,30.51,20,14.6,2457.0,17.9,1,1,Rural,449.3,0.16,0.39,5.13,0.848
CAR176,24.91,10,28.5,1949.0,33.6,1,2,City,330.9,0.1,2.49,71.15,10.413
CAR023,36.43,20,59.9,1907.0,19.7,1,0,City,411.6,0.12,0.43,23.57,3.352
CAR089,2.27,20,59.9,,19.3,0,0,City,126.6,0.66,1.99,101.37,2.1565
CAR199,8.34,20,52.1,2870.0,37.7,1,2,City,333.8,0.81,0.84,45.2,7.922999999999999
CAR089,41.25,20,66.1,2549.0,40.5,0,0,Highway,124.1,0.89,0.84,56.16,8.914
CAR130,33.88,0,52.5,3069.0,30.3,0,0,City,235.2,0.07,3.25,171.65,14.106
CAR177,43.03,20,40.2,1636.0,28.1,0,2,Rural,307.1,0.42,2.7,93.23,14.423
CAR030,18.24,10,49.7,1565.0,,0,0,City,356.0,0.88,3.56,160.47,17.328
CAR069,14.51,85,79.9,2631.0,30.4,1,1,Highway,162.0,0.7,4.19,319.09,13.7845
CAR076,19.87,85,34.8,1759.0,36.7,0,1,Rural,235.1,0.63,2.39,85.71,18.8765
CAR129,17.59,20,67.5,2165.0,32.5,0,2,Highway,433.4,0.35,0.85,49.96,7.936
CAR009,28.79,20,95.8,1199.0,42.7,1,2,Rural,227.6,0.11,0.65,61.26,9.877
CAR170,26.77,20,,1374.0,22.2,0,2,Rural,200.5,0.43,0.73,27.51,3.917
CAR082,7.59,20,55.2,2432.0,28.2,0,1,Highway,432.7,0.38,0.74,42.2,5.861
CAR131,4.55,0,34.4,2897.0,20.5,0,2,Highway,360.9,0.26,4.03,141.84,4.3225
CAR140,30.37,20,73.8,1910.0,25.4,1,2,Rural,364.9,0.88,2.43,175.64,28.851499999999998
CAR184,19.46,0,27.7,2271.0,5.0,1,0,Rural,383.5,0.09,1.14,28.77,2.333
CAR165,43.71,20,78.9,2657.0,11.8,1,0,City,338.5,0.87,0.74,52.99,9.206
CAR040,3.38,20,46.7,3051.0,26.6,0,0,City,94.3,0.64,3.63,175.43,3.211
CAR185,33.6,20,74.3,,31.4,0,2,City,86.0,0.68,2.62,173.89,31.686
CAR058,22.66,20,82.3,1632.0,37.0,0,1,Rural,109.7,0.81,1.04,79.99,12.059
CAR017,8.2,10,37.2,2289.0,33.0,1,1,Highway,395.5,0.62,0.7,23.89,2.894
CAR104,13.98,0,66.2,2336.0,37.1,0,1,Highway,288.0,0.47,3.14,205.69,13.281
CAR177,2.07,20,45.1,1970.0,39.2,1,1,Highway,321.5,0.71,0.82,35.83,1.9664999999999997
CAR027,37.84,20,35.4,1769.0,26.6,1,0,City,423.2,0.08,3.19,114.79,15.766
CAR051,14.0,10,68.9,2350.0,26.6,1,2,Highway,101.9,0.36,1.92,130.46,13.299999999999999
CAR109,3.53,85,24.4,829.0,35.3,0,1,Highway,343.8,0.29,3.54,89.16,3.3534999999999995
CAR053,29.92,0,23.8,1919.0,24.9,0,2,Rural,209.6,0.56,3.21,67.3,7.291
CAR086,23.81,85,48.3,2072.0,30.1,0,1,City,344.9,0.62,2.46,101.75,22.6195
CAR080,14.18,10,61.0,2960.0,22.3,0,0,City,320.2,0.43,0.27,16.02,2.036
CAR066,3.68,10,57.6,1861.0,11.9,0,0,City,297.6,0.45,1.02,51.05,3.496
CAR181,33.34,0,56.8,2526.0,27.6,1,1,City,430.5,0.47,2.75,154.75,17.315
CAR082,21.72,20,34.9,1066.0,31.2,1,2,Rural,288.8,0.43,3.0,104.28,17.609
CAR189,23.17,10,75.4,1352.0,19.4,1,1,,444.8,0.88,3.32,216.46,22.0115
CAR010,22.64,20,89.8,2480.0,37.0,1,0,Highway,228.1,0.06,2.57,234.17,21.508
CAR050,2.12,10,50.8,1430.0,29.9,0,2,Highway,96.7,0.26,1.93,96.32,2.014
CAR147,5.69,10,41.2,2897.0,34.4,0,1,Highway,441.4,0.51,1.48,59.22,5.4055
CAR111,39.52,10,56.5,1953.0,30.7,1,1,City,384.9,0.84,4.39,233.4,35.039
CAR181,35.63,10,63.9,2121.0,34.3,1,0,Highway,415.0,0.72,2.89,168.96,19.177
CAR146,31.24,20,74.3,954.0,21.6,0,1,Rural,184.1,0.65,0.33,22.96,3.392
CAR158,44.76,20,48.2,1746.0,24.2,1,1,Highway,342.3,0.12,2.8,129.36,18.498
CAR010,24.99,10,47.3,,22.4,1,2,Rural,,0.79,4.35,191.85,23.740499999999997
CAR185,33.64,20,73.4,,20.9,0,1,Rural,381.3,0.45,1.14,81.56,12.399
CAR125,15.61,85,74.7,1338.0,21.0,1,0,Rural,281.0,0.89,3.83,286.04,14.8295
CAR184,5.29,10,30.8,2684.0,18.6,1,0,City,434.6,0.09,4.32,135.43,5.0255
CAR169,5.77,0,35.6,3046.0,20.1,1,1,City,135.3,0.54,3.82,129.22,5.4815
CAR085,21.89,20,83.3,1671.0,31.7,0,0,Rural,329.0,0.81,1.55,132.7,19.713
CAR166,28.56,10,55.6,2126.0,28.4,0,2,Highway,144.7,0.53,2.0,103.36,12.723
CAR195,38.11,20,54.6,2684.0,21.8,1,0,City,359.7,0.62,2.16,109.4,18.522
CAR002,27.72,10,56.3,2645.0,30.3,0,0,City,217.9,0.34,4.14,222.84,26.278
CAR128,11.07,20,13.8,,27.5,1,1,City,334.0,0.31,0.39,4.75,0.837
CAR035,31.03,20,48.8,700.0,32.6,1,0,City,163.2,0.63,1.23,58.9,9.424
CAR049,22.47,20,49.3,2879.0,13.7,0,0,City,209.6,0.84,1.15,58.38,9.414
CAR166,30.0,0,45.5,3135.0,23.5,1,0,City,361.5,0.53,3.44,164.01,18.873
CAR034,43.41,20,5.0,2373.0,16.9,1,1,Rural,,0.41,3.23,16.66,2.63
CAR106,29.2,0,53.4,2551.0,35.0,0,1,,247.9,0.62,2.6,119.8,11.12
CAR054,10.56,10,30.7,2477.0,23.3,0,1,City,252.4,0.67,3.31,95.85,10.032
CAR109,15.35,20,44.3,2971.0,21.4,1,1,City,271.1,0.41,1.28,58.83,10.394
CAR037,10.88,20,91.5,2291.0,30.0,0,2,City,221.1,0.36,1.19,93.33,10.336
CAR033,19.02,85,59.3,2164.0,23.4,0,1,City,71.7,0.73,2.66,161.84,18.069
CAR022,26.15,20,22.3,2693.0,20.6,0,2,City,396.8,0.86,3.07,58.86,11.026
CAR084,15.72,20,48.8,2688.0,26.9,0,1,Rural,333.1,0.81,3.07,133.47,14.934
CAR069,23.36,10,55.1,2261.0,36.8,0,1,City,183.9,0.46,1.99,111.28,14.579
CAR026,31.59,10,35.9,2830.0,41.6,0,0,Highway,356.6,0.73,1.54,53.66,6.995
CAR003,41.7,10,11.4,2982.0,14.4,1,1,City,405.7,0.09,0.57,5.9,0.783
CAR161,3.83,20,58.6,821.0,24.6,1,2,City,,0.87,4.26,246.86,3.6385
CAR121,41.19,20,5.0,3234.0,27.9,0,0,City,297.6,0.49,0.38,1.78,0.286
CAR185,8.05,20,28.7,2415.0,22.3,1,2,Highway,120.9,0.18,3.31,88.2,7.6475
CAR037,38.2,10,47.9,3187.0,29.8,1,1,Rural,138.6,0.64,3.46,144.0,19.708
CAR069,37.73,0,24.2,,29.9,1,1,City,302.2,0.45,2.47,61.45,7.795
CAR042,8.25,20,43.8,,37.4,0,1,Rural,164.3,0.7,0.99,37.79,6.284
CAR077,38.93,10,41.5,2784.0,22.7,0,1,Highway,245.8,0.48,3.66,155.92,18.47
CAR184,20.66,10,60.4,3066.0,48.0,0,2,City,410.5,0.24,3.78,223.7,19.627
CAR080,42.15,10,53.3,1321.0,22.5,0,0,Rural,383.1,0.46,3.99,213.33,24.125
CAR057,17.49,20,75.4,1580.0,38.3,1,1,Highway,398.1,0.1,0.48,33.15,4.67
CAR054,32.36,20,27.4,2046.0,32.7,1,1,City,89.7,0.54,3.2,77.86,13.199
CAR033,4.87,10,68.4,1464.0,39.7,1,0,City,432.6,0.28,2.25,158.71,4.6265
CAR136,37.67,10,73.8,5131.671332364815,31.2,1,2,Highway,325.6,0.27,3.14,218.37,26.473
CAR148,13.21,85,68.4,5399.029014533121,24.7,0,2,City,100.1,0.27,3.76,266.54,12.5495
CAR055,19.67,20,47.9,1900.0,27.0,1,2,Rural,225.1,0.53,2.9,119.65,18.686500000000002
CAR108,24.08,10,61.2,,43.4,0,0,City,313.7,0.46,3.41,210.18,22.875999999999998
CAR122,39.74,10,18.1,3497.0,27.9,1,1,City,403.8,0.8,3.69,65.17,10.266
CAR168,27.79,20,17.3,2150.0,27.2,1,1,City,142.7,0.36,4.01,71.01,11.466
CAR058,25.4,85,26.6,3198.0,25.6,1,1,City,85.3,0.63,0.28,6.77,2.423
CAR092,38.64,10,30.1,1434.0,25.5,1,0,Rural,192.6,0.09,1.92,57.06,5.48
CAR164,7.43,20,72.5,1103.0,26.9,0,0,City,98.4,0.33,0.53,35.05,4.26
CAR082,3.84,85,58.1,1940.0,25.1,1,2,City,343.8,0.37,1.29,73.68,3.6479999999999997
CAR037,43.51,10,37.5,2940.0,22.6,0,1,Rural,,0.37,0.78,28.99,3.668
CAR046,43.62,0,35.3,3185.0,22.7,0,0,City,162.8,0.7,2.81,104.03,11.451
CAR001,12.26,85,64.0,1760.0,27.9,1,1,Highway,86.0,0.15,0.33,17.96,5.627
CAR105,18.94,10,65.1,2693.0,34.6,0,2,Highway,418.2,0.34,4.21,247.97,17.993000000000002
CAR147,34.26,20,101.8433475927481,2651.0,34.0,1,0,City,160.4,0.19,1.62,35.77,5.18
CAR006,40.15,20,5.0,2265.0,15.4,0,2,City,215.7,0.14,2.72,13.74,2.177
CAR021,4.26,10,31.5,1969.0,19.9,1,1,Rural,202.8,0.35,0.79,23.45,3.005
CAR032,32.87,20,88.2,2138.0,35.2,0,1,City,269.1,0.05,0.48,39.31,5.603
CAR172,33.92,20,14.3,1111.0,34.1,1,0,Rural,335.6,0.51,3.97,57.94,8.653
CAR181,35.06,20,73.5,1397.0,18.8,1,0,,86.9,0.28,2.49,185.28,21.691
CAR180,7.75,10,,963.0,9.3,1,2,City,147.1,0.2,4.07,197.96,7.3625
CAR060,40.4,0,34.0,2641.0,5.0,0,0,City,411.2,0.18,0.43,13.78,1.344
CAR147,15.93,10,78.0,3054.0,10.2,0,0,Highway,243.3,0.09,1.47,116.73,11.523
CAR131,9.8,20,38.8,2803.0,28.5,1,1,Highway,405.6,0.19,1.07,35.96,5.513
CAR112,8.52,20,55.4,2141.0,27.7,0,0,City,226.4,0.63,3.45,173.11,8.094
CAR040,18.73,85,53.3,,33.9,1,1,Highway,189.4,0.52,2.0,104.76,17.793499999999998
CAR038,34.07,0,75.6,2093.0,45.3,1,1,Highway,400.8,0.47,3.25,227.91,24.914
CAR156,27.64,20,31.2,1730.0,34.3,1,1,Highway,77.6,0.21,4.0,122.43,15.945
CAR117,29.15,10,45.8,1570.0,30.4,0,2,Highway,426.5,0.06,3.72,175.9,20.417
CAR152,16.07,10,46.7,1540.0,36.9,1,1,Highway,381.4,0.55,3.83,161.24,15.266499999999999
CAR082,14.16,0,43.7,1906.0,17.2,1,2,Rural,216.8,0.14,1.0,41.09,4.003
CAR099,39.23,10,88.0,3189.0,27.5,0,1,City,108.3,0.58,2.91,259.03,34.09
CAR034,29.09,0,73.4,1965.0,26.1,1,1,City,269.1,0.88,3.88,250.15,27.635499999999997
CAR148,15.01,85,58.9,,34.4,0,2,City,365.3,0.63,0.43,26.44,9.528
CAR043,38.05,10,67.7,1821.0,28.2,1,1,City,157.3,0.62,1.58,111.98,16.379
CAR046,14.55,10,43.7,2179.0,33.5,1,0,Highway,,0.64,1.62,64.88,7.256
CAR186,3.03,10,72.8,1280.0,19.0,1,1,City,248.6,0.74,1.71,116.4,2.8785
CAR027,41.88,0,42.7,2979.0,20.8,0,0,City,366.4,0.85,3.64,139.91,13.804
CAR076,18.33,10,,2149.0,40.1,0,1,City,391.6,0.06,2.47,86.66,11.334
CAR195,34.36,20,53.8,1749.0,34.3,1,1,City,304.3,0.22,0.74,39.01,6.009
CAR147,7.95,20,50.6,1702.0,13.5,1,1,City,383.4,0.87,2.13,94.67,7.5525
CAR096,14.58,85,61.5,1442.0,29.1,0,1,City,335.3,0.36,1.93,116.53,13.850999999999999
CAR161,18.49,20,41.7,2245.0,29.4,1,1,Rural,432.3,0.9,4.13,164.88,17.565499999999997
CAR038,3.02,20,46.2,2231.0,36.2,1,0,Highway,271.1,0.87,0.37,15.66,2.254
CAR021,37.31,20,54.6,3104.0,22.4,1,0,Rural,98.9,0.21,2.84,162.43,23.732
CAR072,27.68,20,66.7,2102.0,19.5,1,2,City,342.2,0.75,1.32,84.41,16.095
CAR101,17.94,20,9.4,2489.0,28.1,0,1,City,288.4,0.26,3.01,28.91,4.619
CAR168,30.07,20,52.1,1690.0,19.9,1,2,Rural,437.9,0.23,3.92,176.05,28.099
CAR152,15.94,20,54.8,2260.0,16.1,1,1,Highway,227.0,0.36,3.1,161.45,15.142999999999999
CAR044,23.24,20,30.1,2217.0,41.7,0,2,,436.4,0.33,2.47,66.11,12.004
CAR113,9.31,20,28.1,2063.0,34.1,0,2,City,139.4,0.58,1.91,52.21,8.8445
CAR111,24.94,0,38.3,2841.0,18.7,1,1,Rural,221.6,0.68,0.27,8.86,1.041
CAR056,2.33,20,19.8,2026.0,22.9,1,1,Highway,273.6,0.08,2.82,47.69,2.2135
CAR141,7.63,20,59.5,2446.0,23.3,0,2,City,81.8,0.33,3.15,172.22,7.2485
CAR003,24.56,10,22.1,2499.0,11.0,0,0,City,318.2,0.26,4.34,83.33,9.8
CAR073,5.93,85,,,30.7,0,1,Highway,,0.11,1.45,112.03,5.6335
CAR084,17.01,20,45.8,1353.0,17.0,1,0,City,183.3,0.57,1.88,84.42,13.281
CAR015,35.82,20,31.5,2138.0,17.8,1,1,Rural,,0.48,2.13,64.16,10.315
CAR141,36.59,20,67.1,2868.0,28.0,1,1,highway,132.1,0.22,0.39,24.19,3.245
CAR197,11.49,20,40.5,1821.0,19.1,1,1,Highway,359.7,0.35,2.81,100.77,10.9155
CAR036,27.23,0,45.1,2935.0,20.3,1,2,City,169.2,0.73,1.03,47.6,6.208
CAR010,9.05,10,75.8,2715.0,18.8,0,1,City,135.7,0.22,4.0,278.92,8.5975
CAR172,14.46,20,35.7,2693.0,26.0,1,0,City,268.4,0.25,3.18,101.1,13.737
CAR019,2.38,0,23.8,2668.0,34.1,1,2,City,357.0,0.51,2.02,41.81,2.2609999999999997
CAR118,44.59,10,86.9,2040.0,32.4,1,2,,73.5,0.4,3.82,310.62,41.107
CAR081,15.32,10,39.6,2519.0,29.8,0,2,City,357.8,0.55,0.5,19.46,2.707
CAR084,33.21,85,56.3,2182.0,18.1,1,1,City,102.3,0.57,4.12,211.22,31.5495
CAR174,32.55,0,7.5,2600.0,17.4,0,2,Highway,288.7,0.15,2.09,15.3,1.402
CAR174,27.1,0,76.4,1360.0,27.1,1,2,Rural,272.2,0.78,2.15,143.87,17.122
CAR097,8.22,10,24.5,3648.0,21.0,1,0,City,357.8,0.46,1.59,34.6,4.652
CAR102,21.44,85,27.5,2562.0,29.4,1,2,City,,0.47,1.56,38.06,14.058
CAR110,17.73,0,86.2,1840.0,26.1,0,1,City,284.5,0.2,1.61,123.24,10.033
CAR184,38.57,0,66.9,1598.0,25.0,0,0,City,199.4,0.21,3.38,199.14,17.063
CAR005,42.49,10,8.7,2719.0,34.3,1,0,City,196.4,0.34,2.6,19.9,2.352
CAR172,17.01,20,42.9,2707.0,29.9,0,1,Highway,274.2,0.37,1.29,50.12,6.698
CAR012,7.79,20,,2011.0,24.4,0,1,Highway,198.9,0.85,4.15,117.26,7.4005
CAR130,34.39,10,16.4,2289.0,37.7,0,0,City,363.1,0.09,3.03,44.25,4.907
CAR106,9.97,20,62.0,2579.0,35.4,0,1,Highway,434.8,0.41,0.4,22.01,3.089
CAR061,41.48,20,44.3,1867.0,30.1,1,2,Highway,220.5,0.27,3.44,155.76,23.742
CAR078,42.14,85,51.5,3409.0,12.0,0,1,Highway,173.9,0.42,1.0,46.92,15.307
CAR130,36.14,20,82.5,1483.0,37.1,0,0,Highway,139.3,0.53,2.59,208.77,27.113
CAR073,33.61,10,71.1,1969.0,28.8,1,0,Highway,337.8,0.54,3.79,279.77,29.676
CAR006,17.05,10,66.1,2546.0,20.9,0,1,Highway,447.9,0.09,4.21,274.23,16.1975
CAR067,33.5,0,94.8,2305.0,42.7,1,1,City,113.1,0.23,4.14,381.34,31.825
CAR103,3.99,0,50.7,,30.4,0,1,City,281.2,0.25,3.23,154.54,3.7905
CAR198,2.64,10,28.7,1486.0,21.0,0,2,Highway,360.0,0.26,2.1,58.26,2.508
CAR186,30.84,10,32.0,1850.0,28.5,1,1,City,132.0,0.39,4.49,135.41,16.509
CAR158,33.67,0,38.7,1725.0,30.3,1,2,City,,0.11,0.23,8.82,0.971
CAR196,4.17,10,28.1,1438.0,36.8,1,0,,284.8,0.15,3.09,88.0,3.9614999999999996
CAR048,33.51,10,46.3,2318.0,38.0,1,1,City,102.9,0.84,3.88,173.83,26.498
CAR192,33.94,10,49.3,2097.0,32.3,1,1,City,154.9,0.28,0.84,43.25,5.142
CAR027,36.6,10,6.2,1535.0,38.7,0,0,City,155.7,0.59,2.51,14.36,1.742
CAR053,10.53,20,62.0,3279.0,23.0,0,1,Rural,263.2,0.86,3.47,219.97,10.003499999999999
CAR110,7.86,20,49.7,1839.0,26.2,0,1,Rural,117.3,0.81,3.32,163.44,7.467
CAR094,13.14,10,69.0,2476.0,12.9,1,2,City,262.4,0.1,3.9,267.38,12.483
CAR114,11.25,20,59.1,1372.0,24.4,0,0,Highway,449.1,0.32,3.52,198.0,10.6875
CAR149,11.58,20,75.1,1703.0,21.8,0,0,Highway,258.4,0.2,3.08,198.14,11.001
CAR090,35.28,20,89.5,1895.0,37.4,1,1,Highway,173.2,0.36,2.92,232.32,33.516
CAR033,31.32,10,30.6,2070.0,38.0,0,2,City,210.4,0.76,0.33,9.46,1.508
CAR045,13.24,20,85.2,2547.0,24.6,1,1,City,257.3,0.21,3.93,299.91,12.578
CAR004,31.54,20,46.0,2912.0,23.4,1,2,Rural,260.3,0.88,4.25,170.15,29.962999999999997
CAR069,14.48,20,73.7,2400.0,37.2,1,2,City,230.3,0.2,3.22,248.43,13.756
CAR052,12.74,85,34.6,2908.0,32.9,0,2,Highway,129.2,0.28,0.29,8.71,2.829
CAR023,16.38,10,33.7,2117.0,20.3,0,2,Highway,282.3,0.55,3.64,110.61,13.814
CAR098,11.59,20,73.2,1315.0,28.5,0,1,Highway,182.3,0.7,3.06,198.11,11.010499999999999
CAR010,31.15,10,47.3,1345.0,23.1,1,1,Highway,417.3,0.78,1.58,76.01,9.812
CAR111,24.94,0,38.3,2841.0,18.7,1,1,Rural,221.6,0.68,0.27,8.86,1.041
CAR107,14.25,10,39.7,1558.0,31.8,0,1,Rural,288.2,0.14,2.91,106.13,11.356
CAR179,27.47,10,52.6,3082.0,35.8,1,2,Rural,286.9,0.83,3.76,185.56,26.0965
CAR023,21.82,20,47.1,2222.0,23.7,0,1,Rural,76.8,0.85,0.55,25.86,4.029
CAR148,19.7,20,20.9,2004.0,26.9,1,0,Highway,383.4,0.06,3.93,81.07,9.286
CAR101,38.42,85,99.5,1948.0,27.5,1,1,Highway,88.8,0.83,0.39,34.17,10.961
CAR024,24.67,0,73.5,2680.0,42.2,1,0,Rural,317.7,0.88,1.44,102.6,11.067
CAR188,29.64,0,50.1,2194.0,37.9,0,0,Rural,158.7,0.75,4.44,211.25,17.651
CAR004,11.65,10,5.0,,36.4,0,2,City,75.2,0.71,2.19,9.79,1.332
CAR182,19.66,85,87.4,,22.4,1,2,City,156.3,0.71,0.5,43.56,15.835
CAR069,40.59,85,5.0,2373.0,27.2,0,1,Rural,419.8,0.62,1.46,6.35,2.089
CAR104,18.62,10,69.4,2028.0,24.5,1,1,City,406.1,0.79,0.51,36.29,5.381
CAR168,23.22,10,26.1,1224.0,35.2,1,0,Rural,175.0,0.05,2.21,57.77,6.135
CAR061,33.05,10,39.3,2270.0,24.4,0,1,Rural,281.4,0.15,2.84,101.11,11.777
CAR087,8.34,20,53.6,2603.0,21.8,0,1,City,322.5,0.27,1.32,60.57,7.922999999999999
CAR028,19.07,10,54.2,2111.0,16.5,0,2,Rural,400.3,0.14,0.44,21.71,2.613
CAR158,42.01,10,34.4,1991.0,,1,2,Highway,174.2,0.23,0.75,22.04,2.74
CAR101,30.82,10,70.3,2377.0,28.0,0,1,City,213.6,0.49,3.77,245.85,29.279
CAR145,31.95,0,37.2,1247.0,25.4,0,2,Highway,341.8,0.39,3.93,148.39,12.615
CAR088,13.8,20,76.6,907.0,26.5,0,1,Highway,72.7,0.18,0.83,54.85,6.168
CAR105,16.63,85,104.4,1721.0,36.0,1,2,City,,0.53,1.84,166.11,15.798499999999999
CAR100,8.39,10,53.1,,15.6,0,0,City,342.5,0.27,2.79,137.35,7.9705
CAR142,37.95,85,55.2,2981.0,30.0,0,0,Highway,356.0,0.31,1.12,63.05,19.457
CAR119,23.46,10,68.3,755.0,32.7,0,0,Rural,412.9,0.35,3.36,211.32,20.558
CAR113,29.44,20,27.7,2598.0,27.1,1,2,City,97.7,0.52,2.68,64.61,11.158
CAR113,15.96,20,58.0,2707.0,17.0,1,0,Highway,,0.1,4.06,211.82,15.162
CAR153,14.53,0,56.3,2563.0,28.0,1,2,City,196.5,0.22,3.29,159.09,13.803499999999998
CAR129,13.78,10,45.2,2705.0,26.3,1,0,City,293.4,0.26,2.93,118.05,13.091
CAR016,43.07,10,74.9,1680.0,35.3,1,0,City,191.1,0.39,2.58,180.15,19.278
CAR127,15.87,10,40.5,,28.3,0,2,City,229.8,0.69,2.64,93.71,15.0765
CAR045,44.73,85,67.2,2168.0,42.6,1,1,,265.9,0.19,1.63,105.14,35.026
CAR187,19.89,20,47.8,,38.5,0,2,City,105.5,0.19,3.54,174.05,18.8955
CAR074,11.0,10,78.2,2717.0,21.3,0,2,City,333.3,0.86,0.67,52.05,8.67
CAR129,2.58,85,44.2,2011.0,29.8,1,0,City,411.5,0.31,3.63,156.94,2.451
CAR126,13.28,20,45.5,1726.0,23.4,0,2,City,408.7,0.27,1.59,71.64,12.281
CAR074,42.81,20,270.1871458967427,2897.0,43.6,0,2,Rural,341.2,0.38,2.9,172.11,30.54
CAR165,40.59,20,43.6,2316.0,31.2,1,2,Rural,87.6,0.7,1.7,76.3,13.285
CAR166,28.58,10,59.6,2167.0,38.9,0,1,Highway,336.9,0.07,2.19,121.6,13.12
CAR089,33.99,0,35.9,2332.0,18.6,1,1,City,340.2,0.89,1.27,45.4,5.861
CAR087,11.55,20,69.4,1877.0,23.2,1,1,City,122.8,0.51,3.45,239.74,10.9725
CAR005,29.96,10,47.6,2443.0,37.9,0,2,Highway,246.3,0.54,3.35,143.86,20.36
CAR169,13.85,0,40.6,2510.0,14.5,0,0,Highway,189.5,0.43,2.38,83.37,5.94
CAR049,5.8,10,36.2,2490.0,33.0,0,0,City,275.3,0.53,0.74,27.82,3.697
CAR173,27.0,20,36.7,2312.0,39.5,1,2,City,227.2,0.76,2.5,95.05,19.109
CAR146,42.94,20,29.5,1270.0,31.2,1,0,Highway,330.4,0.37,2.94,89.51,10.891
CAR096,14.59,10,39.1,2436.0,19.7,0,2,Highway,127.8,0.33,2.55,88.47,10.993
CAR006,18.02,85,18.1,2704.0,38.8,0,1,Highway,145.8,0.53,3.45,65.06,17.119
CAR058,31.2,85,23.9,2610.0,19.9,1,2,City,267.0,0.26,4.43,95.6,29.639999999999997
CAR137,39.4,20,28.5,,24.3,1,0,City,390.7,0.38,3.88,104.66,15.96
CAR020,2.87,20,79.8,2063.0,33.8,0,0,,157.6,0.19,0.71,50.26,2.7265
CAR049,23.15,85,68.0,1700.0,40.4,0,1,Highway,173.3,0.1,1.13,68.26,21.93
CAR001,31.91,85,47.8,1222.0,28.5,1,0,City,278.3,0.48,0.87,40.46,13.447
CAR146,36.19,10,38.7,1141.0,23.1,1,1,City,215.5,0.34,3.23,117.0,14.141
CAR046,26.79,85,70.4,1718.0,29.3,1,1,City,133.4,0.1,1.11,77.26,24.722
CAR136,41.94,10,61.4,3105.0,,1,2,City,412.9,0.64,1.93,117.61,19.641
CAR184,30.24,20,54.3,1972.0,29.6,0,0,Highway,108.8,0.41,1.52,80.99,9.215
CAR109,38.01,10,,1954.0,17.6,1,0,,194.2,0.42,1.3,100.0,11.251
CAR116,11.79,0,23.9,1095.0,39.3,0,2,City,159.2,0.59,1.19,27.18,2.911
CAR098,33.55,10,44.7,2769.0,25.5,0,2,Highway,146.3,0.62,1.15,48.42,6.143
CAR109,44.51,85,49.3,2543.0,20.3,0,0,City,117.7,0.48,3.89,190.76,42.284499999999994
CAR073,26.64,0,78.1,2005.0,24.2,0,2,City,132.8,0.41,2.42,197.86,22.36
CAR131,30.87,20,73.0,,,0,2,City,128.1,0.16,2.52,179.53,29.3265
CAR092,38.2,85,51.4,1974.0,22.3,0,2,City,141.1,0.64,2.38,123.06,36.29
CAR157,20.83,10,37.7,2717.0,26.5,1,2,Highway,142.5,0.49,3.66,129.23,17.08
CAR137,3.32,85,41.3,2095.0,31.7,1,1,City,427.5,0.13,4.11,150.66,3.154
CAR022,18.64,10,53.9,1728.0,32.1,0,1,City,211.1,0.86,1.43,72.46,9.512
CAR082,32.62,20,52.1,,27.9,0,2,Highway,330.6,0.14,2.16,108.43,15.607
CAR198,21.35,10,15.4,3017.0,25.2,0,1,Highway,215.1,0.53,4.36,66.22,8.371
CAR048,19.39,10,63.6,1756.0,18.3,0,1,Rural,391.0,0.73,2.35,133.38,15.623
CAR089,16.95,20,38.4,1897.0,31.2,1,1,City,118.5,0.46,3.53,124.55,16.1025
CAR162,22.13,85,33.6,1637.0,32.4,1,0,City,322.0,0.18,0.36,11.43,3.573
CAR081,17.86,20,11.3,3412.0,41.1,1,0,Highway,143.9,0.34,0.39,4.08,0.581
CAR183,15.68,20,66.8,2694.0,24.7,0,1,City,193.5,0.72,2.88,165.19,14.895999999999999
CAR080,32.17,10,82.7,2400.0,32.0,0,0,Highway,424.1,0.19,0.67,49.15,4.524
CAR106,3.66,10,54.3,2423.0,18.0,0,0,Rural,263.0,0.36,2.28,119.45,3.477
CAR084,19.39,20,58.6,1665.0,33.2,1,2,,441.8,0.22,1.21,68.07,10.096
CAR122,19.1,20,58.4,2589.0,28.1,1,1,Highway,252.7,0.66,2.92,167.54,18.145
CAR146,27.02,85,29.0,,15.7,1,1,City,258.7,0.33,0.29,7.6,2.6
CAR131,40.69,0,73.3,2999.0,33.2,0,1,Highway,183.0,0.72,2.33,162.35,16.019
CAR015,17.89,20,67.3,1851.0,21.4,1,1,Rural,135.2,0.71,1.84,120.72,16.9955
CAR103,38.03,10,37.7,3247.0,32.4,0,0,City,336.0,0.7,2.1,71.03,9.455
CAR098,34.63,10,53.1,2226.0,31.5,1,2,City,149.2,0.12,1.69,81.37,11.477
CAR024,25.77,0,54.6,1890.0,26.6,0,0,Highway,207.7,0.51,2.66,127.45,9.2
CAR012,17.12,20,5.0,9134.055738556035,27.5,1,2,City,142.3,0.23,3.18,16.1,2.761
CAR053,43.48,10,60.1,929.0,26.2,1,1,City,413.8,0.74,1.06,66.75,10.26
CAR102,14.26,10,5.0,1499.0,32.2,0,0,City,287.8,0.62,0.32,1.53,0.174
CAR127,19.43,20,50.6,2445.0,41.4,1,0,Rural,440.3,0.12,4.12,215.28,18.458499999999997
CAR099,32.86,20,44.6,,16.3,1,2,City,111.9,0.12,0.97,43.91,7.289
CAR154,32.39,20,85.9,1995.0,30.2,1,0,City,87.1,0.66,1.55,136.6,21.467
CAR183,2.78,20,8.0,1963.0,28.6,1,2,City,112.8,0.49,4.08,29.62,2.6409999999999996
CAR006,36.79,10,44.4,1761.0,12.2,0,1,Highway,114.9,0.87,2.44,105.82,11.729
CAR036,44.71,20,46.1,1789.0,22.0,1,1,,128.6,0.13,2.91,131.9,20.756
CAR123,29.23,10,55.3,2699.0,18.3,1,2,City,239.8,0.26,1.87,98.66,14.339
CAR133,12.1,20,58.8,2110.0,25.6,0,1,Highway,233.1,0.1,3.03,184.09,11.495
CAR033,31.81,85,77.8,1859.0,,0,0,City,327.7,0.08,3.61,245.3,30.219499999999996
CAR082,44.88,10,59.9,2739.0,35.1,1,1,,230.8,0.76,1.4,78.23,12.169
CAR112,33.46,10,34.0,1674.0,18.2,0,0,City,143.4,0.66,1.52,46.21,5.817
CAR129,25.52,10,70.4,2022.0,33.7,1,0,City,217.1,0.24,1.32,94.41,10.357
CAR007,4.23,10,49.5,1695.0,29.0,1,2,Rural,132.5,0.74,3.84,168.28,4.0185
CAR012,23.27,10,43.8,1992.0,15.6,0,2,City,71.1,0.37,0.35,13.63,1.837
CAR086,14.15,20,31.5,2309.0,12.9,0,0,City,401.6,0.74,0.72,20.09,3.092
CAR103,43.89,0,38.5,2607.0,34.5,1,1,City,115.1,0.31,2.72,101.87,11.152
CAR095,29.51,20,30.5,2474.0,28.8,0,1,Highway,111.1,0.61,3.33,98.79,14.711
CAR074,41.63,20,7.2,1920.0,46.9,1,1,Highway,227.9,0.72,2.52,18.37,3.029
CAR086,17.75,0,76.3,2605.0,23.7,0,1,City,73.9,0.53,1.47,108.4,10.889
CAR047,2.68,10,176.71448440750814,2583.0,,0,1,City,201.8,0.74,3.57,137.53,2.546
CAR055,29.52,85,54.0,1259.0,32.7,1,2,Rural,166.8,0.82,0.32,16.44,5.844
CAR164,38.67,20,5.0,2397.0,18.8,1,1,Rural,403.1,0.17,4.06,19.71,3.137
CAR007,39.5,10,42.5,1877.0,37.6,0,1,City,262.0,0.15,4.19,162.65,20.172
CAR071,42.25,20,46.5,2525.0,43.0,1,2,City,236.1,0.31,3.44,153.4,29.339
CAR161,26.47,10,69.1,1216.0,39.6,0,1,Rural,329.0,0.56,4.32,254.78,25.146499999999996
CAR122,42.52,0,19.5,2399.0,21.5,1,0,Highway,99.1,0.24,0.25,4.9,0.347
CAR029,20.3,10,62.5,1698.0,38.1,1,0,Rural,,0.56,3.25,181.98,19.285
CAR198,14.09,20,59.3,1772.0,25.6,0,1,City,333.4,0.76,1.55,85.48,13.385499999999999
CAR130,6.74,0,74.8,1163.0,24.3,0,1,Highway,364.9,0.4,3.47,262.29,6.403
CAR002,26.38,10,41.7,2312.0,30.3,0,1,City,378.8,0.34,2.07,89.49,11.184
CAR168,37.87,20,84.3,,29.0,1,1,Rural,318.1,0.29,1.36,115.96,18.532
CAR019,29.22,0,43.0,1946.0,26.9,0,0,City,334.2,0.42,0.67,26.14,2.387
CAR096,38.87,10,46.7,2058.0,32.6,1,2,Highway,339.5,0.39,1.4,59.02,7.248
CAR141,20.0,20,41.4,,36.2,0,2,Highway,122.7,0.59,4.04,145.93,19.0
CAR132,13.03,20,70.1,2836.0,42.0,0,1,Highway,338.6,0.57,0.96,65.6,10.302
CAR185,34.61,20,22.7,2334.0,20.3,1,0,Highway,286.0,0.9,1.89,43.51,6.969
CAR136,4.78,20,84.7,2322.0,38.0,1,0,Rural,233.8,0.63,3.31,251.67,4.541
CAR199,5.23,20,48.5,1822.0,30.9,0,0,City,307.3,0.44,1.92,83.74,4.968500000000001
CAR143,41.85,20,39.2,2466.0,17.0,0,1,City,429.7,0.66,2.05,77.92,13.38
CAR017,27.02,10,49.5,2717.0,23.9,1,1,City,349.0,0.1,4.13,187.33,25.592
CAR120,17.68,20,55.1,2425.0,21.5,1,1,Highway,243.4,0.61,1.02,53.7,8.539
CAR123,43.03,10,58.4,1944.0,12.4,1,2,City,260.8,0.83,1.52,80.66,13.592
CAR173,36.51,85,58.5,3370.0,35.1,0,2,Highway,157.6,0.07,3.63,193.25,34.6845
CAR014,24.12,10,15.9,2868.0,34.5,0,0,City,198.9,0.59,0.66,9.06,1.183
CAR109,9.78,85,52.5,1759.0,19.5,0,1,,134.8,0.36,0.32,15.39,5.183
CAR131,27.22,10,339.9428634260222,2571.0,30.3,1,2,Highway,170.0,0.84,4.32,288.08,25.858999999999998
CAR067,34.79,0,39.6,1308.0,26.2,1,2,Highway,449.8,0.29,3.69,126.97,12.051
CAR049,37.33,85,31.1,1851.0,36.5,0,1,City,179.7,0.75,3.4,108.22,35.463499999999996
CAR082,28.45,20,15.9,2667.0,40.0,1,0,Highway,207.9,0.32,1.49,21.48,2.913
CAR200,6.5,85,35.5,1190.0,25.7,1,0,City,435.5,0.89,1.67,61.27,6.175
CAR027,18.29,20,71.9,1949.0,22.5,1,1,Highway,283.7,0.57,3.92,253.33,17.3755
CAR098,20.95,10,49.3,2711.0,23.7,0,0,Highway,183.6,0.08,3.84,168.73,16.432
CAR149,26.64,0,61.7,2845.0,23.6,0,2,Rural,245.8,0.48,1.4,76.87,8.341
CAR120,29.59,20,31.2,2980.0,20.5,1,0,Highway,439.8,0.84,3.58,105.63,15.131
CAR130,32.52,85,25.0,2873.0,36.9,1,2,City,320.9,0.76,0.79,17.92,6.711
CAR040,43.4,0,37.2,2356.0,33.6,0,1,Highway,200.8,0.74,1.7,64.63,6.389
CAR063,36.16,20,52.4,2220.0,40.8,0,1,Rural,356.1,0.15,1.51,73.75,11.77
CAR120,34.99,20,38.6,2293.0,22.0,1,0,Rural,285.8,0.73,1.74,66.65,10.095
CAR033,16.07,10,74.4,2470.0,19.7,1,2,City,83.4,0.7,3.57,247.41,15.266499999999999
CAR142,9.77,20,67.8,2920.0,17.1,0,1,Highway,113.1,0.44,1.54,106.23,9.2815
CAR026,17.64,20,50.8,1793.0,32.3,1,1,Highway,189.7,0.59,1.65,78.13,10.695
CAR181,30.54,20,54.7,1852.0,31.2,1,0,City,333.3,0.09,3.19,169.97,22.446
CAR129,26.41,10,25.2,1581.0,17.4,1,2,City,314.4,0.75,1.16,28.55,4.481
CAR128,40.6,20,59.9,2924.0,26.7,1,0,Highway,305.5,0.26,1.19,72.52,9.649
CAR059,39.49,10,72.7,2057.0,10.0,1,2,City,238.6,0.67,4.44,311.85,37.5155
CAR149,7.74,10,28.8,2921.0,36.1,1,0,City,378.1,0.65,1.64,49.04,6.962
CAR088,8.14,20,40.0,3026.0,43.6,0,1,Rural,268.2,0.22,1.14,41.83,6.765
CAR081,9.18,85,56.1,2292.0,21.9,1,2,City,350.7,0.72,3.18,174.53,8.721
CAR122,7.36,20,,2531.0,21.9,0,2,Rural,85.8,0.63,0.75,48.02,6.992
CAR015,20.53,20,25.9,2340.0,36.1,0,1,City,167.9,0.26,3.81,94.28,14.166
CAR020,7.01,0,55.1,3190.0,24.8,0,1,City,378.7,0.7,2.96,152.84,6.6594999999999995
CAR181,8.07,85,43.5,2501.0,18.2,1,0,Rural,449.0,0.46,2.55,100.65,7.6665
CAR155,16.42,20,35.0,2862.0,35.9,1,1,City,242.7,0.52,1.53,48.03,7.89
CAR106,5.86,10,79.5,2531.0,33.2,1,1,Rural,165.6,0.34,4.06,295.51,5.567
CAR022,14.11,20,62.2,2977.0,22.8,1,2,City,435.7,0.31,3.66,195.78,13.404499999999999
CAR099,7.42,20,110.4,2745.0,23.6,1,2,Rural,207.6,0.73,2.39,253.92,7.0489999999999995
CAR186,14.56,20,48.1,1601.0,22.5,1,0,City,172.8,0.36,2.87,139.54,13.831999999999999
CAR073,34.28,0,55.1,1828.0,23.6,1,0,City,145.7,0.88,3.89,206.54,21.882
CAR144,36.64,10,75.4,2320.0,32.1,1,1,City,275.6,0.37,2.36,168.59,22.8
CAR121,14.07,20,34.4,1619.0,23.3,0,2,City,285.9,0.66,4.29,126.49,13.3665
CAR069,35.8,10,29.3,3103.0,24.7,1,1,Rural,227.9,0.25,0.95,27.22,3.488
CAR110,18.24,0,63.8,1959.0,28.8,1,0,Highway,302.7,0.89,0.59,33.15,3.01
CAR099,33.51,10,66.9,1897.0,24.2,0,2,City,398.9,0.45,4.39,278.31,31.834499999999995
CAR137,26.05,85,259.4912692089198,2259.0,21.2,1,2,Highway,76.3,0.13,4.03,230.68,24.7475
CAR129,34.13,10,76.2,3245.0,37.4,0,0,Highway,440.4,0.37,1.16,77.15,8.026
CAR133,17.54,10,66.5,2566.0,28.4,0,1,City,87.7,0.89,4.24,254.28,16.662999999999997
CAR111,33.47,10,53.5,2149.0,23.7,0,1,Rural,89.1,0.79,2.19,109.54,14.088
CAR046,4.69,20,15.5,2177.0,23.7,1,0,Rural,320.3,0.15,2.28,33.7,4.224
CAR070,3.35,85,75.4,2158.0,40.9,1,2,City,341.4,0.46,1.89,146.29,3.1825
CAR185,34.44,20,71.1,,31.6,0,1,Highway,125.5,0.64,4.04,248.35,32.055
CAR091,19.07,85,31.2,1777.0,32.6,1,1,Rural,149.2,0.86,1.45,39.73,13.708
CAR010,43.99,10,35.5,1161.0,28.6,1,0,Rural,,0.14,3.61,134.15,14.3
CAR078,30.25,10,,1519.0,16.8,1,1,Highway,312.0,0.51,1.84,78.94,9.678
CAR135,29.15,85,50.1,2598.0,39.0,1,1,Rural,203.6,0.38,2.89,148.44,27.6925
CAR083,34.31,20,70.7,3250.0,28.2,0,1,Highway,402.2,0.43,3.36,239.49,32.594500000000004
CAR179,23.18,10,45.2,1898.0,38.8,0,1,Highway,415.8,0.9,2.33,102.47,14.272
CAR027,23.39,0,5.8,3725.0,5.0,1,1,City,427.1,0.2,1.01,5.4,0.608
CAR132,36.44,10,48.6,1753.0,38.3,1,1,Rural,446.2,0.39,4.34,189.43,24.924
CAR188,5.38,20,44.0,2651.0,33.1,1,2,City,337.4,0.86,4.32,190.87,5.111
CAR193,30.75,20,42.4,3169.0,15.4,0,2,City,152.4,0.81,0.85,33.73,6.555
CAR108,24.41,0,81.5,2996.0,28.6,1,0,City,85.3,0.28,0.77,64.66,5.614
CAR128,9.75,20,47.7,1489.0,38.9,1,1,City,366.0,0.65,1.38,68.31,9.2625
CAR012,10.68,20,68.4,,32.2,1,2,City,82.3,0.17,2.54,160.55,10.145999999999999
CAR128,27.47,10,68.9,2617.0,35.5,1,2,City,81.0,0.53,1.69,108.01,15.432
CAR129,12.74,85,62.9,1646.0,39.8,1,0,,271.6,0.68,4.41,248.26,12.103
CAR069,27.05,20,31.3,2498.0,30.3,1,1,Highway,410.8,0.3,4.33,134.62,19.031
CAR088,23.36,20,27.9,1911.0,10.8,1,0,Rural,258.6,0.72,0.69,17.56,2.686
CAR088,7.32,20,75.4,858.0,22.6,0,0,Highway,327.8,0.12,4.05,274.41,6.954
CAR195,28.91,20,102.9,1822.0,32.5,0,2,City,311.4,0.55,4.11,397.85,27.464499999999997
CAR006,30.87,0,31.3,,30.0,0,1,City,196.0,0.09,0.77,23.28,2.096
CAR113,42.99,20,44.8,3116.0,17.3,1,2,City,370.5,0.17,0.64,28.55,5.054
CAR187,19.32,10,44.4,2101.0,26.7,1,2,City,416.7,0.86,3.78,157.77,18.354
CAR018,31.45,0,47.3,2650.0,39.4,0,1,City,431.0,0.46,3.0,138.3,16.64
CAR050,15.79,20,92.3,2257.0,21.4,0,1,City,90.7,0.11,2.38,205.67,15.000499999999999
CAR102,12.88,20,82.6,2708.0,34.7,1,1,City,341.5,0.08,2.96,252.22,12.236
CAR160,34.14,10,25.6,1972.0,,1,1,City,413.0,0.8,4.05,91.53,14.348
CAR176,31.04,10,48.2,2564.0,20.3,0,1,City,397.2,0.86,3.18,141.61,20.896
CAR182,35.84,10,32.0,2092.0,35.9,1,2,City,360.7,0.2,0.77,24.9,3.535
CAR150,43.31,20,53.0,2717.0,24.2,1,1,City,236.0,0.45,4.34,208.59,33.786
CAR175,40.38,85,16.6,2451.0,26.3,0,2,City,74.3,0.11,1.38,20.63,6.93
CAR015,25.81,20,83.2,700.0,7.7,1,1,City,81.4,0.49,3.15,248.65,24.519499999999997
CAR121,5.03,10,53.3,1986.0,14.6,0,0,City,380.2,0.11,0.81,41.94,4.777
CAR090,21.54,20,53.4,1448.0,28.6,0,2,City,348.1,0.88,3.93,193.28,20.462999999999997
CAR141,4.65,20,42.4,1451.0,28.6,1,1,City,340.0,0.29,1.18,51.83,4.4175
CAR076,29.25,20,40.8,1070.0,17.1,1,2,Highway,278.6,0.29,0.25,10.7,1.687
CAR011,21.04,10,68.9,2174.0,22.2,1,1,Highway,321.5,0.68,3.4,210.4,19.988
CAR055,36.7,10,72.0,1726.0,33.7,0,0,Highway,,0.21,0.91,67.94,6.752
CAR156,11.73,10,49.6,2502.0,24.7,1,2,Highway,428.9,0.41,3.47,176.9,11.1435
CAR001,26.5,20,42.0,2406.0,13.5,1,1,Highway,320.7,0.28,1.95,83.7,12.341
CAR030,34.19,10,52.5,2515.0,48.0,1,1,City,297.5,0.88,1.94,103.31,18.93
CAR170,13.54,10,49.9,1677.0,21.4,0,1,Rural,89.0,0.74,0.25,12.88,1.638
CAR037,43.27,10,81.3,1745.0,15.9,0,2,Highway,219.2,0.07,0.61,45.09,4.414
CAR079,43.48,0,70.7,2156.0,29.8,0,0,Highway,247.0,0.71,2.45,176.31,13.182
CAR194,23.85,20,43.5,2077.0,32.7,1,1,City,307.9,0.19,3.29,132.4,20.924
CAR038,18.57,20,40.7,1678.0,22.1,0,2,rural,307.8,0.61,2.45,97.39,15.801
CAR082,43.8,20,69.4,1819.0,31.4,1,2,City,289.3,0.72,1.42,96.98,18.446
CAR126,7.84,10,52.2,2249.0,18.9,0,1,Highway,222.6,0.74,4.01,187.46,7.4479999999999995
CAR010,21.81,0,42.5,2639.0,30.6,1,0,City,117.1,0.74,2.91,118.75,12.851
CAR046,44.92,10,68.5,1472.0,32.2,1,1,City,188.1,0.39,0.61,40.18,5.006
CAR089,36.14,20,39.0,2093.0,25.9,0,1,City,290.9,0.57,2.68,100.55,16.157
CAR133,41.76,20,,,28.6,1,1,City,,0.31,0.94,42.48,7.101
CAR091,10.24,20,42.5,1665.0,12.4,1,1,Rural,,0.46,2.17,89.0,9.728
CAR199,44.44,85,46.0,2626.0,30.0,1,0,,371.0,0.68,1.62,66.69,21.723
CAR085,3.31,20,59.3,2106.0,25.1,1,1,Rural,313.3,0.28,0.92,55.4,3.1445
CAR149,22.94,85,68.9,1328.0,20.0,1,2,City,194.1,0.59,0.92,64.5,21.793
CAR017,16.62,20,,2063.0,24.2,1,2,Rural,376.3,0.62,3.53,118.6,15.789
CAR025,4.07,20,88.2,1869.0,28.1,1,0,Highway,188.1,0.75,3.79,307.5,3.8665000000000003
CAR144,43.15,20,15.7,2568.0,30.0,1,1,Highway,,0.8,1.71,26.01,4.17
CAR104,4.59,10,19.7,2307.0,27.9,1,1,Rural,322.1,0.22,0.76,14.27,1.793
CAR100,32.34,20,56.7,2326.0,26.1,0,2,,178.7,0.34,2.69,133.69,22.162
CAR058,43.63,10,88.3,2096.0,41.0,0,0,City,415.6,0.27,3.89,321.36,36.308
CAR022,27.94,10,48.4,1805.0,31.0,1,1,Rural,336.6,0.23,4.07,200.12,24.509
CAR127,24.58,20,71.7,2818.0,32.6,1,0,Rural,355.2,0.46,4.29,297.09,23.350999999999996
CAR042,2.98,0,58.5,2968.0,18.1,1,1,City,380.3,0.15,3.31,180.55,2.831
CAR089,24.6,10,48.6,2782.0,36.3,1,1,Highway,334.4,0.07,2.23,102.94,11.699
CAR054,12.59,20,57.2,2732.0,29.3,0,2,City,218.9,0.69,0.83,44.36,7.95
CAR009,16.51,20,68.4,1878.0,28.0,0,0,City,300.6,0.28,3.78,260.36,15.6845
CAR108,36.66,10,66.8,2696.0,29.6,1,1,Rural,335.1,0.81,2.65,158.64,22.966
CAR054,21.08,10,77.0,1528.0,26.4,0,2,City,382.2,0.26,1.11,75.58,10.272
CAR074,23.92,10,60.6,2403.0,16.9,1,0,City,425.3,0.8,2.58,160.75,22.611
CAR197,7.89,20,47.6,3865.0,29.3,0,0,City,443.6,0.63,4.02,174.18,7.495499999999999
CAR121,19.53,20,42.0,1879.0,16.6,0,0,Rural,236.1,0.52,3.64,150.13,18.5535
CAR077,15.0,20,17.9,,36.0,1,1,Rural,439.3,0.8,1.35,23.16,3.886
CAR034,16.54,10,70.5,1923.0,20.3,1,1,Rural,422.4,0.11,3.42,228.37,15.713
CAR069,40.24,10,35.9,1826.0,31.0,1,1,Rural,405.6,0.66,0.31,10.51,1.429
CAR050,7.55,0,23.1,2203.0,27.0,1,0,City,147.0,0.86,2.46,55.21,5.974
CAR020,26.56,20,35.2,2209.0,18.6,1,0,City,77.5,0.13,3.38,123.5,17.053
CAR045,19.74,20,78.4,3033.0,35.7,0,1,highway,180.8,0.62,2.06,153.61,18.752999999999997
CAR009,35.51,20,35.6,3264.0,30.9,0,0,City,320.1,0.67,3.93,139.27,23.758
CAR097,29.78,10,59.6,1745.0,35.7,1,1,City,361.8,0.4,2.02,103.94,14.196
CAR058,2.84,10,44.1,1347.0,33.9,1,0,City,176.4,0.09,3.94,155.99,2.698
CAR184,35.24,20,14.4,2595.0,24.9,0,2,,219.1,0.8,3.5,44.61,7.25
CAR104,3.19,20,29.9,2289.0,21.3,1,0,Rural,233.2,0.84,0.69,20.92,3.0305
CAR185,21.7,10,36.1,,39.5,1,0,City,103.6,0.1,3.51,123.02,14.838
CAR011,24.89,10,98.6,2458.0,27.4,1,0,City,375.7,0.23,3.54,320.09,23.6455
CAR026,23.18,10,,2509.0,12.1,0,2,Highway,73.8,0.32,2.45,163.75,17.424
CAR020,41.71,10,,2481.0,16.8,0,1,City,202.2,0.43,1.54,94.51,12.647
CAR098,33.29,10,69.2,2409.0,24.6,0,0,City,330.2,0.73,3.55,228.18,29.397
CAR079,19.95,20,35.5,3696.0,25.9,0,1,Rural,84.3,0.18,2.52,93.02,14.336
CAR131,7.79,10,44.4,,37.7,1,1,Rural,221.1,0.42,4.2,177.68,7.4005
CAR098,16.75,10,54.0,700.0,38.4,1,1,City,324.8,0.65,0.27,12.78,1.766
CAR094,14.46,10,46.1,1180.0,18.6,0,2,City,162.4,0.15,1.15,54.38,7.05
CAR174,40.29,0,62.6,2089.0,29.1,0,2,Rural,95.4,0.08,1.79,104.92,9.46
CAR130,27.96,10,46.3,,32.2,1,1,,236.6,0.77,2.92,121.36,14.883
CAR118,32.82,0,61.8,1821.0,17.9,1,1,,,0.48,2.16,134.85,12.343
CAR096,27.54,10,68.1,,40.0,1,2,Rural,192.1,0.84,0.82,50.87,8.851
CAR092,24.95,10,32.0,3229.0,27.6,0,0,City,344.3,0.54,3.99,126.11,15.598
CAR084,11.78,10,65.8,1847.0,22.9,1,1,Highway,368.8,0.36,2.2,131.74,11.190999999999999
CAR162,37.73,0,28.3,2009.0,30.5,1,2,City,425.4,0.32,0.96,24.18,2.8
CAR029,18.07,85,51.5,3021.0,20.8,0,1,Highway,184.5,0.61,3.5,170.76,17.1665
CAR080,41.4,20,52.2,2110.0,26.7,1,0,City,197.0,0.74,2.08,93.13,15.129
CAR076,3.48,10,7.2,1960.0,31.3,0,0,City,256.9,0.69,2.34,17.15,2.173
CAR163,34.38,85,55.9,1457.0,40.0,1,1,City,411.8,0.3,0.37,20.65,7.024
CAR143,42.27,10,64.8,2129.0,12.2,1,2,City,186.1,0.28,1.71,94.59,13.072
CAR131,2.53,20,63.5,2532.0,22.0,0,1,City,384.7,0.25,1.04,58.97,2.4034999999999997
CAR094,34.34,85,64.5,2642.0,19.2,1,1,City,338.4,0.13,1.02,57.87,19.93
CAR118,14.02,20,37.2,2682.0,24.1,0,0,Rural,304.2,0.1,3.75,135.36,13.318999999999999
CAR171,38.68,20,44.4,2204.0,37.6,1,1,City,382.4,0.7,0.23,10.32,1.812
CAR013,36.85,10,50.9,2381.0,32.6,0,2,City,254.2,0.71,2.68,133.83,19.531
CAR090,12.57,20,17.4,1553.0,19.5,1,1,City,180.5,0.56,3.71,64.9,10.525
CAR192,24.04,0,54.0,3415.0,31.3,1,0,City,93.5,0.82,2.24,109.35,12.791
CAR010,28.17,0,83.5,2273.0,32.0,0,2,highway,204.3,0.54,2.77,210.96,20.795
CAR114,10.45,0,42.3,1862.0,21.9,1,2,City,348.2,0.05,1.15,44.35,4.557
CAR038,33.09,85,45.3,3058.0,31.8,1,1,City,347.2,0.34,4.23,168.54,31.4355
CAR081,30.97,0,47.0,700.0,44.5,0,1,Rural,363.6,0.5,2.31,108.84,11.662
CAR141,42.05,0,80.6,1888.0,18.3,0,1,Rural,422.0,0.9,4.17,287.43,28.858
CAR064,29.07,20,36.6,2857.0,34.6,1,1,City,356.0,0.51,1.73,59.18,10.666
CAR031,37.3,20,,1648.0,27.4,1,1,City,287.8,0.36,1.48,117.74,19.401
CAR180,31.21,0,11.5,2051.0,26.5,1,1,Rural,183.7,0.65,2.75,31.63,3.31
CAR146,13.03,20,63.8,2456.0,31.2,1,0,City,366.8,0.46,2.31,151.56,12.378499999999999
CAR106,40.05,20,32.7,2292.0,26.4,1,2,Rural,436.3,0.38,0.86,24.73,4.411
CAR100,30.25,10,44.3,1393.0,40.2,1,0,City,84.2,0.22,3.14,130.46,16.196
CAR086,44.1,20,32.4,2962.0,24.1,1,2,City,226.8,0.61,4.39,135.29,26.007
CAR020,27.53,0,43.9,2684.0,19.5,0,2,Highway,164.0,0.21,3.21,147.87,12.355
CAR069,35.97,85,28.4,2232.0,29.3,1,2,City,242.5,0.83,3.18,81.88,29.731
CAR152,37.77,10,77.9,2413.0,32.4,0,1,City,428.0,0.07,0.56,41.56,5.261
CAR146,16.98,10,54.9,3087.0,38.4,0,2,City,,0.32,3.03,142.32,16.131
CAR166,25.44,10,9.0,2052.0,33.1,0,1,Rural,,0.3,3.45,30.77,3.332
CAR009,25.38,20,41.7,1669.0,46.2,0,2,City,194.0,0.76,4.23,156.86,24.110999999999997
CAR109,32.23,10,80.7,2273.0,22.1,0,0,city,362.4,0.83,1.16,91.69,12.341
CAR131,41.84,10,17.4,2112.0,21.4,0,2,Highway,298.0,0.82,4.25,77.47,10.171
CAR036,41.39,20,43.3,,,0,0,,94.4,0.2,2.78,119.99,17.546
CAR115,37.94,0,17.1,2246.0,38.5,0,2,City,134.9,0.32,3.44,60.8,7.279
CAR083,3.48,20,27.3,2482.0,35.1,1,0,City,398.3,0.78,0.98,23.43,3.306
CAR165,20.78,10,91.6,1911.0,33.4,0,0,Rural,326.2,0.42,0.83,76.6,7.886
CAR198,30.59,0,19.3,1982.0,30.7,0,2,Highway,328.4,0.39,3.41,56.48,5.195
CAR122,5.13,10,34.4,1301.0,27.6,0,2,Highway,,0.13,0.2,5.91,0.587
CAR095,26.91,10,50.7,1538.0,23.1,1,2,City,203.9,0.16,1.84,80.97,10.553
CAR181,4.1,20,46.0,3272.0,39.4,1,0,City,259.0,0.12,1.2,52.1,3.8949999999999996
CAR025,41.25,10,100.6,2703.0,29.8,1,1,Highway,191.2,0.43,3.73,325.26,37.935
CAR160,13.73,20,44.5,2252.0,40.8,0,0,Rural,385.0,0.07,0.41,16.41,2.291
CAR080,34.25,10,47.8,,23.7,0,1,City,197.8,0.5,3.62,157.76,19.275
CAR124,26.38,0,79.3,1628.0,18.7,0,2,Highway,165.9,0.83,0.95,69.85,6.564
CAR161,12.44,20,59.0,2623.0,32.6,0,1,City,296.7,0.6,3.51,211.24,11.818
CAR085,4.11,20,39.2,1565.0,28.6,1,1,Highway,163.7,0.59,1.74,67.8,3.9045
CAR017,7.17,10,18.0,1786.0,12.4,0,1,Highway,346.9,0.89,3.99,73.89,6.8115
CAR086,22.22,10,37.0,2403.0,31.3,1,2,Rural,385.7,0.44,1.3,42.25,6.25
CAR075,3.34,0,77.5,2099.0,27.1,1,1,Rural,322.9,0.6,4.15,279.65,3.1729999999999996
CAR095,25.36,20,13.7,10079.783659061835,22.2,0,1,Highway,299.4,0.5,2.95,36.77,5.193
CAR079,30.99,20,36.2,2820.0,9.3,1,1,Highway,415.1,0.54,2.3,78.22,12.775
CAR022,29.46,10,75.1,2347.0,27.5,0,0,Highway,342.9,0.66,1.68,125.6,12.734
CAR152,21.33,20,72.3,2509.0,15.2,0,0,Highway,435.0,0.4,2.84,189.79,20.263499999999997
CAR065,42.61,20,60.7,2678.0,41.3,1,1,Highway,225.8,0.57,0.25,15.36,2.528
CAR036,33.77,10,48.7,2454.0,14.0,0,0,City,315.7,0.13,3.17,152.73,17.907
CAR143,38.86,20,31.6,2186.0,33.9,0,0,City,416.1,0.72,0.97,30.35,4.503
CAR095,39.09,20,38.7,2069.0,31.2,0,1,Rural,118.2,0.76,2.88,110.16,16.556
CAR092,43.26,85,79.7,2176.0,48.0,1,2,City,92.4,0.89,3.68,253.33,41.096999999999994
CAR018,10.83,10,38.1,2655.0,28.6,0,1,Highway,262.9,0.41,3.84,134.76,10.288499999999999
CAR100,25.85,10,73.6,1961.0,32.2,0,1,Rural,70.7,0.16,4.48,292.41,24.5575
CAR148,40.65,10,46.1,1730.0,15.0,0,1,City,262.9,0.46,0.97,43.71,5.312
CAR103,35.65,20,60.6,2963.0,31.1,0,2,City,107.2,0.18,1.37,78.66,12.172
CAR183,11.44,20,,2433.0,16.5,1,2,City,155.5,0.29,1.55,106.65,10.867999999999999
CAR005,16.07,10,,1844.0,32.0,0,1,City,82.7,0.39,1.53,13.14,1.583
CAR009,43.52,0,53.5,2845.0,11.1,1,1,City,107.5,0.06,1.48,69.57,6.041
CAR195,20.43,20,38.5,2004.0,12.0,0,2,City,253.5,0.9,1.76,70.41,12.478
CAR085,40.92,20,43.1,1184.0,28.3,0,0,City,169.4,0.15,4.03,176.7,22.714
CAR167,4.04,10,31.5,1916.0,23.8,1,0,City,440.4,0.51,4.16,117.34,3.8379999999999996
CAR169,24.27,10,12.2,1932.0,33.6,1,2,Rural,131.2,0.45,2.46,25.74,3.599
CAR131,12.5,20,37.2,2244.0,25.7,0,0,Rural,326.8,0.53,0.54,17.25,2.521
CAR112,34.17,10,43.2,1220.0,22.8,1,2,City,358.2,0.54,2.8,115.83,16.601
CAR083,42.71,20,21.6,,12.0,0,1,Highway,99.3,0.41,1.02,22.7,2.908
CAR029,2.31,85,30.5,1974.0,35.3,1,2,Rural,398.6,0.06,2.27,62.61,2.1945
CAR103,44.93,10,30.2,2153.0,38.1,1,2,City,340.6,0.64,1.43,36.96,6.177
CAR188,19.13,10,55.8,1815.0,24.6,1,1,City,82.5,0.8,2.66,150.19,18.173499999999997
CAR089,2.91,0,34.4,2560.0,33.7,0,1,city,323.7,0.56,0.78,27.99,2.7645
CAR076,22.05,20,266.00180284498595,1171.0,29.7,1,2,Highway,134.2,0.08,2.73,163.46,20.947499999999998
CAR178,5.44,20,80.7,2232.0,21.9,1,2,Highway,173.5,0.81,0.66,51.21,5.168
CAR137,19.21,10,48.6,2377.0,27.9,1,0,Highway,73.7,0.3,4.24,201.0,18.2495
CAR178,28.45,10,70.7,2462.0,,0,1,City,,0.13,3.64,256.39,27.027499999999996
CAR118,25.43,20,52.1,1826.0,,1,2,Rural,195.2,0.3,0.97,46.59,7.267
CAR136,37.24,0,58.0,1975.0,24.8,1,2,Highway,170.9,0.15,1.31,75.98,6.703
CAR045,33.32,85,37.8,2097.0,24.8,0,1,Rural,240.2,0.8,0.29,9.56,3.209
CAR164,26.09,20,61.6,1610.0,34.4,0,0,City,283.8,0.39,1.76,93.74,13.315
CAR191,21.6,20,20.4,1310.0,24.8,1,0,Rural,80.4,0.23,2.85,50.78,6.518
CAR070,11.29,0,9.7,1779.0,40.2,1,0,City,287.1,0.11,0.41,3.42,0.329
CAR113,19.15,10,69.2,1771.0,26.6,0,0,City,228.2,0.22,3.92,253.56,18.1925
CAR194,37.38,10,40.4,1962.0,24.7,0,0,City,416.6,0.67,0.26,10.17,1.247
CAR103,27.26,10,19.6,1496.0,30.4,0,0,Rural,332.7,0.75,0.22,4.13,0.471
CAR081,20.96,10,51.4,1422.0,25.5,0,0,City,148.7,0.59,2.13,104.07,12.408
CAR069,35.59,0,13.9,3234.0,,0,0,Rural,286.3,0.06,0.67,8.3,0.589
CAR151,39.32,10,63.3,1646.0,33.3,1,2,Rural,402.6,0.79,0.91,52.16,7.011
CAR143,13.15,10,51.7,2330.0,23.6,0,1,City,367.1,0.83,2.06,109.73,12.4925
CAR005,3.88,0,22.3,1510.0,31.8,0,1,Highway,127.4,0.14,3.52,72.13,3.686
CAR193,13.44,10,30.3,1836.0,28.9,1,1,Highway,274.5,0.2,2.96,89.83,9.655
CAR078,43.13,20,16.8,2358.0,26.8,1,2,Highway,379.6,0.11,3.56,58.6,9.467
CAR064,13.01,20,33.4,1961.0,20.7,1,0,City,240.0,0.46,2.15,63.27,9.106
CAR156,38.73,20,54.1,2394.0,43.9,1,0,City,335.4,0.4,1.36,63.46,11.116
CAR002,33.97,0,31.1,1878.0,34.2,1,1,City,206.4,0.17,1.62,50.87,5.082
CAR119,3.85,10,33.5,1964.0,34.3,1,1,City,341.7,0.28,4.26,123.17,3.6574999999999998
CAR195,22.72,85,58.8,1841.0,26.5,0,0,City,341.0,0.59,4.43,263.9,21.584
CAR100,23.27,10,54.6,2201.0,43.6,0,1,Highway,407.1,0.39,4.24,234.5,22.106499999999997
CAR097,7.63,10,75.5,3173.0,20.8,1,0,City,446.1,0.35,0.82,53.26,7.2485
CAR062,20.68,20,48.9,2163.0,31.8,1,0,City,264.0,0.16,3.7,174.91,19.645999999999997
CAR166,10.34,20,27.7,1855.0,26.4,1,0,Highway,419.1,0.7,2.72,64.28,9.24
CAR126,9.07,10,13.4,2679.0,13.6,1,1,Rural,257.3,0.21,0.76,10.08,1.314
CAR189,10.8,20,68.6,1328.0,16.0,0,1,Highway,250.3,0.73,0.38,23.42,3.244
CAR093,13.55,20,28.8,2551.0,27.3,0,2,,393.7,0.13,3.43,88.85,12.8725
CAR173,28.07,10,58.5,2543.0,25.4,1,0,Rural,241.8,0.24,4.28,231.61,24.501
CAR009,23.2,85,33.6,1753.0,32.6,0,1,Rural,353.8,0.78,3.17,109.45,22.04
CAR163,35.47,20,22.6,2452.0,25.5,1,1,City,375.6,0.67,0.28,6.31,1.157
CAR181,40.65,20,47.1,2275.0,36.0,1,2,Highway,250.2,0.63,1.09,44.49,7.157
CAR093,13.98,0,30.3,1500.0,32.4,0,0,,436.5,0.47,1.17,32.97,2.896
CAR141,9.74,0,53.2,2105.0,27.2,1,0,,127.0,0.17,4.45,219.66,9.253
CAR198,22.0,20,56.1,2386.0,30.8,0,1,Rural,293.1,0.83,2.98,161.12,20.9
CAR012,32.42,20,30.5,10694.307286732272,27.9,1,2,Highway,311.9,0.12,1.78,50.32,7.694
CAR019,4.06,10,52.4,2147.0,13.2,0,0,Highway,411.9,0.29,1.42,69.14,3.8569999999999993
CAR148,24.81,0,45.4,2084.0,23.4,1,1,Highway,166.4,0.16,3.16,150.08,10.568
CAR147,11.65,0,73.8,1067.0,45.1,0,0,Highway,202.7,0.15,3.89,247.72,11.067499999999999
CAR086,34.73,10,48.4,3602.0,34.5,0,0,Highway,207.2,0.08,2.17,96.85,9.223
CAR068,40.46,20,41.1,1524.0,17.6,0,2,City,328.3,0.52,3.45,129.59,21.203
CAR031,37.27,10,56.5,2062.0,23.2,0,0,Rural,254.1,0.07,3.32,190.19,17.396
CAR067,21.62,10,60.9,1593.0,24.8,0,1,Rural,252.8,0.15,0.61,34.25,3.425
CAR144,39.85,20,58.6,2566.0,17.7,0,1,City,226.4,0.55,1.9,111.12,17.532
CAR178,40.55,10,55.6,1124.0,38.4,1,0,Highway,311.9,0.07,4.39,219.37,21.078
CAR189,32.32,0,50.0,3151.0,29.5,0,1,Rural,,0.18,4.23,202.39,14.768
CAR144,11.59,20,66.0,1878.0,20.2,1,0,Highway,265.8,0.16,0.96,62.71,8.62
CAR139,11.02,20,58.6,2129.0,28.9,0,1,City,181.3,0.25,0.88,53.67,7.811
CAR092,19.92,0,35.5,2109.0,25.2,1,1,City,227.7,0.73,2.34,83.52,9.396
CAR176,20.18,20,34.9,2313.0,,0,1,Highway,291.5,0.41,4.21,131.94,18.147
CAR043,37.73,0,70.0,2030.0,25.8,1,1,Highway,165.9,0.78,4.43,281.18,24.525
CAR031,20.25,10,44.0,2055.0,26.5,0,0,city,237.6,0.81,0.47,21.0,2.628
CAR109,16.52,10,16.3,2888.0,27.3,0,1,Rural,178.9,0.4,3.84,57.8,6.386
CAR183,40.79,10,54.9,1630.0,22.8,0,1,City,427.6,0.11,0.76,35.96,4.446
CAR149,14.82,0,45.8,2101.0,31.1,0,1,City,199.7,0.72,3.37,151.2,14.078999999999999
CAR043,11.65,20,6.5,1375.0,27.7,1,2,Rural,140.5,0.24,2.5,14.79,2.313
CAR109,29.52,20,47.2,1556.0,15.6,1,1,Highway,183.3,0.38,3.85,163.0,22.988
CAR112,17.51,20,59.0,2563.0,35.5,1,2,Highway,82.4,0.11,1.66,93.38,13.793
CAR101,44.29,10,79.8,2570.0,26.2,1,1,Rural,143.2,0.23,2.81,233.95,28.078
CAR181,35.69,0,55.2,1686.0,33.5,1,0,Rural,250.3,0.76,2.16,112.1,10.189
CAR168,29.03,20,17.0,2148.0,27.9,1,0,City,171.3,0.87,3.45,60.54,10.219
CAR154,10.95,0,37.7,2021.0,38.9,1,0,City,238.7,0.55,1.18,39.92,4.186
CAR138,13.87,10,50.3,1579.0,28.7,0,0,Rural,90.1,0.58,2.32,103.33,10.388
CAR147,3.8,20,60.8,2888.0,15.2,0,0,Rural,222.6,0.81,4.41,233.15,3.61
CAR158,20.18,10,53.9,2129.0,17.8,1,0,City,100.1,0.54,3.83,197.79,19.171
CAR127,25.3,10,72.8,2428.0,29.3,0,2,City,228.0,0.87,1.66,117.51,17.13
CAR179,28.92,20,29.3,1839.0,48.0,1,0,City,246.0,0.2,0.79,22.91,4.009
CAR014,35.05,20,95.6,,35.1,1,1,Highway,442.2,0.35,1.52,142.4,20.717
CAR029,28.36,10,59.5,2364.0,28.8,0,0,City,134.9,0.75,1.44,82.13,10.595
CAR002,27.86,10,20.4,1974.0,29.2,1,2,Highway,378.2,0.26,4.33,90.81,11.897
CAR121,23.03,10,71.3,2092.0,36.3,0,1,City,237.8,0.63,2.97,194.18,21.8785
CAR010,25.96,20,56.6,2740.0,20.5,0,2,Rural,228.6,0.16,2.21,126.58,19.11
CAR011,18.81,20,31.8,2215.0,15.1,0,1,Highway,320.2,0.43,4.15,112.66,16.154
CAR046,9.51,0,57.2,1414.0,19.5,0,2,City,363.4,0.4,1.78,100.35,9.0345
CAR023,41.97,85,49.0,1936.0,26.8,1,0,Highway,139.7,0.43,0.58,29.71,9.007
CAR009,39.01,85,64.4,2795.0,27.2,1,2,,216.9,0.05,0.69,44.89,16.006
CAR072,26.3,20,69.6,1109.0,27.3,0,0,City,358.5,0.74,2.75,166.57,24.212
CAR162,36.0,10,56.3,2007.0,31.1,0,0,City,357.3,0.61,4.49,234.05,26.79
CAR117,22.86,10,64.6,1920.0,20.6,1,1,City,291.5,0.39,2.75,185.81,21.717
CAR049,14.01,10,,2743.0,36.8,1,1,Highway,212.3,0.52,0.62,44.36,5.811
CAR198,15.06,0,19.1,1968.0,37.3,0,1,Rural,231.7,0.42,1.18,21.13,2.041
CAR094,13.52,0,44.7,2453.0,31.2,1,0,Highway,354.3,0.66,2.78,109.79,8.713
CAR012,12.77,20,67.0,2290.0,18.7,1,1,Rural,96.4,0.21,1.71,97.64,12.131499999999999
CAR097,34.04,10,40.7,1274.0,36.8,0,0,Highway,376.2,0.36,3.78,143.37,14.358
CAR154,2.51,85,71.4,1897.0,23.5,1,0,City,78.8,0.52,3.33,240.51,2.3844999999999996
CAR087,37.95,10,86.2,1365.0,27.8,0,1,City,378.9,0.18,0.8,62.32,7.883
CAR145,22.48,0,30.5,1975.0,36.5,0,0,Rural,,0.21,2.26,60.97,4.819
CAR157,14.04,20,23.251905843093176,1526.0,37.9,1,2,Highway,184.3,0.2,3.38,17.12,2.729
CAR005,17.92,10,31.5,858.0,14.3,1,0,City,225.4,0.32,0.86,26.41,2.742
CAR169,28.72,0,68.4,2920.0,25.4,1,1,Rural,321.8,0.44,1.86,132.42,14.194
CAR049,34.38,20,72.0,2141.0,26.5,1,0,City,,0.42,2.1,154.31,23.713
CAR197,10.72,10,,3042.0,22.9,0,2,Rural,72.6,0.4,3.08,298.29,10.184
CAR088,4.13,85,63.9,2962.0,33.6,1,2,,242.7,0.65,1.0,56.85,3.9234999999999998
CAR166,29.47,20,54.4,1746.0,18.4,1,0,Rural,94.0,0.4,3.84,218.53,27.996499999999997
CAR072,39.57,10,83.8,,38.6,0,2,Rural,297.3,0.75,4.44,370.52,37.591499999999996
CAR141,34.32,20,6.9,3245.0,32.7,1,2,Highway,,0.64,1.98,11.94,2.102
CAR078,17.37,10,48.4,1071.0,37.4,0,0,Rural,117.3,0.46,4.27,203.35,16.5015
CAR005,13.23,10,110.4,2180.0,43.7,1,1,City,207.7,0.08,3.05,287.25,12.5685
CAR160,29.4,0,30.7,900.0,19.9,0,1,Rural,446.7,0.78,3.2,85.85,8.553
CAR101,2.85,20,40.6,1856.0,21.6,0,1,City,229.6,0.79,1.71,67.95,2.7075
CAR101,11.82,20,71.0,1717.0,25.6,1,2,City,124.9,0.12,3.04,217.15,11.229
CAR120,33.57,20,43.4,,22.6,1,2,Highway,399.1,0.49,2.63,109.71,18.276
CAR107,7.54,85,30.2,2746.0,16.2,0,1,Highway,447.8,0.65,0.77,23.44,7.162999999999999
CAR127,23.93,20,47.4,2183.0,27.2,0,0,Highway,291.5,0.52,1.59,64.57,8.741
CAR190,5.52,0,35.4,2774.0,37.1,0,0,Highway,,0.73,3.04,106.32,5.244
CAR088,18.48,10,39.0,2020.0,37.5,1,0,City,428.2,0.37,2.01,72.78,9.285
CAR058,14.11,85,60.8,1885.0,27.8,0,1,,168.9,0.81,3.32,188.41,13.404499999999999
CAR043,15.14,20,39.2,3279.0,33.1,1,2,City,311.5,0.07,3.28,124.69,14.383
CAR112,24.34,10,55.3,2388.0,33.6,0,2,Rural,89.4,0.82,0.95,54.89,7.817
CAR152,27.8,10,80.1,7146.829981543843,30.0,1,0,Highway,438.5,0.07,2.86,234.52,23.717
CAR035,8.68,10,38.9,3109.0,30.9,1,1,City,331.3,0.19,4.0,161.44,8.245999999999999
CAR035,6.8,20,15.0,2089.0,23.5,1,0,Highway,222.5,0.38,2.44,38.05,4.588
CAR026,34.93,0,110.1,2699.0,13.9,1,1,Highway,152.3,0.39,3.17,325.6,33.183499999999995
CAR027,27.03,85,58.6,,24.6,0,2,Highway,308.8,0.53,1.39,81.05,25.6785
CAR170,16.97,20,46.1,2265.0,19.9,0,1,,,0.69,1.31,52.32,7.285
CAR171,12.76,20,61.8,1968.0,27.7,0,2,,158.7,0.39,0.85,52.22,7.944
CAR169,34.12,10,36.9,3040.0,26.4,1,1,Highway,144.2,0.64,4.41,143.11,15.337
CAR150,37.51,0,41.2,2483.0,7.0,0,1,City,278.4,0.08,2.54,96.91,8.709
CAR099,31.71,0,58.7,1458.0,19.6,1,1,Highway,340.1,0.82,3.81,211.6,20.989
CAR048,15.63,10,33.5,3541.0,11.2,1,2,City,188.5,0.29,3.37,115.31,14.8485
CAR068,9.72,10,59.0,10754.16348423264,44.3,0,2,City,251.6,0.55,1.46,86.42,9.234
CAR034,23.7,20,53.3,,26.6,0,0,Highway,70.4,0.33,3.12,144.63,16.556
CAR063,7.44,10,56.9,2938.0,35.3,1,1,Highway,407.2,0.22,1.4,77.88,7.068
CAR179,29.2,10,21.2,3223.0,27.9,1,1,,101.5,0.46,3.33,70.34,9.826
CAR195,31.69,10,60.9,2227.0,35.8,1,0,City,188.5,0.18,3.73,205.35,22.908
CAR137,14.18,20,86.1,3083.0,34.6,1,1,City,297.2,0.07,4.28,372.23,13.470999999999998
CAR109,39.63,10,75.7,2837.0,36.0,0,0,Highway,164.0,0.8,2.35,154.03,16.078
CAR017,16.3,0,97.6,2744.0,,0,0,City,356.7,0.56,2.49,227.31,15.485
CAR117,32.76,20,60.6,2627.0,15.2,0,2,rural,427.8,0.37,3.82,226.98,31.121999999999996
CAR137,12.71,20,61.0,1154.0,23.0,1,0,City,324.8,0.5,2.33,128.36,12.0745
CAR137,15.91,20,58.6,2287.0,24.4,0,1,Highway,143.0,0.31,3.5,200.99,15.1145
CAR188,3.68,20,55.8,1246.0,37.0,0,2,City,435.3,0.22,1.88,102.96,3.496
CAR058,10.87,85,49.0,901.0,19.0,1,2,City,176.6,0.52,2.7,137.44,10.3265
CAR130,2.36,20,35.8,1117.0,18.3,0,2,,,0.74,3.31,101.21,2.242
CAR014,28.7,20,32.9,1274.0,34.4,1,1,Highway,99.2,0.15,4.4,135.44,17.063
CAR025,44.04,20,15.5,2695.0,27.0,0,1,Highway,152.9,0.44,2.27,35.2,4.704
CAR146,36.99,10,53.8,1574.0,17.3,0,0,City,248.2,0.16,1.28,70.73,6.918
CAR170,15.38,10,57.3,2146.0,26.1,1,0,Highway,417.6,0.36,4.27,221.09,14.611
CAR058,35.43,10,65.2,6991.203868042889,28.0,0,0,Rural,148.5,0.69,3.55,215.53,23.616
CAR077,5.9,0,39.7,1889.0,9.4,1,1,Rural,273.7,0.47,4.28,165.94,5.605
CAR044,27.78,10,39.5,2505.0,38.2,1,0,City,191.8,0.49,0.98,34.03,4.643
CAR136,39.3,20,62.1,,24.4,1,1,Highway,72.9,0.67,1.57,96.11,14.173
CAR193,36.48,10,73.0,2542.0,23.2,0,2,City,105.3,0.87,3.42,220.63,32.741
CAR151,27.81,20,59.9,2603.0,27.7,0,0,City,389.8,0.82,2.56,153.36,24.594
CAR161,40.24,10,43.4,1444.0,14.0,0,1,City,430.8,0.89,3.18,126.2,17.546
CAR117,43.7,0,56.2,2304.0,11.8,1,2,highway,321.4,0.87,1.01,48.94,5.552
CAR162,25.02,20,57.2,2741.0,31.6,0,0,City,353.4,0.83,1.42,70.02,11.552
CAR142,12.53,10,49.0,1439.0,38.5,0,2,Highway,132.4,0.28,2.36,104.3,11.738
CAR017,30.26,10,82.8,2922.0,38.0,1,1,City,,0.73,2.08,165.12,27.125
CAR038,18.27,10,80.5,1907.0,32.8,0,0,Highway,125.9,0.53,2.14,171.15,16.406
CAR124,23.91,10,74.0,1806.0,20.1,0,2,City,169.6,0.32,3.16,243.29,22.714499999999997
CAR149,29.07,20,40.9,1432.0,17.7,1,1,Highway,212.7,0.68,0.85,32.39,4.445
CAR059,43.96,20,44.0,2981.0,31.4,0,1,,351.7,0.24,0.82,30.7,4.413
CAR058,37.84,10,35.6,3044.0,41.6,1,1,City,105.0,0.15,1.15,35.1,5.008
CAR106,44.48,0,62.4,959.0,32.4,1,2,City,294.6,0.21,3.75,214.95,20.707
CAR136,16.34,10,52.1,2874.0,25.3,0,1,City,431.8,0.55,0.37,17.58,2.497
CAR151,36.41,20,61.4,2145.0,19.3,1,1,Highway,330.3,0.71,0.54,30.13,4.644
CAR087,18.65,10,73.7,2614.0,42.5,1,2,Highway,144.1,0.89,2.64,190.16,17.717499999999998
CAR166,44.92,0,88.8,1269.0,37.2,0,1,,128.1,0.34,4.12,327.64,31.235
CAR134,6.72,85,58.4,1790.0,12.4,0,0,City,132.9,0.12,1.88,104.05,6.3839999999999995
CAR056,44.92,10,68.2,1008.0,29.5,1,1,Rural,446.0,0.46,4.11,274.76,34.844
CAR030,26.43,20,32.6,1407.0,31.1,0,1,City,87.6,0.83,1.09,32.01,5.124
CAR143,28.13,0,69.7,3010.0,25.7,0,0,Rural,282.8,0.85,3.84,259.7,23.844
CAR163,30.91,0,63.2,1468.0,24.9,0,1,City,172.0,0.87,1.98,118.08,11.704
CAR183,11.28,10,59.8,2031.0,27.8,0,0,City,141.0,0.79,0.51,30.28,3.684
CAR136,40.27,85,44.6,1918.0,48.0,0,0,City,336.4,0.56,1.93,89.39,31.477
CAR129,26.55,10,61.5,2391.0,42.9,0,1,City,196.1,0.13,2.57,146.78,19.263
CAR006,37.38,20,37.0,3205.0,27.5,0,2,Rural,191.0,0.72,4.46,164.6,28.003
CAR017,44.82,10,70.5,2344.0,28.8,1,0,Highway,214.0,0.22,3.94,244.52,24.093
CAR186,9.36,0,25.7,2856.0,16.7,1,2,Rural,196.1,0.28,1.3,34.01,3.616
CAR141,2.24,20,11.4,1706.0,21.9,0,0,City,73.8,0.6,2.47,24.94,2.128
CAR160,42.84,20,47.0,1914.0,29.9,0,2,City,387.4,0.23,3.89,159.73,26.075
CAR012,5.14,0,38.9,2109.0,23.5,1,2,City,348.6,0.17,3.35,125.76,4.882999999999999
CAR011,23.66,85,30.2,1880.0,30.6,1,0,Highway,259.6,0.87,1.74,52.55,16.867
CAR024,23.71,10,22.7,2620.0,28.3,1,1,Rural,385.7,0.77,1.65,36.68,4.837
CAR189,8.57,20,32.4,2683.0,20.5,0,2,City,234.1,0.1,0.9,26.45,4.565
CAR005,21.17,10,34.2,1936.0,24.9,0,0,City,224.4,0.85,1.4,49.03,6.244
CAR143,18.44,0,51.0,2197.0,33.1,1,2,Highway,365.9,0.79,0.64,30.81,3.459
CAR125,37.78,20,20.4,1976.0,32.7,1,0,Highway,86.4,0.62,0.8,15.29,2.07
CAR048,5.28,85,66.9,2460.0,22.4,0,1,City,372.6,0.38,3.21,193.65,5.016
CAR025,13.7,10,46.2,1804.0,24.4,0,1,Highway,236.6,0.64,1.62,73.82,8.223
CAR126,19.13,0,48.2,1373.0,32.7,0,2,Highway,226.3,0.55,1.69,77.77,6.679
CAR024,18.47,10,45.4,2138.0,22.2,0,1,city,350.7,0.44,0.6,28.59,3.771
CAR057,23.47,85,76.1,1040.0,18.0,1,2,City,302.7,0.73,0.42,29.72,11.023
CAR104,11.42,20,74.8,1824.0,16.6,1,2,Rural,284.1,0.42,4.06,310.66,10.849
CAR057,44.79,20,37.6,2952.0,23.9,1,2,City,175.4,0.41,1.7,62.0,11.176
CAR091,15.36,10,54.3,1832.0,39.3,1,2,Rural,102.7,0.65,3.97,210.4,14.591999999999999
CAR084,4.3,20,79.9,2182.0,28.9,1,0,,377.7,0.27,3.0,222.67,4.085
CAR046,14.29,85,71.5,1785.0,26.3,1,1,Rural,,0.34,3.57,256.69,13.575499999999998
CAR149,40.7,20,27.9,2247.0,24.1,1,1,Highway,392.0,0.66,2.48,61.71,10.2
CAR144,17.41,20,62.5,1814.0,32.6,1,2,City,392.1,0.25,1.31,78.96,14.358
CAR101,16.24,0,8.5,1431.0,25.0,1,2,Highway,91.9,0.76,2.56,21.52,2.211
CAR076,25.26,10,51.7,1816.0,22.8,1,0,City,375.5,0.89,3.67,192.84,23.997
CAR145,37.96,20,82.7,2870.0,35.6,1,0,City,168.2,0.4,1.44,116.82,19.35
CAR037,2.13,20,87.9,2001.0,30.8,0,2,Rural,268.5,0.31,1.52,116.26,2.0235
CAR053,9.71,85,50.7,2758.0,41.8,0,2,Rural,278.2,0.14,4.02,186.72,9.2245
CAR027,20.69,10,79.7,2701.0,19.8,1,1,City,77.1,0.75,2.28,169.37,19.6555
CAR070,41.79,20,29.9,2224.0,30.3,1,2,Rural,352.5,0.79,3.56,100.96,18.046
CAR072,11.52,20,114.0,2462.0,38.4,0,2,City,119.3,0.89,3.74,368.23,10.943999999999999
CAR031,31.04,10,93.6,2325.0,19.6,0,0,Rural,337.9,0.15,1.57,149.14,13.162
CAR013,43.55,10,28.6,2548.0,41.8,0,0,rural,203.7,0.47,3.97,100.16,12.336
CAR168,15.51,10,47.5,2138.0,28.0,0,1,Rural,96.0,0.48,3.9,188.43,14.734499999999999
CAR189,36.11,10,54.8,1471.0,27.8,0,1,City,410.6,0.57,3.54,166.87,22.327
CAR144,39.52,20,54.6,,27.0,1,1,Highway,336.6,0.75,2.21,113.71,18.11
CAR102,41.76,20,36.4,2089.0,34.6,0,2,City,161.5,0.66,1.13,40.58,7.205
CAR172,23.05,10,38.8,2143.0,29.2,0,1,Rural,280.5,0.25,0.97,33.55,4.028
CAR062,2.35,10,75.4,2215.0,29.7,1,1,City,413.8,0.9,2.92,221.69,2.2325
CAR037,13.85,10,30.9,2852.0,38.2,0,2,Highway,151.2,0.09,4.11,114.04,12.667
CAR130,18.01,10,47.2,1053.0,34.5,0,1,Rural,278.6,0.83,2.78,127.81,16.201
CAR104,44.39,10,97.8,968.0,34.9,1,2,,252.2,0.52,4.16,423.67,42.1705
CAR045,30.68,20,61.5,2518.0,31.4,1,0,Highway,359.7,0.06,2.35,137.85,17.998
CAR087,15.38,10,15.9,1811.0,45.8,0,0,City,181.3,0.06,2.58,35.58,4.046
CAR110,44.4,0,81.4,2278.0,11.4,0,0,City,328.5,0.44,2.62,191.55,16.728
CAR050,40.87,0,48.7,2246.0,16.3,1,1,City,406.0,0.85,4.42,206.79,24.698
CAR178,37.41,0,47.6,2216.0,20.0,1,2,Rural,395.4,0.39,1.54,76.26,8.613
CAR015,16.82,10,67.9,1993.0,23.5,1,1,Highway,142.2,0.42,1.89,112.41,12.412
CAR077,38.3,20,46.9,2620.0,19.0,0,2,Highway,193.2,0.66,4.19,167.94,27.327
CAR004,12.0,0,22.5,2752.0,16.8,1,1,City,206.0,0.14,3.12,62.14,6.639
CAR059,27.43,20,5.8,1953.0,41.9,0,1,Rural,138.0,0.83,0.78,4.23,0.76
CAR049,12.14,0,52.8,2320.0,33.2,0,2,City,,0.24,2.23,106.74,11.533
CAR018,24.23,10,60.7,1844.0,7.1,1,2,City,396.0,0.4,3.98,253.48,23.0185
CAR168,16.73,10,46.2,3015.0,26.9,1,2,City,,0.66,2.59,122.42,15.8935
CAR133,18.71,10,44.5,2288.0,21.1,1,2,Highway,236.4,0.32,0.89,39.91,5.571
CAR038,7.52,10,50.7,2437.0,39.7,1,2,City,254.6,0.63,3.24,169.15,7.143999999999999
CAR143,6.62,20,44.7,2040.0,45.4,1,2,Highway,113.4,0.4,1.18,46.35,6.289
CAR010,8.93,20,63.1,2585.0,18.1,0,0,City,363.9,0.82,3.45,205.99,8.4835
CAR094,9.06,10,56.2,2081.0,23.3,1,1,Highway,335.3,0.71,4.05,228.65,8.607
CAR101,26.47,20,73.1,1725.0,31.5,1,1,City,183.4,0.4,3.87,291.97,25.146499999999996
CAR034,19.4,20,42.8,2229.0,22.3,0,0,,444.2,0.31,1.65,61.05,8.186
CAR023,27.97,20,24.2,1218.0,24.3,1,1,City,379.0,0.47,3.21,79.48,13.15
CAR024,12.77,20,83.3,1767.0,38.8,0,0,City,352.8,0.78,4.18,307.79,12.131499999999999
CAR080,18.77,10,68.2,1889.0,31.2,1,2,City,398.4,0.5,2.29,138.36,17.8315
CAR089,26.65,0,,2342.0,,1,2,Rural,299.8,0.64,1.69,50.73,5.855
CAR115,16.96,10,79.8,1461.0,26.8,1,0,City,246.5,0.4,1.64,116.76,13.777
CAR025,10.38,10,43.9,2477.0,18.9,0,0,Highway,362.3,0.23,4.03,157.78,9.861
CAR171,32.86,0,21.4,2308.0,29.3,0,1,Highway,80.6,0.59,3.49,67.67,5.252
CAR120,36.59,0,81.4,1979.0,16.6,0,1,Highway,276.1,0.4,2.13,151.44,11.778
CAR085,39.83,20,30.2,1475.0,40.8,1,0,City,195.1,0.72,1.06,28.8,4.998
CAR143,36.36,10,72.7,2349.0,33.2,0,2,Rural,327.3,0.42,3.23,211.03,26.564
CAR127,20.65,85,50.9,1840.0,22.1,0,1,Rural,420.4,0.08,0.82,41.07,12.872
CAR073,12.36,20,33.5,2691.0,,1,0,,315.5,0.13,2.41,84.58,11.741999999999999
CAR036,12.64,20,41.8,2066.0,25.1,1,1,City,199.6,0.46,1.18,44.63,7.522
CAR052,6.72,20,43.9,1990.0,28.6,0,1,City,112.3,0.29,2.59,104.99,6.3839999999999995
CAR052,30.4,20,58.2,3458.0,31.9,0,0,Highway,422.6,0.55,1.95,114.01,16.431
CAR193,13.63,10,63.6,1527.0,35.6,1,2,Highway,311.1,0.65,3.08,192.48,12.948500000000001
CAR040,40.55,10,51.6,2404.0,24.9,1,1,City,353.4,0.14,1.53,78.2,10.91
CAR184,7.67,0,35.3,1899.0,11.7,1,1,City,206.5,0.6,3.6,119.03,7.286499999999999
CAR156,35.2,10,53.9,1937.0,21.3,1,1,Highway,434.5,0.18,2.4,131.55,14.297
CAR068,29.03,85,41.4,1878.0,23.6,1,1,,373.0,0.28,0.4,15.88,5.393
CAR185,20.81,10,36.8,2883.0,26.9,1,1,City,358.0,0.52,0.88,33.31,4.693
CAR119,20.21,85,,1223.0,,0,1,city,239.6,0.6,4.09,119.78,19.1995
CAR153,9.95,20,47.8,1121.0,42.4,1,0,Rural,116.4,0.76,1.55,67.07,9.452499999999999
CAR144,27.81,10,78.9,1895.0,38.5,1,1,,152.1,0.34,0.83,67.66,9.095
CAR154,10.98,85,36.9,1604.0,22.5,0,0,Highway,221.3,0.43,0.5,16.66,4.854
CAR032,21.73,20,50.0,,32.1,1,2,Rural,335.4,0.19,1.04,50.56,8.365
CAR173,37.15,85,57.6,2198.0,31.3,1,1,Rural,318.8,0.51,1.13,59.76,20.304
CAR099,5.09,20,76.7,2326.0,32.6,1,1,Highway,115.8,0.32,2.95,232.06,4.8355
CAR094,22.22,10,60.5,1965.0,26.8,1,1,City,180.8,0.25,2.65,153.62,19.947
CAR042,28.04,85,42.9,2616.0,17.6,1,2,,211.9,0.47,0.28,11.47,4.138
CAR178,30.79,20,35.4,2441.0,30.0,0,2,Rural,,0.74,1.5,52.28,9.361
CAR061,15.63,20,61.4,2239.0,33.5,0,2,Highway,329.7,0.54,0.38,21.49,3.297
CAR039,23.48,85,79.3,2132.0,34.2,1,2,City,421.9,0.2,2.96,206.75,22.306
CAR139,2.66,0,43.0,2445.0,29.4,0,2,,97.1,0.51,2.8,107.85,2.527
CAR067,5.17,0,111.60914804684724,2556.0,23.5,1,1,City,287.5,0.37,3.82,92.77,4.911499999999999
CAR178,9.25,10,44.3,2944.0,22.7,0,0,City,293.2,0.46,2.64,119.25,8.7875
CAR178,2.09,0,16.5,2282.0,37.8,0,2,Rural,77.4,0.37,4.03,58.25,1.9854999999999998
CAR089,23.28,20,74.2,2913.0,38.2,0,2,Rural,251.6,0.86,3.17,226.55,22.116
CAR192,40.94,10,49.3,2852.0,29.2,1,0,City,383.6,0.26,0.75,34.35,4.295
CAR079,35.75,10,18.3,2740.0,37.1,1,0,City,422.7,0.89,0.57,9.48,1.496
CAR171,31.94,20,218.10287680821398,2033.0,30.7,1,0,City,376.2,0.57,0.84,39.12,6.525
CAR080,33.35,20,50.0,2440.0,32.2,1,0,Rural,449.5,0.33,2.34,110.41,14.873
CAR042,6.39,20,7.8,1701.0,33.5,1,1,City,133.4,0.34,2.74,19.16,3.074
CAR159,37.32,0,31.5,2185.0,21.2,0,2,Highway,136.3,0.29,3.29,101.92,7.895
CAR068,19.97,20,16.9,1935.0,22.9,1,1,City,141.5,0.73,1.54,26.47,4.742
CAR040,40.56,20,69.7,1426.0,31.0,0,1,City,347.8,0.44,3.88,253.79,38.071
CAR016,7.66,10,32.8,1623.0,33.5,0,0,City,305.1,0.06,2.16,66.69,6.992
CAR200,22.65,20,87.5,1726.0,20.3,1,2,City,311.4,0.76,2.11,161.17,21.5175
CAR138,25.22,20,57.9,2869.0,43.9,1,1,Rural,336.5,0.57,3.44,178.26,23.958999999999996
CAR045,30.57,10,51.1,2147.0,35.9,0,1,City,436.3,0.84,3.0,137.04,19.963
CAR196,42.39,20,67.3,1611.0,32.6,1,0,Highway,120.6,0.41,1.06,74.43,9.173
CAR081,41.25,10,23.4,2224.0,30.4,0,1,Rural,150.3,0.28,0.55,13.2,1.612
CAR054,2.16,10,50.9,2410.0,24.2,1,1,City,243.8,0.37,2.81,128.28,2.052
CAR175,41.2,10,35.9,1910.0,23.6,0,1,Rural,,0.37,1.74,58.58,6.731
CAR166,37.87,0,65.3,2948.0,29.4,1,2,Rural,367.8,0.43,1.55,99.41,11.229
CAR087,22.72,20,53.9,1965.0,34.6,1,0,Highway,438.7,0.49,2.74,145.19,20.183
CAR044,41.07,10,61.0,2023.0,18.4,0,0,City,306.4,0.7,4.32,248.17,30.561
CAR126,13.23,10,39.5,1767.0,26.1,0,2,Rural,430.9,0.19,3.13,121.41,12.5685
CAR154,41.54,20,61.4,,30.4,1,0,Rural,239.6,0.83,0.85,46.19,7.083
CAR046,6.35,20,19.2,2525.0,28.9,0,1,City,362.6,0.69,3.98,79.28,6.0325
CAR175,4.39,10,60.0,1502.0,40.9,0,1,Highway,101.1,0.23,1.21,75.05,4.1705
CAR079,15.68,0,23.5,1628.0,25.0,1,0,City,268.0,0.86,4.37,105.74,10.734
CAR015,30.24,85,39.8,2320.0,24.1,1,1,Highway,195.2,0.31,4.28,162.44,28.727999999999998
CAR027,28.7,10,29.9,2627.0,32.0,1,2,Rural,380.8,0.39,1.76,52.32,7.504
CAR161,25.79,10,38.0,2887.0,33.9,1,0,Rural,177.1,0.34,3.08,113.57,13.716
CAR060,35.42,85,52.1,2652.0,18.6,0,2,City,84.3,0.43,1.71,81.25,28.412
CAR019,41.63,20,44.1,2846.0,23.8,1,1,City,269.1,0.66,0.22,9.84,1.771
CAR008,27.02,20,50.4,2151.0,11.3,0,0,City,442.8,0.45,2.69,137.88,19.611
CAR032,41.25,0,66.5,2846.0,18.2,1,2,City,415.1,0.68,3.44,194.78,27.508
CAR177,6.59,0,49.6,2255.0,29.1,0,1,city,368.8,0.7,0.26,12.24,1.328
CAR068,5.65,20,16.9,2753.0,29.9,1,1,Highway,77.7,0.42,2.59,40.93,5.3675
CAR187,4.76,0,37.7,,18.7,1,0,City,187.5,0.29,3.12,120.52,4.521999999999999
CAR132,5.07,10,39.4,2016.0,22.9,0,2,City,277.9,0.41,1.44,51.31,4.8165000000000004
CAR100,4.25,20,55.5,2543.0,27.1,0,1,City,222.8,0.41,2.48,129.43,4.0375
CAR043,20.74,20,41.5,2263.0,26.3,1,0,Highway,291.8,0.87,1.56,62.46,9.168
CAR150,10.47,20,38.6,2346.0,19.8,1,1,City,393.2,0.71,2.2,74.68,9.9465
CAR186,14.14,20,53.2,2691.0,23.6,1,2,Highway,144.2,0.16,3.52,175.64,13.433
CAR041,40.58,20,88.1,2598.0,28.0,1,2,Highway,125.1,0.39,3.66,311.07,38.550999999999995
CAR053,30.43,20,82.4,1093.0,29.9,0,1,Rural,210.6,0.68,2.42,171.76,24.53
CAR019,25.59,10,9.6,2380.0,29.7,1,1,City,210.7,0.59,2.82,23.72,3.397
CAR126,43.46,10,33.5,,24.9,0,1,City,383.5,0.51,4.02,119.24,15.976
CAR058,18.4,10,47.0,3391.0,,0,1,City,242.7,0.41,4.34,178.67,17.479999999999997
CAR189,16.43,20,100.2,2683.0,21.7,1,2,City,151.4,0.13,2.8,274.33,15.6085
CAR077,25.56,20,24.0,2394.0,39.0,0,2,City,149.9,0.52,1.52,35.11,6.43
CAR158,11.33,85,32.7,1928.0,20.7,1,2,City,271.2,0.58,3.01,100.87,10.763499999999999
CAR013,42.02,10,296.6943185578689,2252.0,13.2,1,1,City,198.1,0.68,2.09,123.84,17.815
CAR119,11.09,10,72.2,1332.0,38.6,0,0,City,381.4,0.15,0.97,69.04,8.39
CAR099,6.58,85,13.8,2602.0,15.8,1,0,City,266.7,0.3,4.21,57.12,6.2509999999999994
CAR109,42.97,10,78.5,2919.0,,1,0,City,85.7,0.9,4.23,302.92,40.8215
CAR188,40.46,10,70.5,3701.0,24.9,1,0,City,134.8,0.67,4.11,277.32,37.73
CAR191,11.77,85,52.7,1913.0,28.5,1,0,Rural,78.9,0.52,0.28,13.72,4.334
CAR166,11.23,20,32.7,1585.0,29.0,1,0,,170.4,0.63,1.73,53.0,8.04
CAR084,27.81,10,40.1,2195.0,22.7,0,2,Highway,95.0,0.13,3.25,127.79,13.012
CAR129,15.84,20,66.4,2141.0,34.6,0,0,Highway,92.4,0.4,4.26,245.68,15.048
CAR031,11.79,10,68.3,2395.0,33.6,1,1,City,449.9,0.6,0.26,15.25,2.21
CAR074,31.45,20,50.4,2276.0,36.0,0,2,Highway,186.3,0.75,3.21,139.27,22.155
CAR118,4.29,20,41.4,2695.0,33.9,0,0,City,150.2,0.1,4.48,191.5,4.0755
CAR137,22.61,20,46.7,,28.8,0,1,City,326.2,0.89,4.04,178.85,21.479499999999998
CAR073,8.34,20,23.0,2679.0,27.9,0,0,City,386.5,0.1,3.69,86.04,7.922999999999999
CAR008,9.6,10,21.6,2418.0,31.0,0,1,City,160.9,0.8,1.94,40.84,5.68
CAR036,27.64,20,34.9,2426.0,11.2,0,2,Rural,284.7,0.87,1.36,40.48,7.123
CAR174,43.11,10,40.7,2283.0,,1,1,City,431.0,0.45,2.38,98.72,14.558
CAR058,20.26,85,27.3,2814.0,42.5,1,2,city,188.4,0.21,2.41,56.13,19.247
CAR086,6.5,20,27.6,1764.0,36.7,0,2,City,299.7,0.25,1.02,27.65,4.467
CAR144,34.0,10,63.5,5163.594637698344,34.6,1,1,City,294.8,0.83,0.88,56.25,7.871
CAR092,26.81,85,38.1,11927.344955239836,31.3,0,1,Highway,417.6,0.51,0.93,32.46,11.064
CAR057,15.15,10,40.2,2199.0,9.4,1,1,City,160.2,0.78,4.27,180.18,14.3925
CAR167,16.21,20,61.6,2327.0,33.0,0,1,City,175.7,0.59,3.43,195.08,15.3995
CAR143,30.72,85,37.4,1661.0,13.9,1,0,City,95.0,0.72,3.36,118.7,29.183999999999997
CAR129,26.92,0,61.9,3329.0,35.3,0,2,City,312.0,0.2,3.77,241.58,25.574
CAR080,25.73,85,53.9,2308.0,38.5,1,1,City,392.2,0.69,3.16,147.67,24.4435
CAR058,33.42,10,73.4,2423.0,30.7,1,1,Highway,104.9,0.87,3.41,239.47,29.443
CAR031,37.3,20,,1648.0,27.4,1,1,City,287.8,0.36,1.48,117.74,19.401
CAR177,20.21,10,62.8,2820.0,20.9,1,0,,171.2,0.14,2.06,122.35,13.749
CAR166,23.17,10,38.3,2710.0,25.6,1,2,City,212.1,0.1,1.39,47.62,6.448
CAR144,18.51,20,56.9,2484.0,22.4,1,2,Rural,188.9,0.54,3.22,170.94,17.584500000000002
CAR062,28.87,10,13.5,1873.0,28.1,0,1,City,78.6,0.32,2.23,31.01,4.096
CAR133,3.05,20,32.0,1358.0,8.5,1,2,City,132.4,0.09,2.37,71.35,2.8974999999999995
CAR126,17.51,85,65.4,2115.0,29.2,1,2,City,196.7,0.7,3.03,193.23,16.6345
CAR067,40.0,0,59.5,2323.0,23.7,0,0,City,426.4,0.39,2.84,172.42,14.839
CAR137,44.51,20,64.3,1755.0,31.3,0,1,Rural,,0.4,3.48,216.01,30.463
CAR135,18.14,85,55.9,,21.2,0,2,Highway,284.8,0.78,1.77,85.43,17.233
CAR048,21.21,20,30.1,,18.5,1,2,City,433.2,0.5,0.41,11.41,2.243
CAR049,36.06,20,44.8,2411.0,24.1,1,2,Rural,377.8,0.45,1.71,68.1,12.067
CAR101,44.57,20,66.6,2520.0,22.7,0,1,City,323.6,0.57,4.16,245.07,39.596
CAR149,34.24,20,39.1,1672.0,28.9,0,0,Rural,307.0,0.06,0.74,26.04,3.084
CAR092,8.21,10,66.1,1520.0,24.6,0,2,Highway,163.4,0.5,3.68,209.7,7.7995
CAR137,11.5,10,18.8,2699.0,23.4,1,2,City,404.0,0.73,2.9,56.17,9.544
CAR047,8.96,10,54.1,2133.0,34.6,1,1,Highway,319.2,0.74,1.28,70.19,8.512
CAR009,12.6,0,25.7,3229.0,25.0,1,0,City,403.7,0.14,1.03,27.31,2.355
CAR002,13.36,20,64.9,2201.0,45.5,1,1,City,210.4,0.14,2.43,143.93,12.691999999999998
CAR010,14.78,20,78.8,1752.0,6.6,0,0,Rural,155.6,0.27,2.78,223.79,14.040999999999999
CAR190,43.9,0,60.0,2585.0,36.7,1,0,Highway,218.0,0.4,1.62,98.16,7.574
CAR093,20.13,10,27.6,3090.0,44.6,0,0,Highway,376.7,0.38,1.8,51.5,6.412
CAR020,8.2,20,54.0,8866.698056387728,26.8,1,1,City,390.6,0.12,1.33,70.09,7.789999999999999
CAR168,8.52,10,37.5,2539.0,44.4,1,1,Highway,190.0,0.62,3.83,148.7,8.094
CAR134,14.22,10,38.0,2830.0,29.0,1,2,Highway,132.3,0.86,0.37,12.38,1.705
CAR030,25.74,20,60.4,1684.0,36.0,0,1,Rural,386.1,0.43,3.32,191.25,24.452999999999996
CAR015,4.86,10,63.8,2987.0,37.5,0,0,,301.8,0.33,3.31,208.19,4.617
CAR042,42.72,10,52.9,2365.0,31.7,0,0,City,102.5,0.63,2.84,148.86,18.093
CAR111,7.22,10,40.7,2104.0,25.2,1,1,Rural,75.9,0.17,1.4,56.74,6.416
CAR072,16.58,20,45.7,2734.0,34.4,1,1,Rural,425.4,0.11,3.28,155.29,15.750999999999998
CAR132,19.18,20,64.9,2854.0,31.0,0,2,,112.4,0.59,1.17,72.77,11.518
CAR127,29.15,85,66.8,2947.0,28.4,0,2,City,259.7,0.87,3.61,218.63,27.6925
CAR074,13.33,20,73.7,700.0,37.9,1,0,Highway,412.0,0.29,1.18,83.32,10.252
CAR043,9.03,10,52.9,2059.0,22.4,0,2,City,159.6,0.39,2.69,143.68,8.578499999999998
CAR179,8.64,10,64.8,2335.0,41.2,0,1,City,214.1,0.9,0.96,57.34,8.208
CAR012,17.08,0,82.6,1703.0,37.0,1,0,Highway,413.3,0.62,4.26,310.61,16.226
CAR068,23.79,20,56.3,1315.0,37.0,0,0,City,348.4,0.68,2.3,131.28,21.301
CAR084,18.89,20,14.4,1878.0,17.0,1,0,City,134.8,0.52,1.08,14.35,2.171
CAR027,40.09,10,52.8,3021.0,30.2,0,2,City,89.5,0.22,1.33,71.46,9.612
CAR044,42.19,20,61.0,2018.0,28.0,1,1,,197.7,0.86,2.92,151.87,23.708
CAR087,24.06,10,29.1,1348.0,30.7,1,2,City,111.7,0.26,4.23,127.22,15.811
CAR199,38.33,0,65.4,2407.0,,1,0,Highway,,0.35,0.37,22.46,1.723
CAR100,39.57,0,60.2,3200.0,29.9,0,0,Highway,395.6,0.72,1.75,110.02,9.53
CAR118,3.76,20,18.1,2960.0,22.0,0,0,Rural,173.6,0.24,0.29,4.62,0.63
CAR174,6.95,20,63.0,2675.0,20.7,1,0,City,178.4,0.06,1.45,86.96,6.6025
CAR017,12.35,10,17.9,2228.0,25.4,0,0,,189.0,0.72,4.36,77.72,9.577
CAR164,39.79,0,,3465.0,30.7,1,2,City,319.4,0.65,1.92,67.87,9.329
CAR087,7.82,0,82.7,2091.0,8.6,1,0,City,199.1,0.14,3.37,240.69,7.429
CAR135,19.5,20,28.7,1955.0,29.2,1,1,Rural,352.2,0.73,3.4,87.27,13.842
CAR154,36.87,20,56.5,2285.0,22.2,1,2,City,,0.68,4.43,241.95,35.0265
CAR196,6.56,10,5.0,2118.0,16.1,1,1,Highway,379.2,0.32,4.46,21.98,2.385
CAR022,8.13,0,86.3,2299.0,16.4,0,1,Rural,220.8,0.15,2.56,211.46,7.7235000000000005
CAR106,4.99,20,69.0,2140.0,28.0,0,2,City,283.1,0.55,1.25,73.32,4.7405
CAR131,31.25,10,57.3,,33.9,0,1,Highway,257.8,0.33,1.82,100.48,11.052
CAR016,2.39,20,40.2,2474.0,28.4,0,0,Highway,112.1,0.11,4.33,174.03,2.2705
CAR160,21.4,10,43.1,2476.0,41.6,0,0,Highway,79.8,0.08,0.92,35.47,3.496
CAR010,39.84,10,104.7,3294.0,24.5,1,0,City,,0.69,0.29,26.24,4.085
CAR140,37.06,20,35.9,2439.0,28.9,0,0,City,298.9,0.58,2.13,70.44,11.211
CAR097,17.29,10,64.1,2531.0,36.0,0,1,City,117.0,0.48,1.66,107.53,13.519
CAR016,36.78,10,66.9,2899.0,32.3,1,0,City,391.4,0.35,1.34,90.92,11.23
CAR064,12.94,20,53.8,2141.0,24.1,1,0,Highway,105.8,0.56,0.68,32.95,4.361
CAR188,17.26,10,38.2,2038.0,34.4,0,1,Highway,424.0,0.19,2.19,80.86,8.068
CAR024,21.73,10,28.5,1708.0,46.3,0,0,Rural,390.8,0.48,3.19,78.02,10.656
CAR191,32.53,20,86.2,1479.0,35.9,0,2,Highway,188.8,0.79,0.41,30.25,4.754
CAR144,21.77,20,73.2,2311.0,38.5,1,1,Rural,403.2,0.78,1.99,141.86,20.6815
CAR195,15.13,20,48.6,2756.0,34.3,1,1,Highway,217.8,0.52,1.83,89.47,13.837
CAR135,4.42,20,54.8,1641.0,26.0,1,1,City,205.7,0.54,3.6,191.07,4.199
CAR084,37.9,0,54.1,2935.0,,1,1,City,169.3,0.25,1.48,82.57,7.984
CAR015,8.78,20,49.2,2980.0,22.3,1,1,City,335.9,0.12,3.25,161.11,8.341
CAR092,39.43,10,38.8,1989.0,22.1,1,1,City,77.8,0.58,2.03,69.42,9.405
CAR143,31.79,0,10.9,1941.0,20.8,0,0,City,355.2,0.45,1.99,21.5,1.946
CAR193,29.47,85,37.9,2741.0,32.5,1,1,Highway,350.5,0.32,2.91,106.92,27.996499999999997
CAR104,31.93,10,19.4,,18.8,1,1,City,264.2,0.39,3.87,66.06,8.837
CAR120,26.28,10,48.4,1264.0,29.7,1,1,City,379.4,0.78,4.28,176.14,23.779
CAR007,34.37,20,55.4,10985.607447900726,33.8,1,1,Rural,233.8,0.76,2.28,117.18,19.97
CAR107,18.77,85,51.0,2308.0,35.1,1,1,Highway,359.3,0.41,3.69,177.73,17.8315
CAR058,14.84,20,31.4,2787.0,35.8,1,1,Highway,281.0,0.74,4.18,116.27,14.097999999999999
CAR199,30.91,10,47.8,2258.0,33.0,1,2,Rural,305.7,0.3,1.8,76.13,10.713
CAR155,34.24,0,48.4,2301.0,39.7,1,1,City,424.2,0.09,1.57,69.68,8.248
CAR179,36.21,85,70.9,1637.0,26.0,0,0,City,172.2,0.62,3.87,284.86,34.399499999999996
CAR030,27.7,85,30.4,2647.0,44.1,1,1,City,414.4,0.72,1.67,45.92,17.852
CAR048,3.39,85,58.9,2340.0,37.4,1,1,City,417.3,0.87,2.2,117.89,3.2205
CAR081,16.24,10,36.1,1856.0,28.4,0,0,Highway,400.9,0.57,1.21,37.21,3.873
CAR080,42.07,10,58.5,2025.0,20.1,1,2,Rural,146.5,0.79,0.75,45.48,6.313
CAR118,28.8,0,,1903.0,23.5,0,2,Highway,346.8,0.53,1.14,56.98,5.545
CAR063,16.58,0,46.0,2063.0,24.3,1,1,City,439.2,0.46,3.46,155.6,15.750999999999998
CAR040,10.55,0,49.2,2164.0,21.5,1,0,City,166.4,0.72,4.44,186.71,10.0225
CAR051,24.24,20,47.3,2210.0,,0,0,Highway,292.9,0.8,2.43,115.82,16.882
CAR190,40.83,10,94.3,1937.0,20.9,1,1,Rural,178.9,0.52,1.25,115.76,15.231
CAR003,38.87,10,54.6,2164.0,30.0,0,0,City,,0.62,4.4,220.15,26.994
CAR012,18.07,20,56.6,1940.0,36.3,0,2,City,114.3,0.26,2.62,135.9,17.1665
CAR161,11.92,10,66.9,1636.0,21.4,0,1,Rural,352.7,0.66,0.52,35.68,4.155
CAR042,31.54,10,62.4,3035.0,13.6,0,1,City,281.4,0.42,1.12,66.73,8.467
CAR039,13.82,85,42.1,1978.0,31.9,1,1,City,250.3,0.85,0.99,37.23,13.129
CAR164,24.69,20,37.7,1597.0,26.2,0,2,City,237.3,0.41,4.34,161.69,23.4555
CAR036,16.25,20,64.1,2387.0,,1,0,Highway,121.6,0.06,4.28,242.87,15.4375
CAR017,3.37,20,38.5,2835.0,30.6,1,2,Rural,399.5,0.08,0.32,12.86,2.131
CAR122,35.77,20,39.9,3215.0,13.2,1,1,City,410.3,0.6,1.8,67.77,12.198
CAR163,11.55,0,5.0,1755.0,30.1,0,2,,95.7,0.22,3.14,16.01,1.438
CAR002,10.15,20,30.5,,17.7,0,0,City,347.1,0.64,3.99,121.88,9.6425
CAR046,43.16,20,,3232.0,18.2,0,1,Rural,352.0,0.16,3.59,132.34,19.924
CAR021,44.99,20,78.6,2185.0,16.8,1,1,City,315.8,0.55,3.74,294.3,42.7405
CAR054,18.54,20,74.0,1966.0,38.0,1,2,City,205.7,0.8,0.68,43.69,8.499
CAR080,26.35,20,9.3,1702.0,,0,1,Rural,142.1,0.15,3.09,27.36,3.704
CAR016,24.39,10,40.8,,27.4,0,2,,247.9,0.46,3.11,127.53,17.936
CAR200,33.1,20,15.3,2391.0,27.3,0,2,Rural,183.6,0.26,2.14,29.32,4.6
CAR010,41.07,10,82.7,2403.0,15.9,0,0,City,329.7,0.56,3.92,323.93,39.0165
CAR160,16.91,20,20.5,2371.0,30.0,1,2,Highway,358.5,0.41,0.25,5.23,0.836
CAR021,37.31,20,54.6,3104.0,22.4,1,0,Rural,98.9,0.21,2.84,162.43,23.732
CAR176,26.94,10,64.6,1382.0,27.0,0,2,Highway,158.1,0.57,0.73,49.46,5.445
CAR069,3.58,20,,1393.0,26.7,1,2,City,359.3,0.87,0.54,26.91,3.401
CAR115,5.04,0,50.3,2391.0,31.6,0,1,Highway,414.7,0.3,1.85,95.2,4.787999999999999
CAR096,29.45,10,48.4,2318.0,34.6,1,2,City,127.4,0.86,3.11,138.48,21.762
CAR090,41.14,10,46.7,2685.0,29.9,1,1,City,245.6,0.87,2.48,107.12,16.471
CAR042,39.76,0,44.1,2788.0,27.8,1,1,City,442.9,0.73,4.34,170.34,20.809
CAR053,23.15,10,45.7,700.0,32.7,1,0,City,190.2,0.61,1.97,86.43,10.355
CAR181,7.3,20,50.3,3342.0,31.8,1,0,Highway,168.7,0.2,0.41,20.54,2.688
CAR096,34.66,20,88.1,2894.0,48.0,0,1,Highway,109.8,0.82,1.12,91.87,16.87
CAR188,36.68,20,64.1,2261.0,12.7,0,0,City,384.3,0.46,4.14,247.14,34.846
CAR085,14.84,0,30.6,2686.0,18.2,1,0,,346.3,0.51,1.21,36.01,3.328
CAR037,34.48,10,48.9,2116.0,40.1,0,2,City,244.4,0.73,1.72,74.9,11.408
CAR137,25.5,0,37.7,1617.0,31.1,1,2,Highway,309.8,0.86,2.9,96.19,9.41
CAR124,20.29,20,40.6,1945.0,29.0,1,1,City,175.9,0.73,0.42,16.12,2.76
CAR085,26.73,20,36.5,,37.5,0,0,Rural,395.9,0.7,2.46,86.11,12.716
CAR125,19.45,0,51.5,2249.0,30.6,0,0,City,331.3,0.73,1.4,73.65,7.188
CAR056,33.49,20,71.9,1056.0,29.4,0,0,Rural,249.8,0.41,3.4,222.62,26.218
CAR008,24.04,10,,2779.0,,0,0,City,228.9,0.17,1.63,43.59,4.654
CAR071,10.65,10,21.2,2442.0,27.6,0,0,Highway,247.4,0.46,1.38,29.53,2.851
CAR087,21.47,10,23.9,,32.7,1,0,,372.7,0.72,3.42,82.33,9.082
CAR018,6.7,20,97.6,3154.0,25.5,1,1,City,123.9,0.78,3.34,301.09,6.365
CAR157,7.45,10,60.4,1759.0,,1,1,City,247.1,0.82,0.4,23.88,3.224
CAR195,37.99,0,35.7,1541.0,22.7,0,1,City,95.6,0.34,4.32,144.76,12.438
CAR187,2.37,20,52.2,2322.0,21.7,0,1,Highway,73.6,0.66,4.23,190.34,2.2515
CAR021,38.08,20,30.8,2215.0,14.5,1,1,Rural,372.9,0.89,1.0,31.12,5.354
CAR066,14.31,20,67.8,3490.0,32.9,0,0,Highway,118.5,0.13,3.68,244.33,13.5945
CAR078,14.17,20,39.6,3707.0,24.4,1,2,Highway,169.4,0.31,2.26,78.07,12.305
CAR004,5.65,20,48.3,2063.0,35.8,1,0,City,126.8,0.12,1.27,54.72,5.3675
CAR051,36.51,10,,2109.0,24.8,0,2,City,383.6,0.79,2.04,167.66,25.643
CAR058,19.2,0,58.1,2437.0,23.6,1,1,City,307.5,0.13,1.58,92.55,9.142
CAR024,22.86,10,40.0,7266.542376544578,38.3,1,2,City,98.5,0.32,4.35,162.46,21.717
CAR059,19.27,85,60.4,2134.0,26.4,0,2,City,360.5,0.6,2.67,137.23,18.3065
CAR077,43.6,20,21.3,2434.0,27.7,1,1,City,199.6,0.54,2.19,48.17,8.729
CAR174,37.11,10,25.1,1042.0,25.3,0,1,City,209.5,0.66,3.72,86.25,10.249
CAR021,9.42,10,74.4,2386.0,39.4,1,0,City,225.0,0.74,2.0,147.63,8.949
CAR040,34.86,0,,2124.0,34.4,0,2,Highway,94.6,0.1,1.61,70.8,6.186
CAR191,2.33,0,71.8,2162.0,37.0,1,1,City,413.0,0.71,1.96,144.17,2.2135
CAR091,41.49,0,47.9,1983.0,31.7,1,2,Rural,203.9,0.48,3.39,167.81,20.462
CAR092,22.69,10,49.9,1575.0,20.4,1,1,Highway,138.7,0.32,0.56,27.0,3.186
CAR067,38.74,10,67.4,911.0,28.7,1,0,Rural,309.1,0.18,1.31,83.42,8.213
CAR101,2.13,10,24.0,2096.0,23.3,1,2,City,430.5,0.38,0.43,10.56,1.582
CAR036,12.75,10,19.0,1737.0,26.5,1,1,City,301.9,0.64,3.42,66.42,8.936
CAR102,32.18,0,53.7,1176.0,24.6,1,2,Rural,266.0,0.76,1.25,66.78,7.684
CAR064,8.97,20,40.0,8471.647152885304,26.9,0,1,Highway,106.1,0.39,0.96,37.62,5.09
CAR107,33.15,85,66.1,3339.0,41.5,0,1,Highway,,0.42,1.63,103.58,31.492499999999996
CAR057,40.97,10,73.9,1629.0,,0,1,City,281.0,0.42,3.05,229.92,28.619
CAR051,7.62,20,,,21.9,1,0,Highway,93.6,0.53,0.47,9.65,1.291
CAR197,14.77,20,89.7,2003.0,25.7,1,0,City,261.4,0.07,1.61,143.01,14.0315
CAR194,27.69,85,53.3,1702.0,18.4,1,0,Highway,238.5,0.16,3.31,173.38,26.3055
CAR055,3.22,85,48.7,2371.0,32.6,1,1,Rural,,0.51,3.9,185.04,3.059
CAR098,44.8,10,72.1,2401.0,30.4,1,1,City,190.3,0.44,4.33,288.44,41.88
CAR017,5.45,0,32.4,2995.0,21.0,1,0,Highway,448.9,0.64,0.24,7.35,0.697
CAR092,23.8,0,83.6,2044.0,35.8,0,2,City,207.6,0.44,3.26,278.4,22.61
CAR162,31.55,10,48.2,1591.0,26.6,1,2,City,233.3,0.7,4.08,193.72,29.507
CAR019,31.54,10,45.9,1721.0,32.6,0,2,City,345.2,0.23,1.31,54.87,8.068
CAR093,17.33,0,5.8,1196.0,16.9,1,1,City,,0.57,4.38,22.54,2.662
CAR153,4.97,20,61.5,1431.0,34.5,1,2,City,204.0,0.46,0.97,52.53,4.7215
CAR063,30.35,10,23.4,2065.0,37.0,1,0,City,444.3,0.31,2.32,56.12,7.56
CAR109,41.88,20,94.0,1487.0,18.6,1,2,City,264.3,0.32,0.43,38.2,6.305
CAR100,7.8,20,51.9,3370.0,42.4,0,0,City,403.2,0.85,0.87,43.74,7.409999999999999
CAR046,44.21,10,55.2,2871.0,21.2,0,1,Rural,71.3,0.43,0.87,40.91,4.645
CAR138,6.2,10,54.5,2303.0,32.9,0,0,Rural,413.2,0.49,0.45,23.24,2.669
CAR041,23.73,20,92.6,2603.0,39.3,1,0,City,313.6,0.58,0.21,19.25,3.319
CAR197,43.27,85,50.0,2294.0,38.5,0,1,City,366.9,0.15,2.31,114.73,38.161
CAR191,38.67,10,78.9,2576.0,29.0,0,1,Highway,365.0,0.51,0.56,45.38,5.451
CAR149,12.91,10,15.8,2936.0,34.5,0,1,City,243.2,0.46,4.4,70.37,10.09
CAR185,42.24,0,49.7,2254.0,11.3,0,1,Highway,110.1,0.2,2.27,112.45,7.965
CAR182,7.56,10,73.2,2102.0,34.3,1,1,Rural,385.7,0.39,4.21,297.41,7.1819999999999995
CAR086,8.32,20,48.6,1984.0,36.3,0,2,Highway,385.8,0.33,2.25,93.7,7.904
CAR034,36.58,85,43.8,,30.1,0,0,Rural,255.1,0.11,2.25,100.22,31.542
CAR072,10.57,20,58.6,937.0,23.8,1,1,Highway,116.8,0.18,3.36,169.71,10.0415
CAR138,11.12,10,47.3,1960.0,16.2,1,2,Highway,81.4,0.61,2.92,127.29,10.563999999999998
CAR188,31.75,10,22.1,2404.0,22.0,0,2,Rural,104.3,0.89,3.64,78.17,11.534
CAR101,40.67,10,,2458.0,37.7,0,0,City,180.1,0.3,4.17,153.25,17.379
CAR091,22.62,10,36.1,2249.0,24.1,0,0,Highway,166.0,0.33,1.52,47.01,4.346
CAR127,24.88,0,76.5,2621.0,29.5,1,1,Highway,,0.1,1.55,109.2,9.525
CAR051,23.95,20,65.0,849.0,22.0,0,2,Highway,449.4,0.73,0.68,41.95,6.839
CAR120,20.21,10,62.6,1367.0,33.8,1,1,,218.6,0.85,3.14,169.93,19.1995
CAR075,20.67,10,76.4,2850.0,27.7,1,0,Highway,277.2,0.87,3.0,206.18,19.6365
CAR131,37.26,85,46.9,3095.0,15.2,1,0,City,296.3,0.64,0.95,46.11,15.974
CAR022,15.65,20,69.4,2337.0,23.9,1,0,,252.9,0.75,2.21,146.03,14.8675
CAR021,20.6,0,59.5,2362.0,27.6,1,0,Highway,322.1,0.86,1.33,78.99,8.291
CAR066,25.23,0,59.2,2741.0,32.8,1,1,City,317.8,0.58,0.3,17.25,1.807
CAR119,2.35,85,67.6,1710.0,19.0,0,2,Highway,94.1,0.28,1.6,109.76,2.2325
CAR028,6.75,85,25.9,2202.0,27.6,0,1,Rural,117.1,0.32,3.44,80.72,6.4125
CAR161,24.79,0,84.3,3364.0,24.1,1,0,City,135.1,0.74,0.36,27.61,3.113
CAR089,13.58,0,68.0,4836.38075802967,20.6,1,2,Highway,128.6,0.5,2.28,137.54,12.901
CAR038,22.99,10,68.1,1130.0,19.7,0,0,Rural,382.3,0.44,1.04,64.27,6.64
CAR102,17.92,10,68.2,2585.0,22.2,0,2,City,302.9,0.05,3.24,218.16,17.024
CAR084,7.06,20,44.3,2304.0,20.3,1,1,City,335.8,0.59,0.45,17.57,3.17
CAR117,2.38,10,52.3,1451.0,22.1,1,1,City,102.7,0.55,2.99,163.0,2.2609999999999997
CAR042,30.2,10,40.2,2231.0,20.9,0,0,City,131.9,0.25,0.81,29.18,3.31
CAR098,33.52,0,58.1,2123.0,34.4,1,1,Rural,424.5,0.4,2.71,155.01,15.211
CAR036,15.33,10,47.5,2775.0,28.7,1,2,Rural,173.7,0.38,2.62,113.11,14.5635
CAR031,16.33,20,8.4,1851.0,21.6,0,0,Highway,284.0,0.12,1.93,16.3,1.919
CAR151,3.44,10,92.7,2405.0,33.3,0,1,Rural,253.7,0.11,3.0,262.43,3.268
CAR166,40.73,20,55.8,1951.0,28.1,1,1,Rural,268.0,0.37,2.29,118.68,17.987
CAR131,42.93,20,36.9,1773.0,34.1,1,1,Rural,289.8,0.26,2.94,107.35,14.748
CAR200,39.3,10,76.7,2476.0,32.0,0,2,Rural,438.1,0.78,1.34,98.27,14.459
CAR136,43.19,10,43.4,1438.0,29.8,1,1,Highway,388.4,0.66,3.24,147.26,17.988
CAR022,35.58,20,34.2,1304.0,25.1,1,2,City,268.5,0.06,3.29,98.49,15.964
CAR030,15.7,0,16.1,1768.0,,0,1,Highway,,0.86,0.81,11.21,1.009
CAR194,10.9,0,66.7,1697.0,29.3,1,1,City,436.2,0.56,3.07,213.3,10.355
CAR076,5.02,85,38.2,1604.0,43.3,1,1,City,219.8,0.07,2.39,78.58,4.768999999999999
CAR172,10.56,20,75.4,2535.0,30.0,1,1,City,81.6,0.32,2.43,176.01,10.032
CAR110,7.64,20,49.1,2259.0,41.2,0,0,Highway,131.3,0.87,3.19,150.13,7.257999999999999
CAR162,4.1,10,65.2,2801.0,41.3,1,2,City,105.8,0.17,1.76,101.28,3.8949999999999996
CAR096,37.56,20,31.7,2288.0,17.7,1,1,Highway,142.6,0.12,3.99,128.14,18.954
CAR047,38.26,10,71.7,2083.0,23.2,1,1,City,327.5,0.52,4.1,299.28,36.346999999999994
CAR020,18.65,20,33.8,1643.0,27.0,0,1,,449.7,0.31,1.66,50.12,7.781
CAR079,6.24,10,57.0,2215.0,25.9,0,1,Highway,223.4,0.49,2.12,125.96,5.928
CAR076,38.02,10,85.6,2672.0,28.9,1,0,City,174.3,0.07,1.49,122.94,14.878
CAR165,16.71,20,67.3,2231.0,30.4,0,1,City,85.5,0.68,1.41,87.74,13.654
CAR123,15.49,10,99.2,2685.0,24.3,0,2,City,105.4,0.43,3.44,353.77,14.715499999999999
CAR009,17.74,20,94.3,2335.0,39.3,1,1,City,,0.38,1.99,185.74,16.852999999999998
CAR191,10.14,20,75.7,2686.0,28.6,0,0,City,86.4,0.13,0.42,27.55,3.602
CAR011,11.88,20,58.2,2416.0,44.9,1,2,Rural,113.0,0.8,0.24,14.57,2.866
CAR108,26.74,10,93.2,2578.0,30.6,1,2,Highway,181.3,0.77,3.46,307.15,25.403
CAR111,24.65,0,19.0,1458.0,35.6,1,1,City,118.7,0.17,4.39,87.29,8.981
CAR118,10.07,10,52.6,2602.0,13.9,0,1,City,402.0,0.61,2.22,121.03,9.5665
CAR004,20.26,10,30.8,2851.0,23.2,0,0,City,310.4,0.86,0.43,11.85,1.492
CAR156,29.5,0,69.7,1996.0,29.9,1,0,City,414.0,0.18,2.86,178.95,15.257
CAR132,9.83,20,48.1,2592.0,43.6,0,0,City,369.0,0.46,0.7,31.21,5.289
CAR076,28.67,10,12.1,1695.0,38.7,0,0,City,300.5,0.9,1.11,12.73,1.795
CAR080,38.9,20,65.4,2417.0,15.0,1,2,Highway,105.7,0.38,3.17,215.67,33.671
CAR187,11.18,0,44.5,2507.0,37.1,0,1,City,160.3,0.6,2.64,118.0,10.533
CAR012,26.13,20,56.5,3060.0,22.1,0,0,Highway,432.3,0.13,4.08,215.77,24.8235
CAR152,28.87,10,51.3,2797.0,33.5,1,2,City,127.5,0.52,0.83,36.77,6.1
CAR032,11.18,10,19.7,3048.0,25.8,1,2,Highway,313.8,0.48,2.97,49.81,7.078
CAR102,4.52,10,61.7,2810.0,36.8,1,2,City,209.7,0.8,0.28,15.22,2.536
CAR013,18.37,0,38.3,1897.0,37.1,1,1,City,89.3,0.83,0.49,19.21,2.328
CAR032,6.85,0,70.9,1839.0,14.0,0,0,City,106.8,0.54,2.25,138.57,6.507499999999999
CAR021,39.19,0,39.8,2388.0,21.4,1,0,Highway,260.2,0.39,0.81,32.03,2.527
CAR058,31.49,10,36.9,2730.0,36.1,1,1,City,,0.48,2.23,79.31,10.462
CAR194,17.5,10,28.3,1248.0,33.4,0,2,Highway,334.0,0.37,2.98,75.45,8.026
CAR196,3.27,0,80.9,2177.0,26.3,0,0,City,97.0,0.1,3.35,260.07,3.1065
CAR035,17.67,10,11.0,2342.0,21.8,0,2,Highway,324.0,0.29,1.1,11.36,1.37
CAR181,5.09,20,70.8,1919.0,21.4,0,1,City,329.5,0.83,2.43,164.12,4.8355
CAR154,25.68,0,54.1,1544.0,24.4,1,0,Rural,250.1,0.57,1.9,93.41,6.647
CAR072,31.76,20,69.5,2426.0,16.6,1,0,city,312.7,0.53,2.63,191.62,30.172
CAR082,3.38,10,102.1,1327.0,31.1,0,1,City,155.4,0.43,3.53,342.83,3.211
CAR016,22.9,20,32.4,1440.0,,0,0,City,416.5,0.14,1.47,45.28,6.159
CAR037,37.0,20,63.1,2487.0,34.9,0,1,Highway,249.8,0.57,2.57,162.5,23.592
CAR197,19.02,85,74.1,2534.0,20.8,1,1,,434.1,0.81,4.26,277.75,18.069
CAR040,6.13,20,52.1,2101.0,37.8,1,1,Highway,376.4,0.7,4.02,183.0,5.823499999999999
CAR195,15.87,20,55.6,2865.0,31.8,0,1,City,204.8,0.17,1.38,75.38,11.531
CAR155,27.13,20,23.9,1852.0,20.7,1,1,City,324.4,0.86,3.31,69.76,12.277
CAR060,24.81,10,71.9,3158.0,29.5,0,2,City,194.4,0.08,1.97,121.07,16.122
CAR059,6.38,10,38.2,2716.0,38.8,0,0,Highway,81.3,0.37,2.23,72.43,6.061
CAR039,43.09,20,44.9,1650.0,23.9,1,0,City,169.6,0.24,2.11,82.44,12.064
CAR068,29.37,20,49.7,2235.0,23.2,1,2,City,230.1,0.17,2.33,119.37,19.863
CAR019,35.22,20,50.1,,40.3,1,1,City,293.3,0.42,3.76,190.09,33.458999999999996
CAR123,7.53,85,35.4,2438.0,26.3,1,2,Highway,,0.2,1.18,43.13,7.1535
CAR175,11.56,10,68.5,1087.0,5.0,0,2,Highway,290.9,0.57,4.4,310.84,10.982
CAR161,3.04,0,76.5,2681.0,31.8,1,0,Highway,101.9,0.42,1.99,159.77,2.888
CAR066,27.5,85,20.6,1828.0,35.1,0,1,City,138.7,0.28,3.54,66.72,22.417
CAR093,40.61,0,30.9,2256.0,19.5,1,2,City,302.5,0.26,4.23,121.22,12.286
CAR112,18.8,0,67.7,2060.0,,1,1,City,77.2,0.71,0.8,48.35,5.672
CAR002,3.39,20,18.6,2667.0,37.1,0,1,Highway,272.6,0.48,0.26,4.71,0.766
CAR092,17.28,20,27.3,3149.0,23.6,1,1,City,382.0,0.05,2.42,68.49,11.364
CAR014,30.1,10,67.3,2975.0,26.9,0,1,Highway,413.9,0.81,3.03,181.97,23.243
CAR106,43.63,10,5.0,2146.0,21.5,1,2,City,340.9,0.75,2.91,12.49,1.97
CAR185,27.12,20,74.1,3232.0,40.3,1,0,City,189.1,0.79,2.82,213.13,25.764
CAR106,37.32,10,37.0,2688.0,31.0,0,0,Rural,126.3,0.09,2.41,81.26,7.221
CAR030,16.68,10,84.7,954.0,30.4,1,2,City,419.3,0.43,3.5,264.72,15.845999999999998
CAR082,29.27,10,27.8,1727.0,26.8,1,0,City,164.4,0.06,3.13,89.28,9.667
CAR192,16.27,10,59.5,1043.0,27.1,1,0,City,300.7,0.33,1.52,78.78,8.722
CAR186,43.83,20,60.3,1790.0,41.2,1,1,Highway,191.8,0.48,3.99,243.66,38.54
CAR101,35.32,0,59.3,1448.0,21.3,1,1,Highway,93.7,0.23,3.14,189.13,12.851
CAR164,7.04,20,68.8,1533.0,18.5,1,0,Rural,291.5,0.17,4.35,289.49,6.688
CAR181,26.35,0,46.0,1899.0,12.4,1,0,Rural,189.5,0.47,2.56,109.2,9.28
CAR099,42.34,0,59.7,1142.0,16.9,0,1,City,388.0,0.34,0.85,49.65,4.313
CAR169,14.33,10,52.3,3038.0,26.4,1,1,City,310.1,0.12,2.37,107.18,13.6135
CAR019,40.86,10,31.1,2030.0,28.5,0,2,Rural,396.1,0.33,4.27,128.77,17.192
CAR125,31.11,10,81.1,2103.0,19.2,1,2,City,340.1,0.76,1.6,118.83,18.361
CAR101,30.65,10,53.8,1675.0,21.0,1,0,City,389.1,0.09,3.85,188.79,20.026
CAR117,17.2,0,26.4,3028.0,36.0,1,2,City,215.6,0.75,2.13,55.87,7.795
CAR199,42.2,20,47.6,2249.0,25.7,0,0,Highway,287.3,0.27,2.86,120.0,14.595
CAR122,25.35,20,54.9,,27.4,0,1,Rural,320.0,0.52,2.64,136.31,21.706
CAR062,26.79,0,52.0,2002.0,25.5,0,1,Highway,224.1,0.68,2.15,96.17,7.142
CAR014,31.64,10,58.7,1931.0,17.2,0,0,City,,0.71,2.4,131.79,15.925
CAR035,22.28,0,45.4,2104.0,26.3,1,1,Rural,176.1,0.67,1.53,64.89,7.002
CAR169,8.44,0,82.0,2815.0,32.0,0,1,City,307.5,0.81,1.13,92.07,8.017999999999999
CAR013,16.55,10,50.0,2060.0,38.9,1,2,City,155.8,0.8,2.59,130.72,15.7225
CAR191,18.94,20,53.0,2080.0,19.1,1,2,City,267.4,0.63,1.69,85.56,15.401
CAR136,24.37,0,34.9,2132.0,19.9,0,2,Rural,369.5,0.47,0.91,32.1,3.501
CAR087,7.59,0,46.6,2745.0,31.0,1,2,City,447.6,0.48,3.57,157.01,7.2105
CAR161,24.45,10,20.7,2493.0,36.1,0,2,Highway,439.3,0.8,4.43,84.1,11.334
CAR075,44.86,10,69.1,2260.0,22.1,0,2,Highway,372.4,0.9,1.8,119.27,16.04
CAR082,10.89,0,55.1,803.0,34.1,0,0,Highway,74.3,0.27,3.77,191.05,7.953
CAR156,5.76,10,58.7,2510.0,30.1,0,1,City,219.8,0.42,0.76,43.16,5.315
CAR073,11.19,20,59.4,2825.0,25.8,0,1,,360.9,0.75,1.4,74.03,10.6305
CAR069,27.8,10,51.6,2728.0,16.0,1,2,City,291.0,0.08,3.46,161.24,23.246
CAR187,11.9,20,65.6,2077.0,30.2,1,0,City,327.9,0.34,1.33,75.37,11.305
CAR015,11.3,85,50.0,1593.0,36.2,0,1,Highway,219.6,0.32,0.9,45.97,10.735
CAR151,19.36,20,10.2,2718.0,39.8,1,2,Highway,290.8,0.46,3.44,35.91,6.29
CAR091,43.14,10,79.7,1435.0,30.6,1,0,Rural,379.1,0.51,0.51,39.03,4.265
CAR129,39.81,10,80.0,1236.0,20.6,1,1,City,,0.51,4.23,347.97,37.8195
CAR026,42.85,10,61.1,3171.0,24.9,0,1,Highway,231.5,0.33,4.23,260.42,27.983
CAR083,24.61,85,40.8,1787.0,20.7,0,1,Highway,430.2,0.66,3.84,148.39,23.379499999999997
CAR051,33.24,20,55.2,3061.0,28.0,0,1,City,189.1,0.28,1.22,69.92,11.099
CAR038,8.51,20,59.7,2811.0,42.8,0,0,Highway,318.7,0.81,2.5,140.28,8.0845
CAR018,6.67,10,55.9,2932.0,22.7,0,1,City,283.2,0.87,4.3,234.95,6.3365
CAR011,27.23,10,9.4,2648.0,38.7,0,1,Highway,,0.11,1.22,11.23,1.206
CAR021,40.91,20,72.5,2599.0,31.3,1,1,Highway,333.4,0.49,2.45,174.15,27.541
CAR021,25.97,10,64.2,1387.0,36.4,0,1,Rural,,0.68,1.2,69.31,7.658
CAR089,15.61,10,,3076.0,31.6,0,2,Highway,212.5,0.62,3.07,108.87,13.991
CAR172,32.32,20,30.2,2040.0,31.8,0,1,Highway,376.0,0.66,3.29,94.79,13.995
CAR182,12.46,85,5.0,2775.0,45.2,1,0,Rural,85.4,0.56,2.69,12.58,4.581
CAR180,35.25,0,30.2,1778.0,27.4,1,2,Highway,324.4,0.64,4.08,108.09,11.515
CAR144,20.15,20,57.4,2149.0,37.2,0,2,Highway,76.6,0.75,3.68,219.26,19.1425
CAR019,13.57,10,64.2,2788.0,31.6,1,2,Highway,146.8,0.69,1.5,87.4,11.698
CAR190,39.63,10,58.7,2200.0,34.7,1,2,City,395.9,0.65,3.56,197.82,32.076
CAR196,27.02,10,,1770.0,40.9,1,2,Rural,186.7,0.17,1.83,110.53,15.816
CAR187,30.03,20,21.4,2330.0,40.0,1,1,City,,0.31,0.71,15.9,2.601
CAR174,19.5,85,25.1,3049.0,,0,1,Highway,206.9,0.4,2.65,66.42,18.525
CAR060,44.3,85,27.2,1679.0,30.9,0,1,Rural,282.2,0.83,1.43,33.3,10.979
CAR032,35.06,10,55.0,2291.0,35.1,1,0,City,162.9,0.88,2.77,152.11,21.154
CAR042,31.57,10,43.4,2226.0,37.6,0,0,City,180.2,0.52,2.5,93.12,11.751
CAR129,26.52,0,81.3,1948.0,27.8,1,1,City,313.1,0.42,2.4,180.67,19.703
CAR029,32.46,10,43.4,1040.0,28.4,0,1,,98.3,0.5,1.71,67.31,8.33
CAR014,16.16,20,59.1,1886.0,15.1,0,1,City,99.3,0.05,3.13,158.92,15.351999999999999
CAR140,2.62,20,54.8,1876.0,33.2,1,1,City,102.3,0.1,3.39,177.24,2.489
CAR156,28.14,20,41.3,1634.0,36.3,0,0,Highway,381.6,0.19,0.62,26.12,3.319
CAR069,43.85,10,48.6,1873.0,23.1,0,2,Rural,207.8,0.22,4.06,189.82,23.524
CAR094,7.24,10,32.3,2163.0,26.9,1,2,Highway,168.3,0.11,3.97,118.86,6.878
CAR074,10.12,0,58.6,2189.0,14.0,1,0,City,140.7,0.22,3.71,201.54,9.613999999999999
CAR192,23.64,85,40.8,1341.0,38.1,1,2,City,230.6,0.83,1.33,53.66,19.831
CAR127,22.43,20,47.6,2661.0,22.5,0,0,Rural,291.9,0.28,0.82,39.44,5.359
CAR076,34.71,20,18.8,2131.0,38.2,1,0,City,232.7,0.15,1.69,33.14,4.737
CAR192,33.02,20,57.3,2878.0,,1,2,Highway,87.2,0.57,0.67,33.31,5.69
CAR187,20.0,0,62.4,2288.0,33.2,0,2,City,181.5,0.78,1.45,85.99,10.253
CAR033,44.61,20,61.5,1615.0,29.4,1,1,Highway,272.2,0.4,0.59,36.46,5.046
CAR148,18.67,10,69.0,2085.0,33.1,1,0,City,285.9,0.09,2.5,159.66,17.7365
CAR065,16.89,10,29.6,2121.0,32.3,1,1,City,205.2,0.44,3.22,91.21,11.683
CAR139,34.37,0,46.4,1464.0,25.2,1,1,City,413.6,0.72,0.24,11.42,1.186
CAR165,35.94,10,46.6,2611.0,42.3,1,0,Rural,362.4,0.32,3.15,152.72,18.602
CAR133,13.3,20,46.5,2052.0,26.9,1,0,Rural,123.8,0.49,2.2,95.57,12.411
CAR018,13.49,10,65.6,2034.0,24.0,1,2,City,,0.25,2.44,153.61,12.8155
CAR128,20.88,20,31.9,1489.0,24.1,1,1,Rural,253.0,0.35,2.36,66.74,10.553
CAR061,8.85,10,49.5,1834.0,15.6,1,2,City,136.0,0.38,0.52,24.16,3.7
CAR051,31.64,10,42.1,2012.0,31.3,0,2,City,207.1,0.13,2.58,96.17,12.973
CAR096,26.16,10,65.5,1572.0,31.7,0,2,City,310.4,0.43,2.38,155.37,20.923
CAR178,10.55,0,19.0,1700.0,30.3,1,0,Highway,133.2,0.55,0.47,8.72,0.622
CAR084,32.15,20,8.4,1809.0,24.4,0,0,City,255.1,0.11,2.05,16.81,2.42
CAR022,24.14,10,83.5,2201.0,14.9,1,1,City,115.8,0.45,1.74,144.07,20.08
CAR151,19.22,85,55.2,2064.0,36.2,1,0,Rural,242.7,0.46,0.5,23.67,7.998
CAR130,6.8,0,35.8,1167.0,26.0,0,0,city,360.5,0.7,3.3,115.49,6.46
CAR171,36.07,85,43.0,3756.0,21.7,0,0,City,,0.71,4.1,182.53,34.2665
CAR176,28.52,20,30.8,3000.0,24.6,0,1,City,184.5,0.11,1.03,29.83,4.354
CAR127,37.55,20,12.5,2261.0,29.2,1,1,City,326.1,0.25,4.1,43.63,7.253
CAR144,36.88,20,89.2,2916.0,21.4,0,2,Rural,419.8,0.13,1.81,159.58,25.411
CAR196,15.5,20,58.1,3054.0,38.6,1,0,City,427.0,0.14,0.96,48.15,7.842
CAR181,9.46,20,51.2,2320.0,20.4,1,0,City,90.8,0.09,0.56,25.99,3.708
CAR017,30.26,10,82.8,2922.0,38.0,1,1,City,,0.73,2.08,165.12,27.125
CAR186,24.4,10,37.0,2301.0,43.1,1,1,Rural,421.4,0.7,1.4,48.3,7.415
CAR057,15.08,10,52.2,1820.0,25.7,1,1,City,240.4,0.15,0.33,16.74,2.177
CAR020,11.05,10,18.5,1958.0,17.5,1,0,City,223.7,0.51,0.57,9.02,1.157
CAR151,3.36,10,36.1,3347.0,38.3,0,1,Highway,128.6,0.8,2.25,84.18,3.1919999999999997
CAR075,29.22,10,9.8,2068.0,21.2,0,2,City,281.5,0.74,1.29,10.95,1.749
CAR184,39.37,20,47.8,1430.0,12.3,0,1,City,245.0,0.6,4.3,197.52,30.756
CAR020,43.62,10,85.4,2929.0,36.9,1,1,Rural,94.6,0.1,4.06,310.06,38.266
CAR011,15.23,85,48.4,2919.0,20.3,0,1,,92.8,0.29,1.37,65.54,14.4685
CAR124,23.04,20,47.1,2742.0,34.7,0,2,Rural,261.7,0.77,1.33,54.9,9.58
CAR037,14.42,0,33.5,1716.0,21.2,1,1,Rural,294.2,0.09,3.72,111.22,10.419
CAR006,11.7,20,86.9,2704.0,23.1,1,0,City,76.6,0.6,2.83,246.03,11.114999999999998
CAR115,25.01,85,24.1,1305.0,24.1,1,0,Rural,317.9,0.67,1.15,27.85,8.963
CAR047,21.76,10,58.9,2143.0,36.8,0,0,City,274.3,0.88,4.25,223.22,20.672
CAR153,4.05,10,49.7,2466.0,26.3,1,0,City,367.9,0.56,0.61,28.17,3.8474999999999997
CAR166,29.99,10,50.6,2132.0,23.3,1,1,Highway,163.8,0.65,4.14,190.69,23.198
CAR011,22.43,10,76.0,2439.0,31.2,0,0,Rural,293.7,0.6,0.63,42.76,4.827
CAR165,15.47,20,52.2,1897.0,22.8,1,2,Highway,225.6,0.16,1.8,95.74,14.46
CAR012,38.68,10,42.4,2586.0,37.3,1,1,City,195.4,0.24,2.34,96.22,12.838
CAR110,40.47,10,58.3,1807.0,29.0,1,1,Rural,78.6,0.47,4.26,258.25,32.832
CAR183,31.59,10,55.2,2504.0,33.3,1,0,Rural,326.0,0.61,3.1,150.2,18.248
CAR009,20.3,85,57.6,2555.0,34.5,0,2,Rural,160.8,0.37,0.98,52.16,17.746
CAR150,31.62,10,30.3,2728.0,19.2,1,0,,408.9,0.05,0.97,28.41,2.625
CAR145,22.44,20,14.5,2535.0,22.6,1,2,City,186.5,0.65,3.22,42.04,7.823
CAR164,37.41,20,54.9,1912.0,27.0,1,1,City,281.2,0.46,2.57,138.55,22.395
CAR003,42.99,0,46.3,1709.0,29.7,1,0,Highway,406.1,0.65,2.89,136.95,10.634
CAR072,32.04,0,27.3,1680.0,41.7,1,0,Rural,384.5,0.8,2.12,57.41,6.502
CAR050,41.53,10,43.6,1676.0,32.1,1,1,City,374.5,0.73,0.55,22.05,3.368
CAR121,42.11,10,63.3,1769.0,10.7,1,1,Rural,183.3,0.19,2.57,152.57,17.027
CAR020,29.47,85,,,29.3,0,1,Rural,261.9,0.64,2.3,121.31,27.996499999999997
CAR059,11.17,0,47.4,898.0,34.6,0,1,City,241.2,0.42,1.1,52.88,4.634
CAR105,18.78,10,76.7,2378.0,20.9,0,1,Rural,174.5,0.87,3.78,300.92,17.841
CAR121,18.79,10,59.6,3086.0,22.5,0,2,Highway,287.0,0.2,4.37,224.87,17.850499999999997
CAR090,38.7,0,65.6,3014.0,23.1,1,0,Rural,107.6,0.68,4.35,276.1,25.297
CAR032,9.19,10,32.0,2138.0,22.8,1,2,Rural,246.1,0.89,4.19,134.75,8.7305
CAR090,39.58,20,63.0,2297.0,28.3,0,2,Highway,433.6,0.23,4.47,251.29,37.601
CAR022,33.84,20,51.3,1816.0,19.2,0,1,Rural,90.1,0.64,2.14,107.92,16.674
CAR093,39.51,20,,2574.0,22.6,1,2,Highway,316.0,0.07,3.48,138.07,22.226
CAR046,32.06,85,28.9,2234.0,25.2,0,0,City,333.7,0.75,4.44,111.94,30.457
CAR004,25.85,20,44.2,3048.0,30.2,1,2,Highway,349.6,0.24,2.29,101.7,16.541
CAR140,9.38,20,42.0,2832.0,35.4,0,1,,377.8,0.48,2.02,79.59,8.911
CAR176,14.1,20,52.7,2157.0,,1,0,City,320.9,0.33,1.62,77.19,11.876
CAR118,38.05,20,42.7,2294.0,19.2,0,2,City,280.5,0.21,3.14,125.05,19.883
CAR151,37.07,85,63.8,2607.0,31.9,0,0,City,337.2,0.27,1.49,85.36,28.038
CAR120,12.82,10,43.0,1590.0,35.1,0,1,Rural,365.6,0.42,3.84,161.22,12.179
CAR115,18.43,10,79.5,2180.0,25.0,0,2,City,207.4,0.75,1.59,119.33,17.357
CAR086,8.14,0,62.0,1670.0,36.4,1,1,City,,0.82,4.33,254.88,7.7330000000000005
CAR100,26.21,10,145.55693057776327,2017.0,24.1,1,2,City,,0.29,1.0,27.83,4.098
CAR182,31.84,10,59.3,2403.0,25.5,0,0,Rural,99.8,0.68,2.29,135.55,14.119
CAR100,20.91,85,30.5,1437.0,11.3,1,2,Rural,84.8,0.18,3.7,115.87,19.8645
CAR003,9.79,20,77.8,2887.0,22.1,1,2,Rural,389.8,0.14,1.1,89.23,9.3005
CAR124,8.86,85,66.7,2374.0,25.9,1,2,Highway,153.5,0.75,1.76,111.29,8.417
CAR089,4.68,20,69.7,2800.0,33.9,1,2,Highway,293.6,0.81,1.04,68.48,4.446
CAR060,9.28,10,73.8,2966.0,43.0,0,1,Highway,428.4,0.67,2.2,151.64,8.815999999999999
CAR072,39.94,85,57.4,2545.0,27.8,1,0,Highway,113.5,0.34,3.96,225.76,37.943
CAR197,38.69,0,60.7,3035.0,23.8,1,2,Rural,425.8,0.37,1.99,118.34,13.443
CAR108,11.36,20,55.5,2972.0,25.6,0,0,Rural,425.1,0.78,1.75,101.86,10.792
CAR037,2.83,0,36.9,1721.0,28.1,0,0,Rural,286.8,0.18,2.88,105.52,2.6885
CAR157,16.25,10,18.3,2745.0,28.0,0,2,,153.3,0.54,3.37,55.5,7.568
CAR149,19.24,0,51.9,2626.0,23.2,0,0,Highway,74.8,0.31,0.49,25.2,1.686
CAR125,19.42,10,22.8,1609.0,29.8,0,2,Highway,278.1,0.45,1.62,35.21,4.004
CAR022,3.37,20,,2201.0,25.0,1,1,City,171.4,0.21,1.23,70.7,3.2015
CAR139,20.26,10,83.6,1347.0,36.3,1,0,Highway,262.3,0.13,3.7,286.67,19.247
CAR104,26.63,20,51.3,2149.0,14.8,1,1,Highway,385.9,0.56,3.47,173.29,24.977
CAR122,23.08,20,79.0,2286.0,,1,0,,166.2,0.33,1.06,72.38,11.026
CAR090,38.8,10,56.7,2720.0,18.1,0,2,,326.6,0.7,1.94,109.72,16.624
CAR147,2.12,10,76.7,2010.0,35.2,0,1,Highway,423.0,0.21,0.37,27.89,2.014
CAR007,6.27,20,43.2,,28.3,1,2,Highway,150.5,0.76,1.62,72.27,5.956499999999999
CAR171,23.22,20,,2496.0,24.7,1,1,Highway,189.6,0.61,1.31,37.94,6.248
CAR085,11.52,20,34.0,3284.0,5.0,0,1,Highway,159.1,0.69,0.96,31.15,4.597
CAR133,21.21,10,64.6,1742.0,25.1,0,2,Rural,249.0,0.67,3.0,200.4,20.1495
CAR043,27.04,20,37.5,2415.0,27.4,0,1,City,195.0,0.26,1.08,36.19,5.344
CAR137,29.5,10,23.8,1940.0,25.2,1,2,Rural,212.4,0.41,1.23,30.73,4.141
CAR099,23.38,20,36.5,2735.0,29.4,0,1,,244.2,0.17,4.33,149.92,20.364
CAR131,23.74,10,79.8,1941.0,26.3,0,2,City,333.3,0.09,4.43,351.68,22.552999999999997
CAR002,27.98,85,5.0,1236.0,41.4,0,1,Highway,82.7,0.68,3.88,19.74,6.494
CAR082,20.19,20,63.6,1582.0,35.3,0,1,Highway,156.2,0.52,1.9,108.96,15.875
CAR152,36.1,10,56.3,1809.0,16.6,0,1,City,311.3,0.85,2.09,109.16,14.876
CAR088,12.65,20,32.2,2557.0,29.1,1,1,Rural,443.4,0.21,1.92,59.62,9.087
CAR044,24.52,10,20.9,2082.0,30.1,0,1,City,98.2,0.25,4.45,86.57,9.953
CAR082,38.69,0,46.1,3010.0,24.1,0,0,Rural,103.7,0.34,3.9,153.08,11.44
CAR162,38.35,10,83.7,960.0,16.6,1,1,Highway,191.7,0.7,4.29,345.66,36.4325
CAR180,12.25,10,213.9175337564572,2256.0,36.0,1,2,Highway,189.9,0.45,1.99,86.23,10.811
CAR153,40.52,10,39.1,2075.0,37.5,0,2,Rural,442.4,0.35,3.47,120.38,17.108
CAR088,33.99,10,105.2,2692.0,20.7,1,2,Highway,128.8,0.87,1.78,161.63,25.17
CAR019,31.45,85,65.1,3404.0,33.3,0,1,Highway,401.0,0.43,2.68,166.15,29.877499999999998
CAR178,15.47,20,61.6,1927.0,32.2,0,2,City,351.7,0.7,3.61,227.19,14.6965
CAR074,14.29,20,82.7,2381.0,40.0,1,1,City,371.9,0.37,3.41,289.59,13.575499999999998
CAR017,15.16,20,68.8,2873.0,,1,2,City,135.7,0.3,3.14,210.54,14.402
CAR137,33.41,10,49.5,1564.0,28.6,1,1,Highway,379.0,0.42,0.42,21.46,2.482
CAR093,32.4,20,56.4,2362.0,38.7,0,1,City,77.4,0.85,1.0,56.41,9.868
CAR103,40.09,10,38.1,1680.0,48.0,0,2,Highway,205.9,0.54,0.52,20.65,2.909
CAR001,42.06,20,44.3,1543.0,39.2,0,1,Highway,300.2,0.27,1.49,58.01,8.182
CAR200,13.9,10,37.8,2776.0,14.5,1,2,City,362.5,0.89,4.26,152.0,13.205
CAR157,28.03,10,65.5,2250.0,33.4,0,1,Rural,305.2,0.8,0.94,60.92,7.602
CAR124,18.71,85,52.5,1946.0,26.9,0,1,City,223.7,0.12,2.07,96.78,17.7745
CAR177,12.63,20,65.0,2379.0,26.7,1,2,Rural,167.6,0.74,3.2,208.02,11.9985
CAR181,5.83,10,34.2,2982.0,23.2,1,1,City,351.3,0.1,1.52,49.53,5.5385
CAR057,5.36,85,10.0,2540.0,42.0,0,0,City,252.9,0.08,4.41,41.91,5.092
CAR094,37.15,10,33.5,2904.0,21.5,0,0,City,189.7,0.44,2.33,68.12,8.392
CAR126,13.52,20,5.0,2609.0,18.1,0,1,City,201.3,0.14,2.79,13.93,2.101
CAR040,12.11,20,58.7,2090.0,37.0,1,2,City,134.8,0.19,2.6,138.15,11.504499999999998
CAR159,36.56,10,59.3,1815.0,28.6,1,0,Highway,329.7,0.07,1.72,89.63,8.752
CAR071,42.69,20,63.8,2229.0,16.3,1,1,City,311.5,0.41,3.91,227.22,38.967
CAR062,20.28,0,63.7,2708.0,15.9,0,0,City,334.8,0.26,0.25,14.9,1.254
CAR082,30.37,20,71.5,2112.0,22.4,0,2,City,179.0,0.23,2.65,170.82,27.452
CAR115,16.55,0,47.8,2023.0,24.3,1,0,City,74.3,0.69,3.44,153.52,14.97
CAR128,43.94,85,40.2,2182.0,36.9,0,1,,400.0,0.08,1.76,73.97,24.78
CAR070,35.29,10,83.3,,28.4,0,0,City,425.3,0.75,3.57,289.82,33.5255
CAR011,18.04,10,33.4,2959.0,32.5,1,1,City,418.2,0.62,3.18,103.63,15.426
CAR122,18.32,10,68.4,2762.0,24.0,0,2,,404.4,0.09,4.42,262.72,17.404
CAR042,5.5,10,24.7,,21.4,1,1,Highway,329.3,0.06,3.76,89.2,5.225
CAR107,29.77,20,53.0,1881.0,13.5,1,0,Highway,199.5,0.26,3.35,185.67,23.956
CAR182,39.8,0,5.0,1412.0,29.4,0,0,City,305.1,0.41,1.85,9.34,0.715
CAR094,10.89,20,55.2,1296.0,19.4,1,1,Rural,267.6,0.22,0.43,23.57,3.627
CAR128,5.62,85,35.8,2518.0,31.5,1,2,Rural,239.1,0.76,3.64,134.94,5.3389999999999995
CAR026,16.05,10,46.5,2160.0,30.7,1,1,Rural,429.3,0.5,2.45,98.62,12.789
CAR129,38.65,20,67.1,1648.0,33.2,1,2,Highway,410.2,0.16,3.85,251.6,36.717499999999994
CAR151,18.85,20,42.7,1863.0,33.7,0,2,City,252.7,0.6,0.64,23.9,3.987
CAR063,30.93,85,59.3,1496.0,25.6,0,0,Rural,375.1,0.26,2.36,122.18,29.383499999999998
CAR198,39.01,10,39.9,2438.0,28.7,1,0,Rural,300.3,0.64,1.12,44.71,5.424
CAR063,38.52,10,73.2,2994.0,29.5,1,0,City,397.6,0.49,2.94,220.24,31.263
CAR030,27.71,20,38.4,1059.0,25.6,1,1,Rural,361.3,0.24,4.03,131.8,18.658
CAR159,32.74,10,61.3,1511.0,26.7,1,1,City,214.6,0.79,2.14,120.89,18.191
CAR114,35.7,20,65.5,2715.0,25.3,0,1,City,329.8,0.27,4.4,262.76,33.915
CAR075,14.29,20,36.6,1362.0,23.4,1,1,Rural,85.8,0.67,0.47,15.31,2.508
CAR126,22.02,20,44.4,1601.0,21.8,1,0,Highway,361.9,0.72,3.74,157.44,20.505
CAR095,32.11,20,57.1,2387.0,,1,1,City,389.2,0.43,2.58,146.85,25.951
CAR007,36.94,10,49.6,2267.0,33.7,1,2,City,265.1,0.85,4.2,179.16,30.333
CAR008,35.27,20,,1802.0,22.4,0,1,Rural,343.3,0.83,2.08,95.6,15.424
CAR160,14.71,20,72.7,9672.76151605934,37.3,0,1,city,372.7,0.5,2.82,195.31,13.9745
CAR140,30.29,20,14.3,2223.0,25.0,0,1,city,229.6,0.62,3.82,46.73,7.881
CAR103,37.1,20,46.4,1591.0,22.0,1,2,City,297.5,0.18,4.12,188.12,32.239
CAR049,7.05,10,51.1,2295.0,19.5,1,0,City,386.7,0.5,3.0,158.23,6.6975
CAR056,21.86,0,67.7,1748.0,31.2,1,0,Highway,319.2,0.28,1.18,76.23,4.529
CAR081,41.42,85,62.1,1961.0,23.9,1,0,City,190.7,0.51,1.67,93.62,30.965
CAR106,10.0,20,19.5,1547.0,38.6,1,0,City,142.1,0.66,2.05,36.59,5.736
CAR183,3.51,0,81.6,3264.0,28.3,0,1,Rural,363.9,0.53,1.45,117.71,3.3345
CAR122,13.03,0,78.0,700.0,18.7,0,0,City,138.2,0.82,1.06,76.84,6.579
CAR172,39.27,10,53.7,1908.0,17.7,1,2,Highway,93.6,0.26,2.15,113.35,12.585
CAR057,8.82,10,,1518.0,26.0,0,0,Highway,361.1,0.4,1.97,83.31,7.706
CAR010,36.95,85,59.1,2324.0,28.3,1,2,City,313.9,0.58,1.66,100.41,35.1025
CAR020,26.51,20,83.0,1962.0,31.1,1,1,Highway,95.8,0.72,0.78,59.38,9.351
CAR008,30.24,85,61.4,2375.0,34.4,0,2,city,365.5,0.51,4.45,247.81,28.727999999999998
CAR090,42.06,10,77.6,,22.6,1,0,Highway,212.8,0.06,0.61,47.81,4.475
CAR153,24.05,20,33.7,1686.0,26.4,0,2,City,256.8,0.83,0.83,23.97,4.177
CAR075,19.96,10,67.0,3136.0,20.5,0,2,Highway,128.9,0.53,0.27,15.6,1.949
CAR139,31.85,20,53.2,1228.0,,1,2,Rural,315.4,0.9,2.03,92.12,16.23
CAR156,2.01,85,64.4,2528.0,19.3,1,2,Highway,219.4,0.47,2.24,148.58,1.9094999999999998
CAR080,38.78,20,55.5,2175.0,30.8,1,0,Highway,346.7,0.68,3.06,146.67,22.58
CAR112,13.94,10,19.3,2407.0,26.1,0,1,City,322.7,0.56,3.05,58.75,7.927
CAR117,4.13,0,23.6,1774.0,21.9,1,2,City,271.0,0.53,3.46,81.92,3.9234999999999998
CAR001,9.27,0,35.3,1732.0,19.0,0,1,Highway,359.2,0.2,1.38,44.54,3.177
CAR085,2.78,20,58.5,3668.0,31.0,1,0,highway,83.5,0.55,3.76,217.24,2.6409999999999996
CAR017,42.98,85,71.8,2447.0,25.5,1,1,City,380.5,0.53,3.75,279.9,40.830999999999996
CAR185,16.04,20,44.1,1395.0,10.8,1,2,,101.0,0.59,3.98,155.21,15.237999999999998
CAR090,12.92,10,45.2,1599.0,33.4,1,0,Highway,237.4,0.17,0.43,17.24,1.875
CAR180,27.56,20,50.6,2452.0,16.5,0,0,City,367.6,0.38,3.72,185.86,26.182
CAR056,44.97,20,56.2,2416.0,25.1,1,0,Rural,295.2,0.41,4.1,221.9,33.765
CAR024,18.18,10,53.6,1669.0,34.9,0,1,Rural,122.0,0.64,2.89,148.6,16.859
CAR080,25.62,0,48.6,2574.0,22.2,0,0,,304.4,0.53,0.42,21.08,1.467
CAR098,41.18,10,60.0,2600.0,27.9,0,0,City,105.3,0.51,1.54,80.62,9.852
CAR064,25.29,20,92.1,3547.0,46.7,0,1,Rural,156.6,0.28,2.16,208.67,24.025499999999997
CAR125,25.75,10,,2107.0,27.0,0,0,Highway,264.3,0.09,4.21,366.97,24.4625
CAR031,6.04,20,40.6,3130.0,31.2,1,2,Highway,134.0,0.07,1.32,53.1,5.7379999999999995
CAR131,2.86,10,,1969.0,35.2,1,1,City,361.0,0.15,1.28,61.19,2.7169999999999996
CAR087,30.6,10,52.9,2074.0,29.5,0,1,Highway,271.2,0.76,0.82,37.94,4.364
CAR062,7.92,10,20.8,2710.0,48.0,0,0,,276.1,0.11,1.47,27.98,3.52
CAR133,21.27,0,65.1,,29.8,1,1,highway,145.1,0.54,3.12,176.7,15.506
CAR031,43.62,20,75.0,3962.0,43.8,0,1,City,430.7,0.63,3.2,247.45,41.43899999999999
CAR071,27.06,10,54.8,,36.4,0,2,City,,0.54,2.96,166.96,25.706999999999997
CAR013,33.7,20,48.0,,19.1,0,0,City,82.3,0.29,1.67,69.76,8.818
CAR164,34.98,10,68.4,1716.0,19.3,1,0,Highway,151.5,0.22,1.1,70.35,6.936
CAR129,11.67,10,83.9,2043.0,38.3,1,2,Highway,334.8,0.87,0.39,29.82,4.121
CAR091,10.32,10,75.5,2574.0,31.0,0,1,City,389.7,0.78,2.86,204.33,9.804
CAR180,5.92,20,45.6,1889.0,40.1,0,1,City,435.7,0.06,4.42,200.24,5.624
CAR194,14.11,20,46.5,2765.0,22.5,1,2,Rural,243.5,0.84,2.06,85.54,13.404499999999999
CAR191,39.02,20,57.3,1695.0,,1,0,city,369.3,0.16,3.89,204.78,30.166
CAR011,30.66,85,51.8,2504.0,24.6,0,1,Highway,315.2,0.39,2.87,148.21,29.127
CAR194,4.56,20,21.7,2917.0,35.3,1,2,Highway,438.8,0.12,1.91,37.44,4.332
CAR001,28.49,10,50.7,,26.4,0,1,Rural,426.6,0.52,1.81,85.04,10.653
CAR042,3.18,20,44.9,1626.0,,1,0,Highway,175.5,0.49,3.74,165.38,3.021
CAR128,40.76,85,27.5,2351.0,30.8,0,2,Rural,93.3,0.31,3.15,73.84,25.184
CAR094,2.35,0,62.9,1922.0,,0,2,,251.2,0.61,1.4,81.1,2.2325
CAR037,11.32,10,16.4,7031.1079997098,17.6,0,2,Rural,137.9,0.29,1.98,27.97,3.523
CAR188,7.28,20,57.8,2676.0,30.9,0,0,City,79.8,0.59,2.37,141.57,6.9159999999999995
CAR103,17.99,20,32.0,2609.0,32.3,0,1,Highway,426.2,0.44,1.99,56.48,8.814
CAR081,26.42,20,51.5,1832.0,38.9,0,0,City,179.4,0.76,2.85,145.31,24.043
CAR127,15.32,20,39.9,1466.0,29.2,1,0,City,,0.52,3.38,137.76,14.554
CAR011,20.57,85,49.2,2150.0,22.3,0,1,Rural,149.8,0.83,3.66,172.25,19.5415
CAR046,3.85,20,45.4,1791.0,33.0,1,1,City,385.6,0.73,3.97,166.43,3.6574999999999998
CAR188,24.34,10,47.0,1702.0,,1,1,City,158.8,0.54,2.72,128.22,17.887
CAR165,2.8,10,53.5,2451.0,28.4,1,2,City,324.0,0.06,2.15,108.11,2.6599999999999997
CAR119,11.05,10,31.3,1556.0,36.3,0,2,City,224.5,0.3,2.62,77.59,10.4975
CAR132,33.57,20,63.0,1571.0,28.1,0,2,Rural,352.1,0.57,2.07,118.58,20.1
CAR085,36.26,20,40.2,1897.0,16.3,1,0,City,232.2,0.71,3.34,133.46,21.433
CAR157,21.72,20,58.4,1942.0,26.8,1,0,City,429.7,0.22,4.48,247.77,20.633999999999997
CAR143,41.61,10,33.8,3246.0,31.5,0,1,Highway,385.9,0.43,3.86,127.37,15.767
CAR177,14.92,85,82.3,2193.0,26.3,1,2,Highway,388.3,0.85,0.56,45.55,14.174
CAR019,5.94,20,98.1,1718.0,20.3,1,2,City,129.7,0.59,0.24,22.43,4.009
CAR064,41.95,85,54.4,2110.0,30.2,1,2,Rural,133.1,0.64,1.52,85.39,30.535
CAR042,26.82,0,99.8,3148.0,29.5,0,1,Highway,206.4,0.65,2.22,196.56,15.241
CAR176,17.78,10,31.0,1935.0,5.5,1,2,Highway,386.7,0.66,3.68,108.37,14.75
CAR133,44.35,10,60.0,2228.0,,1,1,Highway,250.2,0.66,1.79,103.28,13.305
CAR113,29.77,20,80.3,3619.0,26.8,1,1,City,434.2,0.54,2.29,173.27,28.281499999999998
CAR047,15.77,0,,1244.0,24.0,1,1,City,348.5,0.81,3.66,183.78,14.981499999999999
CAR062,14.85,0,35.9,1526.0,22.2,1,1,Highway,83.9,0.42,2.62,88.87,6.964
CAR130,44.16,20,39.6,1887.0,19.9,0,1,Highway,331.2,0.65,3.86,150.88,20.011
CAR149,4.28,20,63.3,2785.0,27.8,1,0,Highway,249.8,0.2,0.47,25.72,3.381
CAR010,26.42,20,93.1,2038.0,,0,1,Highway,371.0,0.09,4.16,397.97,25.099
CAR120,34.79,20,45.6,3252.0,10.1,0,1,City,122.3,0.08,3.28,144.31,22.54
CAR034,6.8,0,45.1,1910.0,40.4,1,0,Highway,231.4,0.07,3.24,150.1,6.46
CAR059,36.29,20,38.5,2250.0,31.5,0,2,City,,0.54,4.25,159.49,29.226
CAR127,34.39,85,46.4,2540.0,,1,2,City,230.1,0.2,4.42,206.0,32.6705
CAR158,27.67,10,41.4,1537.0,24.6,1,2,City,347.5,0.79,1.36,55.1,7.719
CAR196,24.97,20,69.2,2345.0,38.6,0,1,City,86.6,0.29,3.07,194.51,23.7215
CAR161,16.95,20,37.3,2463.0,13.8,0,1,Highway,411.8,0.49,3.96,141.98,16.1025
CAR166,18.72,10,49.6,1606.0,,1,1,City,410.2,0.85,3.77,192.77,17.784
CAR119,7.89,20,34.1,2946.0,43.1,0,2,City,438.0,0.79,1.88,60.61,7.495499999999999
CAR166,36.86,20,45.4,,29.0,0,1,Rural,84.8,0.23,4.07,179.22,24.269
CAR011,2.05,20,43.9,2248.0,19.6,1,0,Rural,238.1,0.35,2.29,85.67,1.9474999999999998
CAR138,6.5,0,34.4,2035.0,27.3,1,0,City,256.8,0.48,1.45,44.83,3.832
CAR069,39.78,10,64.9,2062.0,24.1,1,2,Highway,254.9,0.21,1.41,88.7,10.707
CAR082,10.35,20,51.1,2112.0,17.7,1,1,City,317.5,0.72,1.79,81.13,9.8325
CAR154,4.43,10,80.2,,26.5,0,2,Rural,276.0,0.41,1.26,88.1,4.2085
CAR193,21.69,85,102.6,2115.0,18.7,1,2,Highway,,0.18,1.36,124.86,20.6055
CAR015,25.55,85,59.5,2507.0,10.0,1,2,City,270.8,0.77,3.81,209.3,24.2725
CAR187,27.34,10,15.4,2899.0,23.1,1,1,Rural,390.0,0.11,2.06,29.6,3.475
CAR044,41.04,10,36.9,1862.0,36.0,1,2,City,84.8,0.41,2.7,87.36,12.958
CAR002,33.69,20,39.8,1488.0,19.1,0,0,Highway,371.4,0.63,1.07,41.2,5.576
CAR189,10.23,20,45.0,2156.0,42.8,1,0,Highway,122.2,0.72,1.88,78.38,9.7185
CAR198,23.51,0,23.7,2203.0,24.2,1,2,City,322.9,0.55,0.45,10.06,1.314
CAR107,29.23,0,31.0,2275.0,32.6,1,1,City,293.3,0.4,0.48,13.98,1.487
CAR005,22.91,10,42.0,1624.0,34.5,0,2,Highway,74.7,0.79,3.37,148.29,17.947
CAR059,37.45,0,51.3,3535.0,24.7,0,1,,349.5,0.81,1.63,76.7,8.701
CAR140,16.01,0,43.2,,29.4,0,2,City,415.1,0.69,2.1,87.64,11.331
CAR158,36.1,85,68.7,2033.0,28.1,1,0,Rural,111.0,0.49,1.58,94.23,29.497
CAR020,2.45,10,66.9,3147.0,35.5,0,1,City,159.1,0.62,4.14,260.4,2.3275
CAR095,19.48,20,44.6,2080.0,25.2,1,1,Rural,107.1,0.72,2.12,98.61,16.684
CAR152,6.61,20,68.2,1603.0,5.0,0,2,Rural,421.1,0.56,1.82,106.02,6.2795
CAR169,20.35,10,56.2,2879.0,31.4,0,2,City,,0.78,4.26,207.86,19.3325
CAR013,21.54,20,28.0,1219.0,24.2,0,2,Highway,,0.05,1.38,33.67,4.318
CAR092,33.14,10,60.2,,32.1,1,2,City,390.6,0.83,2.12,131.92,20.944
CAR191,43.12,20,44.0,1432.0,16.4,1,0,Rural,371.3,0.82,3.02,118.2,18.112
CAR068,2.25,20,34.8,3001.0,23.7,0,0,City,293.7,0.51,4.19,137.39,2.1374999999999997
CAR028,21.33,10,,1501.0,21.8,0,1,Rural,430.7,0.47,0.97,30.15,3.624
CAR181,43.17,10,57.1,2900.0,31.7,1,0,City,363.1,0.3,2.13,108.64,13.555
CAR043,11.46,10,71.8,1502.0,34.5,0,2,Highway,178.0,0.41,2.25,153.44,10.887
CAR181,38.88,20,42.1,2414.0,41.8,0,1,City,291.2,0.38,0.83,33.79,5.803
CAR165,6.1,0,47.2,973.0,33.7,0,0,Highway,368.8,0.15,4.05,169.21,5.794999999999999
CAR107,43.61,10,20.9,2295.0,20.8,0,0,City,274.5,0.26,1.07,20.28,2.348
CAR176,27.13,0,41.8,2423.0,20.0,1,0,City,,0.66,4.46,164.05,15.411
CAR109,9.71,10,18.9,3110.0,29.5,1,2,Highway,179.5,0.17,4.17,69.42,8.671
CAR068,29.77,10,36.2,1796.0,15.3,1,0,Highway,310.1,0.41,0.87,32.26,3.134
CAR098,12.44,10,116.4,1813.0,30.0,0,0,Highway,317.6,0.71,3.99,481.64,11.818
CAR138,19.49,20,20.7,1933.0,36.0,0,2,rural,392.3,0.77,4.1,82.12,14.367
CAR192,16.32,10,23.5,1918.0,13.6,1,2,City,279.5,0.42,0.68,14.65,2.03
CAR144,8.49,10,19.2,1365.0,16.1,0,1,Highway,204.1,0.63,0.24,4.77,0.551
CAR103,35.91,20,19.0,1799.0,42.1,1,2,City,252.4,0.19,3.87,71.99,13.888
CAR077,26.94,10,71.7,2254.0,25.0,0,1,City,156.1,0.89,4.43,271.08,25.593
CAR080,2.01,85,255.77096427402492,2933.0,36.2,0,2,City,296.1,0.09,1.29,68.49,1.9094999999999998
CAR045,40.08,20,48.3,1435.0,32.1,0,0,City,231.4,0.69,4.07,201.09,27.359
CAR193,3.61,10,61.4,1252.0,23.3,1,1,,368.6,0.6,3.49,194.25,3.4294999999999995
CAR189,38.83,20,11.1,1772.0,27.7,1,1,City,372.2,0.72,0.87,9.29,1.624
CAR109,38.56,20,52.0,1854.0,8.9,1,2,City,110.3,0.47,1.59,78.07,13.947
CAR110,23.77,0,62.0,1318.0,33.3,1,2,Rural,239.6,0.46,2.76,154.25,14.213
CAR031,7.09,20,64.2,2895.0,20.8,1,2,Highway,103.0,0.64,4.45,278.97,6.735499999999999
CAR062,23.2,20,43.5,2337.0,39.0,1,2,,128.2,0.49,1.99,75.04,12.405
CAR017,7.41,20,75.7,1336.0,27.8,0,2,City,395.0,0.45,0.38,28.25,5.136
CAR199,43.13,20,66.2,2083.0,17.3,0,2,Highway,128.9,0.43,1.4,89.86,12.846
CAR115,16.46,10,40.2,2012.0,29.3,1,2,City,282.2,0.84,4.02,139.22,15.637
CAR072,41.34,10,49.4,1939.0,23.9,1,1,City,221.6,0.81,4.22,180.67,26.478
CAR003,19.71,20,75.2,1904.0,29.3,0,1,City,305.9,0.69,3.71,237.48,18.7245
CAR185,30.97,20,29.0,2065.0,32.9,1,2,,447.0,0.75,4.0,118.49,22.081
CAR146,40.84,20,14.7,2237.0,35.9,1,2,Highway,372.7,0.53,3.34,45.53,7.716
CAR174,35.83,20,32.8,2067.0,21.5,1,2,Highway,326.4,0.15,2.38,69.89,10.641
CAR054,2.68,20,40.9,1851.0,27.0,1,2,,,0.27,2.78,104.38,2.546
CAR014,38.86,20,58.4,1785.0,31.0,0,0,Rural,79.2,0.59,1.3,77.32,10.654
CAR175,25.63,0,71.1,2393.0,12.6,1,0,Rural,172.2,0.83,1.16,85.68,8.518
CAR161,41.47,20,89.0,2412.0,41.4,0,0,rural,180.1,0.57,1.83,170.01,25.995
CAR051,41.69,0,59.7,1753.0,18.2,1,1,City,369.6,0.62,0.74,41.73,4.813
CAR101,43.51,20,79.7,1447.0,37.3,0,0,City,231.5,0.66,3.9,290.01,41.228
CAR140,25.82,20,38.6,2358.0,37.3,1,0,,77.1,0.54,3.45,118.07,18.751
CAR143,28.36,0,,2640.0,35.7,1,0,Rural,370.3,0.21,3.31,70.32,6.105
CAR139,11.66,0,68.0,,23.8,1,1,Highway,335.4,0.15,3.2,185.81,11.077
CAR057,19.3,10,57.0,2426.0,36.4,1,2,City,447.3,0.9,4.13,214.29,18.335
CAR025,2.02,20,81.3,2774.0,20.5,1,0,City,408.0,0.59,0.68,52.85,1.9189999999999998
CAR073,41.03,20,22.3,2014.0,20.7,1,2,City,102.2,0.55,1.71,39.29,7.175
CAR106,17.25,85,68.2,1944.0,14.7,1,1,Highway,338.0,0.88,2.06,146.68,16.3875
CAR016,13.2,85,68.0,1501.0,21.1,0,0,Rural,190.5,0.79,1.51,103.08,12.54
CAR099,43.36,10,35.0,1476.0,32.6,1,0,City,385.6,0.64,2.83,90.25,12.338
CAR075,16.04,20,54.5,2075.0,23.3,0,0,,370.6,0.58,1.86,86.33,10.438
CAR008,22.37,10,14.8,1436.0,27.5,1,0,Highway,365.8,0.86,3.76,54.98,6.645
CAR075,9.34,85,64.7,2136.0,40.4,1,1,City,448.4,0.07,1.21,73.56,8.873
CAR026,2.01,10,38.4,2426.0,15.9,0,2,City,236.7,0.12,3.09,110.08,1.9094999999999998
CAR061,32.58,0,80.2,2595.0,23.8,0,0,City,102.2,0.21,3.52,277.76,22.73
CAR028,5.97,10,100.7,,6.1,1,1,City,282.0,0.49,3.13,301.52,5.671499999999999
CAR052,3.48,20,94.6,1540.0,30.2,0,1,City,271.1,0.78,0.97,87.11,3.306
CAR154,7.42,0,63.5,1969.0,24.3,0,2,City,259.2,0.38,3.02,186.45,7.0489999999999995
CAR177,25.78,20,41.1,1643.0,29.1,0,1,City,393.9,0.78,2.11,91.0,15.157
CAR011,44.63,10,38.0,2057.0,32.6,1,0,City,417.6,0.5,3.35,124.07,17.144
CAR109,4.65,0,259.02623109205797,1003.0,19.4,1,1,Rural,365.2,0.1,0.26,12.81,1.058
CAR070,10.36,10,52.5,2127.0,26.0,0,2,Rural,444.0,0.39,1.07,48.03,6.775
CAR077,28.32,10,36.1,2466.0,29.5,0,0,Highway,332.8,0.47,2.85,92.27,10.018
CAR087,19.97,20,44.0,2492.0,39.5,0,1,City,237.3,0.17,3.39,142.96,18.9715
CAR162,8.85,20,62.2,1877.0,34.4,1,2,City,236.3,0.62,0.44,26.79,4.843
CAR172,32.17,20,18.9,2231.0,28.5,1,2,Rural,417.2,0.31,4.11,78.28,13.123
CAR064,38.37,10,62.4,2040.0,17.6,0,0,City,440.6,0.61,4.09,256.99,30.34
CAR192,7.93,20,58.4,2809.0,32.6,1,0,City,292.4,0.66,3.3,172.43,7.533499999999999
CAR141,21.81,20,68.0,1818.0,45.3,0,1,Highway,89.3,0.41,3.01,191.05,20.719499999999996
CAR004,3.69,20,29.0,1351.0,29.6,0,2,City,221.4,0.75,2.59,64.27,3.5054999999999996
CAR030,34.41,20,60.5,2677.0,20.8,1,2,Rural,268.1,0.41,2.09,119.03,20.209
CAR046,12.69,0,25.5,2309.0,23.7,1,2,City,203.6,0.34,2.08,54.23,6.245
CAR100,33.4,20,51.3,1656.0,26.4,1,2,City,,0.47,3.26,171.08,28.323
CAR084,6.52,20,30.1,2162.0,27.4,1,2,City,246.0,0.58,3.31,98.47,6.193999999999999
CAR001,17.39,20,61.8,2665.0,,0,0,City,398.7,0.84,1.45,88.83,14.486
CAR165,43.73,10,57.0,2114.0,15.2,0,1,City,384.0,0.59,2.15,104.55,14.648
CAR049,9.97,20,62.0,3334.0,30.6,1,1,City,169.1,0.5,0.89,46.96,7.804
CAR105,32.32,0,82.7,2501.0,18.6,0,2,City,356.4,0.58,1.44,118.94,13.882
CAR064,9.41,10,61.8,2057.0,25.5,1,1,City,,0.7,0.72,38.16,5.805
CAR016,22.42,10,52.8,1789.0,22.0,1,0,,318.5,0.87,4.22,208.58,21.299
CAR114,4.39,0,47.2,1781.0,34.9,0,1,Rural,432.4,0.63,3.89,175.3,4.1705
CAR047,20.03,20,54.0,1155.0,20.7,0,1,City,332.5,0.67,1.23,64.9,10.428
CAR185,26.05,20,44.6,2140.0,29.7,0,1,Highway,320.8,0.34,1.7,71.43,9.496
CAR104,30.19,10,79.8,2365.0,36.3,0,1,City,356.8,0.8,1.45,112.44,16.103
CAR167,43.41,0,33.9,2027.0,31.6,1,2,City,418.0,0.82,4.04,122.78,16.943
CAR072,30.73,10,34.2,2925.0,31.7,0,1,City,285.8,0.67,2.78,81.31,11.209
CAR138,27.51,20,73.6,1865.0,34.5,0,2,Highway,304.9,0.44,3.54,245.22,26.1345
CAR077,44.27,20,71.6,1409.0,34.9,0,1,Highway,,0.49,3.72,258.76,35.761
CAR111,21.82,0,25.4,1893.0,28.3,1,0,City,263.5,0.75,0.28,6.08,0.66
CAR166,39.55,20,61.0,2347.0,39.0,1,0,City,218.1,0.13,1.93,104.45,15.782
CAR092,20.52,85,39.3,,20.6,0,1,City,123.0,0.07,1.37,50.49,16.624
CAR035,19.7,0,42.4,2845.0,30.0,1,1,Rural,246.0,0.67,2.85,114.29,13.269
CAR136,28.29,10,12.1,3105.0,21.9,1,0,City,228.8,0.09,0.58,6.49,0.805
CAR123,41.21,10,53.6,2768.0,26.8,1,1,Highway,370.4,0.51,1.8,97.58,10.923
CAR153,40.68,0,41.4,2163.0,27.8,0,2,Highway,252.9,0.12,1.96,70.38,5.879
CAR179,31.96,10,33.7,2734.0,41.3,1,2,City,128.7,0.39,2.45,84.61,13.253
CAR160,33.61,0,64.5,2627.0,15.8,1,0,,87.1,0.32,1.78,114.34,7.125
CAR020,23.01,20,24.1,1761.0,36.9,1,1,City,315.8,0.41,0.31,6.75,1.145
CAR019,28.44,20,49.3,1843.0,20.2,1,2,Rural,217.1,0.81,0.88,43.23,8.115
CAR061,2.18,10,90.2,2518.0,25.2,0,1,Rural,89.6,0.62,3.35,274.79,2.071
CAR070,29.83,20,76.4,2434.0,25.5,0,0,City,305.1,0.89,4.22,330.34,28.338499999999996
CAR110,10.06,10,37.7,3371.0,48.0,1,0,Highway,72.6,0.17,1.11,39.68,5.345
CAR053,21.26,10,20.5,3302.0,35.0,1,2,City,415.1,0.63,2.32,48.94,7.915
CAR021,42.07,10,31.0,2329.0,38.0,1,0,City,408.9,0.84,2.28,61.22,8.681
CAR019,41.21,10,39.1,2947.0,44.0,1,1,Rural,361.1,0.16,3.14,114.75,17.221
CAR065,43.35,0,51.3,3695.0,23.4,1,1,Highway,294.3,0.23,3.84,193.3,17.614
CAR097,29.93,20,55.5,1951.0,39.2,1,1,City,384.0,0.18,1.13,60.56,10.264
CAR022,15.1,0,64.3,2374.0,27.8,0,1,City,112.9,0.06,3.5,193.79,14.344999999999999
CAR122,13.12,10,84.0,2176.0,12.6,1,2,City,391.2,0.07,3.8,290.13,12.463999999999999
CAR130,31.48,0,82.5,2706.0,29.3,1,2,City,181.6,0.71,3.96,340.29,29.906
CAR079,7.0,20,35.7,6472.450156373039,23.7,1,2,City,212.9,0.72,1.59,52.81,6.6499999999999995
CAR099,38.98,85,47.6,2806.0,31.1,0,1,Highway,405.4,0.4,3.11,151.43,37.031
CAR039,16.39,0,61.6,2258.0,24.0,1,2,Highway,266.6,0.42,3.7,194.68,15.5705
CAR112,10.31,20,80.5,3472.0,32.9,0,2,Highway,224.1,0.06,0.31,22.38,3.392
CAR038,39.07,0,31.5,2257.0,19.0,1,0,Highway,212.4,0.25,3.0,86.1,6.091
CAR048,18.9,20,59.2,1884.0,21.2,0,1,Highway,322.4,0.59,2.86,145.92,17.955
CAR022,7.11,10,52.9,1321.0,32.2,1,0,City,120.9,0.21,0.43,22.26,2.444
CAR157,24.06,20,40.3,1903.0,28.5,1,0,Rural,190.3,0.53,1.4,57.67,8.371
CAR038,18.57,20,40.7,1678.0,22.1,0,2,Rural,307.8,0.61,2.45,97.39,15.801
CAR075,14.55,20,43.2,1670.0,32.7,0,2,Rural,294.4,0.73,1.33,52.46,8.535
CAR065,26.25,10,74.1,1985.0,24.7,1,1,City,146.5,0.3,2.72,189.39,22.644
CAR076,11.98,0,41.2,2681.0,29.7,1,0,Highway,236.7,0.24,3.93,144.37,11.381
CAR170,8.47,0,83.0,1629.0,18.2,1,1,Highway,269.9,0.8,3.4,281.4,8.0465
CAR101,44.57,10,14.2,1538.0,42.7,1,2,Rural,135.1,0.48,2.15,28.05,3.985
CAR100,33.47,20,60.5,1943.0,28.2,0,1,City,330.7,0.12,2.78,150.39,22.432
CAR032,24.86,10,56.2,1992.0,37.4,1,2,City,318.4,0.2,0.98,50.38,7.451
CAR106,36.57,20,23.4,863.0,24.8,0,2,Rural,137.9,0.78,3.38,81.83,13.001
CAR006,26.31,20,52.9,2275.0,38.7,0,2,City,354.6,0.38,2.21,119.44,20.774
CAR116,21.41,20,29.5,2330.0,32.6,0,1,City,405.4,0.43,1.86,49.18,7.318
CAR124,40.96,10,60.2,2499.0,20.5,1,1,Rural,387.6,0.3,1.33,69.93,8.752
CAR052,12.78,20,54.8,2411.0,23.6,1,1,City,416.0,0.65,4.38,223.31,12.140999999999998
CAR080,42.08,85,16.6,2467.0,38.8,1,2,Highway,231.3,0.38,3.23,45.64,15.542
CAR005,29.75,10,77.3,1337.0,18.3,1,1,City,152.8,0.41,0.85,56.15,6.644
CAR164,18.45,0,56.7,2129.0,33.9,1,0,City,114.8,0.53,2.33,137.41,12.996
CAR081,43.51,0,44.8,2743.0,30.0,0,1,Highway,287.0,0.73,1.43,56.03,5.339
CAR193,29.83,20,5.0,2636.0,25.8,1,2,Rural,273.4,0.77,0.47,2.34,0.43
CAR027,28.85,20,36.6,3589.0,23.2,0,2,City,342.7,0.17,3.23,115.34,18.448
CAR016,11.87,0,54.2,,34.5,1,2,City,160.6,0.42,3.07,148.76,11.276499999999999
CAR170,22.27,0,22.3,2770.0,19.5,1,1,Highway,365.8,0.11,0.52,10.51,0.8
CAR156,3.98,0,49.0,2514.0,26.4,1,1,Rural,337.1,0.41,4.02,188.17,3.7809999999999997
CAR090,37.93,85,54.0,1176.0,44.3,1,2,,244.8,0.27,1.37,64.25,22.313
CAR065,39.33,20,30.8,3018.0,37.8,0,2,City,396.4,0.82,3.6,95.68,18.929
CAR060,33.68,10,66.8,2668.0,31.8,1,1,Highway,193.7,0.46,0.75,45.63,5.583
CAR013,17.79,20,35.5,3120.0,31.1,1,2,City,415.4,0.52,3.64,111.62,16.900499999999997
CAR017,2.85,10,5.0,10650.41274189867,42.6,1,2,Rural,270.5,0.43,3.21,13.65,2.186
CAR008,36.6,20,48.6,3153.0,27.6,1,1,Highway,317.3,0.15,0.23,11.37,1.587
CAR120,27.54,10,54.5,1952.0,18.0,0,0,City,265.5,0.28,3.19,159.64,18.536
CAR164,16.76,20,53.2,2461.0,36.1,1,2,City,198.9,0.34,1.11,52.57,9.542
CAR038,34.8,10,38.6,2896.0,35.0,0,2,City,406.5,0.22,0.34,13.24,2.049
CAR062,15.37,85,32.1,3467.0,21.9,1,0,City,261.1,0.3,4.28,140.55,14.601499999999998
CAR005,12.7,10,46.4,2650.0,31.3,0,1,Rural,372.7,0.55,3.58,159.03,12.065
CAR073,6.63,85,45.1,2083.0,28.5,0,0,Rural,286.7,0.82,0.76,33.78,6.2985
CAR130,11.35,20,32.6,2261.0,24.2,0,2,City,122.1,0.07,4.19,140.68,10.782499999999999
CAR045,11.78,20,5.0,1610.0,24.8,0,1,City,447.6,0.38,1.99,9.39,1.473
CAR064,36.17,10,91.1,2238.0,22.4,1,1,City,252.5,0.24,2.34,205.09,26.32
CAR063,38.49,20,59.7,1903.0,31.3,1,2,City,296.4,0.67,1.17,62.39,11.765
CAR165,34.61,10,21.8,1967.0,34.6,0,1,City,262.9,0.33,0.79,15.14,1.931
CAR107,7.83,20,34.9,2615.0,24.1,0,1,City,348.7,0.41,1.22,39.88,6.519
CAR067,12.74,20,21.3,3012.0,20.2,0,1,Highway,370.5,0.24,0.67,12.61,1.756
CAR125,23.07,20,24.6,1255.0,29.7,0,2,City,279.8,0.07,2.79,65.9,10.103
CAR145,19.45,10,33.7,1606.0,43.3,0,1,Rural,254.9,0.65,3.73,109.66,15.984
CAR194,2.34,0,10.0,1426.0,33.9,1,1,Highway,382.4,0.44,4.2,40.46,2.223
CAR027,36.39,20,68.3,3251.0,,0,0,City,131.7,0.3,4.37,288.59,34.570499999999996
CAR141,6.22,10,46.2,1677.0,32.3,0,2,City,287.2,0.17,4.39,179.06,5.909
CAR063,33.89,20,28.5,2332.0,22.6,0,0,City,404.1,0.63,4.49,116.22,17.993
CAR058,14.24,10,71.8,3020.0,28.2,1,2,City,172.6,0.16,0.47,32.12,4.445
CAR079,33.89,20,68.5,2358.0,18.8,0,0,Highway,132.6,0.32,1.81,127.34,15.094
CAR200,10.92,0,66.2,2914.0,25.5,1,1,Rural,290.7,0.79,2.16,143.28,10.373999999999999
CAR006,20.63,0,80.4,2524.0,34.8,0,1,City,228.1,0.89,2.65,212.09,19.598499999999998
CAR094,7.78,20,51.6,2557.0,16.6,0,1,City,320.4,0.85,1.54,78.22,7.391
CAR050,40.63,20,45.2,2295.0,34.0,1,1,Highway,216.2,0.54,4.32,193.87,30.104
CAR148,12.23,20,29.5,1155.0,33.7,1,0,Rural,81.0,0.45,3.35,102.89,11.6185
CAR197,32.99,10,52.5,974.0,27.3,0,2,City,260.2,0.1,1.48,67.65,8.692
CAR068,7.85,0,37.5,2481.0,33.3,0,2,Highway,252.1,0.6,1.65,53.32,5.518
CAR134,36.66,10,51.7,2421.0,35.2,0,2,City,73.1,0.42,2.17,104.03,14.652
CAR155,18.64,20,17.2,2396.0,38.6,0,1,City,195.7,0.47,2.21,33.29,5.726
CAR136,10.04,20,8.2,2866.0,30.8,1,1,Highway,319.1,0.13,0.27,2.05,0.288
CAR111,39.48,20,7.4,2684.0,27.9,0,2,City,348.7,0.87,3.74,28.38,5.462
CAR194,35.35,10,27.8,2045.0,37.6,1,0,City,222.8,0.14,1.88,52.13,6.211
CAR147,23.46,0,66.9,2745.0,14.0,1,2,Highway,84.4,0.55,2.35,134.3,14.194
CAR065,14.89,85,69.6,1578.0,42.4,1,2,Rural,102.3,0.08,1.2,87.2,14.1455
CAR020,30.97,20,56.5,2482.0,23.0,0,1,Rural,165.0,0.42,4.18,211.17,29.421499999999998
CAR059,23.78,10,36.1,1460.0,42.3,0,0,Highway,352.0,0.34,2.25,69.15,7.308
CAR132,38.35,20,77.4,1689.0,27.3,0,0,Highway,352.0,0.14,2.1,159.98,17.454
CAR090,13.52,10,57.5,2063.0,19.3,1,0,City,338.1,0.6,3.77,191.08,12.844
CAR050,27.29,85,54.0,3093.0,21.6,0,1,Highway,85.2,0.5,4.14,216.0,25.9255
CAR017,38.77,20,63.3,1807.0,25.2,0,1,,148.5,0.68,2.37,130.57,20.235
CAR119,41.04,10,32.7,1572.0,38.9,0,2,City,94.6,0.46,2.66,85.8,11.995
CAR013,38.67,20,20.3,2399.0,27.1,1,0,Rural,230.7,0.75,4.2,85.41,12.885
CAR042,2.61,10,57.4,1594.0,34.2,1,2,Highway,179.8,0.1,2.6,147.79,2.4795
CAR173,3.58,10,34.0,2521.0,27.0,0,0,City,410.2,0.46,0.82,23.91,2.789
CAR095,18.15,85,49.4,2489.0,17.9,0,0,,351.3,0.37,1.28,60.37,17.242499999999996
CAR018,20.36,10,101.6,2546.0,29.6,0,1,Rural,123.8,0.77,3.01,269.6,19.342
CAR172,33.93,20,46.6,3498.0,39.8,1,1,Rural,434.0,0.38,4.44,216.55,32.2335
CAR044,25.83,20,31.9,3380.0,39.9,1,0,City,422.0,0.25,0.82,25.62,4.14
CAR020,8.85,85,86.0,878.0,22.5,0,0,Rural,,0.08,3.17,231.87,8.407499999999999
CAR177,26.39,20,45.8,2015.0,34.1,1,1,City,351.2,0.84,2.12,95.82,17.012
CAR192,32.28,10,88.0,1888.0,39.3,0,0,Highway,272.2,0.49,1.95,164.65,17.581
CAR111,23.92,20,20.0,1729.0,18.4,1,2,City,181.8,0.35,0.93,18.66,3.408
CAR105,2.51,0,15.9,2979.0,39.1,1,2,Highway,373.2,0.74,2.39,33.92,2.3844999999999996
CAR010,38.4,10,60.6,,28.3,1,0,City,398.5,0.28,0.8,42.65,5.631
CAR177,4.45,0,45.3,2020.0,34.4,0,0,,447.3,0.46,3.95,156.22,4.2275
CAR123,27.26,20,50.2,2696.0,17.4,1,2,Rural,335.1,0.06,1.84,91.1,14.885
CAR077,15.1,20,55.8,2202.0,21.6,1,2,Rural,307.9,0.67,1.47,73.97,12.554
CAR060,24.49,0,45.4,1903.0,25.1,1,1,Highway,150.0,0.87,1.63,64.4,6.12
CAR014,30.39,20,5.0,,27.1,0,2,Highway,405.5,0.12,0.81,3.6,0.514
CAR199,22.67,0,117.1,2581.0,41.2,1,2,City,106.5,0.85,3.02,313.86,21.5365
CAR089,13.35,20,56.8,1485.0,37.0,0,0,Rural,332.7,0.46,2.29,132.42,12.6825
CAR158,3.12,10,61.5,1661.0,21.6,0,1,city,117.1,0.17,1.32,71.49,2.964
CAR013,34.28,20,58.1,2377.0,23.6,0,1,City,353.0,0.51,4.34,257.53,32.566
CAR045,12.25,20,13.5,2523.0,33.3,1,2,City,177.9,0.69,0.21,2.62,0.506
CAR119,17.83,20,141.83662564286837,1728.0,30.1,1,1,City,299.1,0.32,3.91,115.21,16.938499999999998
CAR032,8.96,0,35.4,1921.0,40.4,0,1,City,260.2,0.74,0.9,29.64,3.493
CAR150,18.32,20,90.1,1377.0,25.6,0,1,Highway,278.1,0.65,3.47,304.99,17.404
CAR038,19.21,0,24.0,2444.0,36.8,1,0,City,145.6,0.83,2.5,55.01,5.933
CAR132,8.72,85,31.3,1835.0,26.2,0,0,Rural,203.1,0.36,1.25,40.12,8.284
CAR119,17.93,20,38.5,2508.0,29.0,1,1,City,201.8,0.8,2.12,77.76,13.903
CAR139,44.3,85,61.5,1976.0,24.6,1,0,City,422.4,0.84,1.37,75.7,25.855
CAR189,3.9,20,31.9,3212.0,24.8,1,0,Rural,351.3,0.23,3.9,114.56,3.7049999999999996
CAR140,42.34,0,81.6,2470.0,31.2,1,2,Rural,88.7,0.69,2.99,255.22,32.448
CAR106,32.44,0,15.8,1970.0,14.0,0,1,City,390.4,0.58,3.92,57.46,6.228
CAR114,39.46,20,45.0,1459.0,41.3,1,2,Highway,408.1,0.4,0.8,32.17,5.385
CAR150,43.37,0,43.2,3252.0,32.0,1,1,Rural,213.8,0.36,1.55,65.34,6.462
CAR093,21.64,10,63.8,1763.0,23.8,0,0,City,222.4,0.88,4.07,241.99,20.558
CAR045,5.38,20,28.4,2349.0,37.9,1,1,Rural,447.7,0.45,3.09,82.15,5.111
CAR015,12.76,10,60.0,2066.0,35.4,1,1,Highway,415.4,0.17,1.39,78.06,7.937
CAR152,8.7,20,52.2,2598.0,33.6,1,1,Highway,301.2,0.81,3.01,150.04,8.264999999999999
CAR087,34.6,20,8.9,2159.0,25.3,0,0,City,210.8,0.44,2.98,26.72,4.031
CAR032,20.55,10,38.6,3552.0,44.1,1,1,City,335.2,0.1,1.0,38.32,6.103
CAR122,17.3,20,44.7,1304.0,20.7,1,1,Rural,,0.55,2.76,114.01,16.435
CAR187,10.75,20,69.5,1822.0,26.7,0,2,Highway,169.9,0.29,3.37,204.02,10.2125
CAR014,36.69,10,57.9,2196.0,36.7,0,1,City,430.0,0.88,3.09,156.96,23.882
CAR186,8.72,20,48.0,,25.9,0,1,Rural,81.2,0.71,2.14,96.33,8.284
CAR068,17.15,20,41.3,2021.0,32.7,0,0,City,331.4,0.47,3.51,137.69,16.292499999999997
CAR069,14.47,20,96.9,2431.0,28.6,1,1,Highway,256.7,0.8,3.7,342.25,13.7465
CAR144,41.74,10,62.7,2163.0,24.1,0,2,Highway,209.6,0.85,1.09,70.49,9.131
CAR130,25.59,20,48.5,1834.0,41.0,0,2,City,322.1,0.68,0.83,40.71,7.597
CAR022,14.39,10,31.2,2564.0,38.8,1,2,Highway,164.9,0.53,1.97,59.39,8.537
CAR018,15.61,20,68.6,1961.0,25.0,1,1,Rural,391.9,0.7,0.98,63.69,11.641
CAR191,17.32,20,77.3,3576.0,34.8,0,1,City,189.8,0.08,3.12,220.32,16.454
CAR039,2.28,0,46.2,2683.0,27.4,1,2,Rural,382.2,0.81,2.56,116.89,2.166
CAR138,15.15,10,37.8,1271.0,33.1,0,2,City,173.0,0.64,3.92,153.82,14.3925
CAR082,15.39,10,32.6,1909.0,31.0,1,2,Highway,423.4,0.27,2.86,94.36,11.365
CAR068,31.54,10,30.4,1715.0,33.1,1,2,city,320.6,0.31,2.32,72.08,10.075
CAR149,35.6,20,34.0,2810.0,26.6,1,1,City,254.9,0.37,4.39,138.94,21.309
CAR158,16.43,20,80.6,2522.0,20.1,0,2,Rural,71.2,0.12,1.39,106.02,14.995
CAR027,27.91,20,49.3,1563.0,29.6,1,0,City,416.2,0.39,1.2,60.88,9.653
CAR133,15.2,10,32.8,1687.0,21.9,1,0,City,114.6,0.42,1.0,30.36,3.966
CAR099,27.58,85,40.4,935.0,,0,2,City,,0.33,3.93,140.47,26.200999999999997
CAR010,31.61,10,34.8,7007.165520709653,22.6,1,0,City,241.7,0.08,1.04,35.12,3.866
CAR103,28.14,10,61.9,1337.0,,0,1,Highway,178.9,0.23,0.33,20.04,1.898
CAR175,7.91,20,47.0,,41.5,1,1,Highway,221.4,0.49,0.95,41.47,6.417
CAR194,21.82,10,35.5,2893.0,23.7,1,1,City,429.9,0.76,2.11,64.07,9.66
CAR155,30.41,20,37.5,1569.0,19.5,1,2,Rural,413.3,0.48,2.93,98.42,16.757
CAR134,39.52,20,69.5,2105.0,31.7,1,0,,338.7,0.47,1.9,131.58,17.856
CAR095,40.17,10,5.0,2676.0,34.3,1,0,Rural,295.8,0.81,2.48,11.26,1.423
CAR190,21.75,20,58.9,2234.0,21.8,1,1,City,234.8,0.75,0.31,18.35,3.222
CAR104,42.28,0,22.8,2418.0,20.7,1,2,Rural,424.4,0.41,0.31,6.15,0.683
CAR177,34.5,85,61.3,2739.0,29.8,0,2,Rural,426.9,0.82,3.43,188.7,32.775
CAR113,31.37,10,62.9,,24.9,0,1,City,100.8,0.87,2.19,128.98,19.056
CAR079,42.98,10,52.5,2258.0,21.4,1,1,Highway,439.2,0.53,0.64,34.26,4.068
CAR108,5.77,85,84.3,2755.0,16.9,1,2,City,93.1,0.57,3.93,347.07,5.4815
CAR058,38.48,10,50.4,1375.0,5.1,0,2,City,392.7,0.26,1.22,53.24,6.857
CAR195,30.05,85,5.0,2153.0,31.0,1,1,City,79.3,0.74,3.98,19.42,6.772
CAR141,39.18,10,99.0,1749.0,38.0,1,1,Highway,311.5,0.27,1.09,105.3,12.159
CAR021,33.19,0,90.4,2430.0,11.6,1,2,Rural,107.0,0.84,2.78,241.27,28.722
CAR071,10.3,0,14.6,1492.0,16.6,0,2,Highway,285.4,0.23,1.02,13.68,1.106
CAR187,3.46,0,80.6,1982.0,20.0,1,0,City,172.0,0.63,2.96,224.07,3.287
CAR165,18.88,0,52.1,1988.0,25.1,1,2,City,101.6,0.39,4.44,234.78,17.936
CAR138,26.19,10,66.1,2167.0,24.1,0,1,,258.1,0.21,0.55,38.15,4.791
CAR012,36.4,0,31.2,3164.0,41.7,1,1,,,0.09,3.39,103.09,12.583
CAR134,28.14,10,75.1,1742.0,21.7,0,0,City,116.4,0.44,1.77,122.75,13.791
CAR129,27.14,10,46.8,1267.0,,1,1,City,175.2,0.61,1.44,62.99,7.957
CAR057,18.94,85,65.7,2520.0,31.1,0,1,Highway,184.5,0.52,1.8,110.44,17.993000000000002
CAR107,25.2,0,40.6,2825.0,40.9,0,2,Highway,154.3,0.33,3.67,146.22,14.12
CAR132,9.39,10,5.4,2961.0,31.6,0,0,City,286.7,0.78,3.51,18.24,2.36
CAR021,23.56,20,69.6,2649.0,28.3,0,0,City,393.7,0.15,3.3,209.35,22.381999999999998
CAR030,24.58,85,37.4,2216.0,25.3,1,0,Highway,335.7,0.79,1.74,64.25,21.078
CAR166,14.91,20,52.2,2324.0,32.4,1,1,City,228.7,0.49,1.24,58.88,10.102
CAR103,40.44,10,61.5,3017.0,32.4,0,1,City,274.9,0.38,2.81,158.05,19.599
CAR055,2.88,0,33.4,1846.0,27.5,1,0,City,,0.41,1.94,59.7,2.7359999999999998
CAR006,24.03,0,55.2,1937.0,23.8,1,1,City,283.0,0.57,3.87,209.0,20.56
CAR148,19.32,0,31.8,3309.0,22.2,1,2,Rural,110.5,0.46,1.61,46.67,5.431
CAR105,33.8,0,49.8,2644.0,33.5,0,0,Highway,367.4,0.37,1.7,75.85,5.408
CAR086,33.94,20,36.2,2914.0,9.3,1,1,Rural,285.0,0.25,3.02,110.89,17.167
CAR181,18.14,0,82.6,1243.0,28.5,0,1,Rural,282.3,0.64,4.01,337.61,17.233
CAR088,31.19,85,50.5,,29.4,0,0,City,233.4,0.85,2.83,140.58,29.6305
CAR081,13.87,85,51.0,2431.0,17.9,1,1,City,140.5,0.57,2.68,126.96,13.176499999999999
CAR154,7.34,20,36.2,2809.0,21.9,1,0,City,367.6,0.59,2.67,101.09,6.973
CAR185,25.2,10,71.4,772.0,25.1,1,1,Highway,134.6,0.67,4.44,270.28,23.939999999999998
CAR061,35.7,10,67.1,2481.0,36.0,1,0,Rural,440.3,0.85,3.52,237.71,31.646
CAR073,32.89,20,49.4,1866.0,26.0,1,1,Rural,116.4,0.77,2.81,140.4,22.966
CAR100,19.59,20,34.7,,24.0,1,2,City,180.1,0.61,3.89,118.3,18.6105
CAR106,12.82,20,47.2,2012.0,26.7,1,1,City,151.9,0.71,2.05,97.96,12.179
CAR031,42.85,10,34.1,2743.0,7.5,1,1,City,164.8,0.79,1.98,61.2,8.558
CAR153,15.93,0,58.8,1711.0,22.8,0,1,City,215.2,0.42,2.09,121.99,11.593
CAR128,8.3,20,19.3,2386.0,32.0,0,0,City,250.8,0.18,3.16,52.26,7.341
CAR114,34.04,0,71.9,1311.0,35.4,0,2,Highway,225.0,0.25,2.69,188.72,14.154
CAR154,32.07,20,103.5,1633.0,26.8,1,0,highway,449.7,0.62,2.74,257.94,30.4665
CAR102,41.37,10,,700.0,36.6,1,2,Highway,77.3,0.82,2.25,39.66,5.136
CAR036,21.58,10,102.0,805.0,34.8,1,1,City,102.0,0.37,0.32,29.11,3.717
CAR051,6.39,85,,1429.0,28.6,0,1,Highway,239.2,0.86,0.81,42.03,6.070499999999999
CAR146,14.08,10,49.8,1433.0,,1,0,City,150.1,0.57,2.95,153.81,13.376
CAR111,32.84,10,66.2,3133.0,25.6,1,2,City,195.2,0.27,2.94,183.68,27.758
CAR032,35.88,20,174.3892938231988,1374.0,36.6,0,2,City,355.6,0.68,0.72,23.14,4.055
CAR087,8.66,10,28.1,2221.0,28.5,0,1,Highway,407.4,0.13,1.81,50.06,5.428
CAR143,31.68,20,,1279.0,27.7,0,2,City,291.4,0.88,3.99,175.25,30.016
CAR195,39.64,20,51.6,1731.0,30.3,0,0,Rural,125.0,0.34,1.36,72.52,8.875
CAR008,29.52,10,65.7,2619.0,14.9,0,2,Highway,418.5,0.87,3.88,222.32,28.043999999999997
CAR088,8.83,20,77.6,1797.0,43.3,0,1,Highway,,0.25,4.08,304.49,8.3885
CAR026,18.97,20,59.7,2801.0,29.1,1,1,City,109.3,0.65,0.54,32.12,5.675
CAR046,34.92,0,62.9,2792.0,35.7,1,0,Rural,396.1,0.58,1.29,83.04,8.3
CAR111,27.72,10,58.0,2191.0,31.6,0,0,Rural,401.0,0.39,2.84,164.23,18.296
CAR135,32.57,10,28.8,2396.0,26.1,0,0,City,108.2,0.27,0.64,15.74,1.787
CAR088,36.91,20,72.8,2447.0,23.7,1,1,Highway,260.3,0.16,1.39,103.57,15.024
CAR057,21.66,10,52.4,2529.0,25.3,1,1,Rural,305.4,0.18,2.51,136.54,16.768
CAR130,37.42,20,55.1,1266.0,35.8,0,0,City,82.0,0.25,2.54,129.44,16.241
CAR103,16.71,85,59.1,1231.0,18.8,0,1,City,442.5,0.57,2.88,159.24,15.8745
CAR152,13.02,20,24.2,3378.0,30.3,0,1,City,434.7,0.52,4.04,92.67,12.369
CAR134,26.28,85,63.4,1899.0,,0,2,Rural,82.4,0.37,1.59,92.03,24.966
CAR182,9.01,85,87.7,1867.0,31.9,1,1,City,187.5,0.52,1.29,102.62,8.5595
CAR117,9.49,20,71.0,2342.0,35.4,0,2,Highway,441.3,0.53,1.22,74.01,9.0155
CAR196,22.84,20,32.0,2729.0,10.8,1,2,City,108.0,0.73,1.69,51.02,9.587
CAR071,14.95,0,22.2,,32.9,0,0,City,340.2,0.62,4.34,96.29,9.917
CAR078,7.03,20,46.9,2884.0,36.9,0,0,City,316.3,0.22,1.36,54.91,6.6785
CAR015,12.19,85,77.7,2917.0,37.2,0,2,Highway,299.9,0.42,1.67,112.24,11.580499999999999
CAR149,15.42,20,42.8,3060.0,13.7,1,1,Highway,238.0,0.82,3.05,114.27,14.649
CAR168,6.47,20,54.2,3293.0,29.9,1,0,Highway,193.9,0.21,1.7,95.81,6.1465
CAR167,29.58,0,39.4,3146.0,33.3,0,2,Rural,124.5,0.53,2.5,94.3,10.631
CAR079,7.52,0,5.0,2603.0,23.3,1,0,,99.9,0.11,2.9,13.58,1.22
CAR107,9.58,10,50.0,2795.0,25.2,1,0,Rural,124.3,0.88,1.67,86.62,9.100999999999999
CAR069,3.7,20,23.1,2185.0,31.6,0,1,Highway,289.7,0.64,2.12,47.34,3.515
CAR004,32.72,0,53.8,2460.0,33.1,0,1,City,297.6,0.44,1.47,77.4,7.548
CAR144,20.46,10,52.0,2797.0,22.9,1,1,City,135.8,0.51,3.47,182.02,19.437
CAR047,21.45,20,63.7,1700.0,31.2,1,2,Rural,197.3,0.68,3.06,178.22,20.377499999999998
CAR024,44.51,20,54.5,2274.0,24.8,1,1,City,444.4,0.51,3.71,209.06,36.031
CAR051,15.65,0,74.0,2798.0,31.3,1,1,Highway,176.4,0.28,3.38,257.22,14.8675
CAR010,3.05,85,46.5,1419.0,14.7,1,0,Rural,,0.39,4.11,197.58,2.8974999999999995
CAR029,26.14,85,62.9,1931.0,31.1,0,0,City,445.4,0.08,2.62,152.02,24.833
CAR187,35.26,0,72.0,2538.0,25.6,1,1,Highway,92.7,0.17,1.09,66.79,5.293
CAR077,34.32,20,61.0,1451.0,12.5,1,2,City,178.5,0.84,3.18,187.45,32.604
CAR071,35.42,20,60.8,1602.0,23.8,1,1,City,282.7,0.56,3.59,218.63,33.649
CAR045,19.49,85,62.0,2807.0,27.7,0,1,City,206.7,0.4,4.4,232.11,18.5155
CAR152,38.1,85,43.4,3011.0,7.4,0,2,Rural,441.0,0.74,3.75,161.24,36.195
CAR165,43.23,10,56.4,2479.0,30.4,1,0,City,112.9,0.3,1.57,87.09,10.584
CAR173,26.47,10,46.8,,15.9,1,1,City,85.0,0.21,1.14,46.09,6.129
CAR182,13.56,10,56.6,8539.484176719054,,0,2,City,358.2,0.61,1.89,97.85,12.356
CAR182,30.86,20,68.6,,32.3,0,2,Highway,267.0,0.55,2.9,196.69,29.316999999999997
CAR059,31.9,20,45.0,1702.0,37.2,0,2,Rural,420.9,0.86,4.09,190.32,30.304999999999996
CAR130,11.31,20,70.4,3311.0,27.0,1,2,Rural,192.5,0.06,0.35,22.23,3.711
CAR046,14.57,20,73.1,2253.0,29.6,1,2,Highway,409.9,0.55,1.94,130.46,13.8415
CAR059,40.72,20,62.0,1341.0,31.7,0,1,City,120.8,0.61,1.69,99.82,14.735
CAR080,2.44,20,37.1,6711.874946374508,29.4,1,0,Highway,255.2,0.73,1.75,65.14,2.318
CAR162,27.24,0,60.4,1694.0,22.3,0,1,Rural,359.3,0.29,3.51,209.31,16.649
CAR142,35.76,10,52.7,1963.0,38.0,0,0,,92.0,0.82,0.76,38.46,5.191
CAR072,17.26,0,49.6,2098.0,32.0,1,2,City,201.9,0.85,3.22,138.45,16.395
CAR053,36.16,20,55.8,2074.0,22.4,1,0,City,278.1,0.51,0.91,52.41,7.944
CAR077,35.72,20,49.9,1067.0,32.0,0,2,Highway,375.2,0.14,1.47,63.31,8.379
CAR032,42.81,10,54.3,2394.0,43.4,1,0,City,112.4,0.87,3.19,180.86,27.82
CAR139,22.66,20,39.4,3529.0,29.3,1,2,City,399.3,0.11,0.44,14.91,2.668
CAR078,31.56,20,61.0,999.0,40.3,0,1,City,138.8,0.27,1.51,80.79,11.993
CAR007,15.16,0,56.6,1680.0,31.6,1,2,Highway,374.6,0.9,3.8,207.47,14.402
CAR080,41.12,20,20.1,3364.0,12.3,1,2,City,212.1,0.08,3.04,56.13,9.661
CAR068,11.7,20,36.7,2020.0,33.7,0,1,City,380.9,0.56,1.06,37.43,6.337
CAR038,14.44,20,57.4,2298.0,23.1,1,1,City,283.0,0.53,1.11,61.5,10.545
CAR081,44.58,10,74.3,1658.0,28.3,1,2,City,128.5,0.63,2.54,166.13,24.471
CAR077,35.79,20,29.8,2909.0,20.2,0,2,City,80.0,0.34,0.4,12.11,1.947
CAR067,19.27,20,16.8,700.0,,1,2,Rural,313.5,0.67,4.24,60.94,11.089
CAR101,31.7,10,38.7,2424.0,32.9,1,0,City,168.8,0.26,1.41,51.15,6.213
CAR086,32.47,0,67.2,2259.0,30.8,1,2,Rural,97.4,0.84,3.94,239.21,30.121
CAR125,39.28,20,22.2,2342.0,16.2,1,0,Highway,101.5,0.16,3.53,79.81,9.591
CAR127,36.67,20,50.7,3081.0,19.3,1,2,Highway,102.3,0.47,2.05,93.5,15.241
CAR050,2.21,85,78.6,1812.0,36.8,1,1,Rural,271.0,0.09,1.9,135.97,2.0995
CAR067,39.48,10,27.9,1308.0,32.6,1,2,Rural,367.4,0.26,4.39,104.28,12.787
CAR125,16.2,10,31.1,3239.0,26.5,1,0,Rural,168.6,0.61,3.66,102.21,13.032
CAR002,28.93,0,63.4,2958.0,37.0,1,2,Highway,357.1,0.49,2.95,189.04,21.151
CAR141,38.73,10,45.5,2361.0,33.4,0,1,City,164.5,0.11,2.44,94.94,10.857
CAR144,8.54,0,43.4,9541.07788155853,35.1,1,2,Highway,350.7,0.78,1.02,41.07,4.893
CAR173,29.35,20,33.8,2728.0,33.9,0,1,Highway,202.2,0.65,1.12,39.08,6.124
CAR116,26.12,0,55.1,2137.0,30.8,1,1,Rural,251.8,0.71,0.68,38.75,4.014
CAR106,36.67,20,43.9,2021.0,24.7,1,1,City,129.9,0.23,3.54,139.66,22.107
CAR162,33.26,0,16.6,2723.0,27.2,0,0,City,351.3,0.47,1.97,30.84,2.842
CAR168,26.55,85,52.8,2060.0,39.8,0,0,Highway,379.5,0.54,2.42,130.19,25.2225
CAR123,40.24,20,41.6,1554.0,12.7,0,0,City,383.1,0.57,0.49,20.39,3.115
CAR116,25.9,20,331.57217732250865,3232.0,34.8,1,2,Rural,392.3,0.17,0.6,37.58,5.979
CAR111,29.22,20,28.6,1825.0,22.9,1,1,City,257.1,0.65,1.74,46.32,8.279
CAR096,34.83,10,,1495.0,29.7,1,1,City,,0.69,2.49,121.13,16.487
CAR128,6.68,20,31.6,1977.0,41.4,1,0,City,376.5,0.36,0.44,14.04,2.425
CAR005,33.98,10,51.9,1788.0,22.5,1,1,City,159.3,0.58,4.15,184.02,25.421
CAR058,34.13,10,27.7,3219.0,19.1,0,2,City,328.6,0.8,2.37,60.6,9.561
CAR034,41.17,20,36.1,1728.0,39.3,1,0,Highway,363.8,0.51,2.76,97.94,13.953
CAR025,37.39,20,60.7,3007.0,29.6,0,1,Highway,233.6,0.34,2.12,117.69,17.497
CAR151,32.31,20,57.5,2103.0,17.8,1,1,City,296.6,0.26,3.25,190.58,29.768
CAR133,26.09,85,49.1,1409.0,28.1,1,0,City,269.5,0.13,4.14,190.97,24.7855
CAR101,38.14,10,101.7,2072.0,19.5,0,0,,323.5,0.57,2.61,272.34,34.891
CAR057,39.86,10,51.5,,23.4,0,1,Rural,237.4,0.73,0.69,30.87,3.916
CAR069,18.54,10,34.7,1512.0,24.7,0,2,Rural,302.9,0.37,1.91,59.07,7.579
CAR015,28.49,10,24.2,1996.0,44.5,1,1,City,298.5,0.47,0.79,18.87,2.969
CAR120,15.95,10,16.6,2534.0,22.7,1,0,City,271.3,0.9,0.87,15.09,2.102
CAR157,44.42,20,53.9,2648.0,11.7,0,0,Highway,393.8,0.62,3.61,186.85,23.262
CAR072,33.95,0,52.6,2296.0,32.4,0,0,Rural,182.5,0.12,3.64,173.0,10.839
CAR198,11.68,10,59.5,2934.0,,1,0,City,144.2,0.67,1.83,101.57,11.096
CAR076,5.43,20,43.9,3004.0,,1,1,Highway,308.3,0.28,3.63,166.59,5.158499999999999
CAR065,35.16,20,21.7,2901.0,33.3,0,0,City,209.3,0.23,4.05,75.6,10.538
CAR104,19.54,20,27.0,3021.0,36.9,1,1,City,146.5,0.07,4.19,101.9,16.077
CAR067,4.73,10,60.9,1441.0,24.3,1,1,Highway,91.2,0.47,4.02,212.94,4.4935
CAR008,19.4,10,71.3,2781.0,25.6,1,1,City,81.9,0.2,2.19,155.8,18.429999999999996
CAR192,33.5,20,28.6,2552.0,13.1,1,2,City,168.4,0.71,0.91,27.06,4.899
CAR123,24.35,10,44.7,1688.0,33.8,1,2,City,149.8,0.21,3.84,151.39,19.742
CAR090,21.57,10,53.2,1846.0,28.5,1,2,City,333.5,0.41,3.68,200.18,20.4915
CAR179,3.3,10,40.2,1991.0,28.7,0,1,City,368.7,0.54,1.99,69.59,3.135
CAR123,31.6,85,45.3,1873.0,9.0,1,2,Highway,353.6,0.56,2.2,96.92,30.02
CAR010,37.9,85,31.3,2602.0,22.6,1,0,City,288.9,0.36,4.42,140.39,36.004999999999995
CAR163,41.98,20,36.0,1574.0,28.8,1,0,City,336.3,0.66,3.13,107.65,17.354
CAR029,33.39,10,29.6,1966.0,27.5,1,1,City,246.3,0.88,1.97,57.13,8.093
CAR089,3.92,20,48.9,1702.0,17.7,0,0,Highway,113.5,0.58,3.48,166.48,3.7239999999999998
CAR157,6.36,85,62.5,2497.0,41.4,0,0,Rural,70.4,0.48,2.07,130.36,6.042
CAR149,17.56,85,54.6,1909.0,19.8,1,2,City,312.7,0.43,2.76,137.98,16.682
CAR192,25.74,20,25.2,1929.0,23.3,0,2,City,206.0,0.73,2.94,73.78,13.273
CAR173,35.28,20,84.4,2863.0,26.3,0,0,Rural,75.2,0.69,2.3,165.54,23.183
CAR001,25.52,10,64.0,2770.0,20.2,1,0,Highway,289.7,0.71,2.26,127.28,15.198
CAR027,24.53,20,,2151.0,30.2,0,0,City,136.6,0.06,2.2,97.21,12.653
CAR005,15.32,85,50.0,1253.0,23.5,1,0,City,277.5,0.9,0.95,48.2,14.554
CAR117,24.54,20,45.4,1350.0,,1,1,Rural,100.1,0.44,0.86,38.14,5.555
CAR026,17.32,20,27.1,2728.0,48.0,1,0,Rural,445.9,0.41,1.78,49.81,8.721
CAR110,12.59,20,89.1,1993.0,28.6,0,2,City,215.7,0.08,2.04,167.4,11.9605
CAR109,30.97,20,48.9,2726.0,33.1,0,2,Rural,232.3,0.76,2.82,128.34,22.617
CAR198,35.39,85,52.7,,26.2,1,0,City,367.1,0.2,0.45,23.54,7.595
CAR003,30.32,20,13.0,1755.0,28.3,1,2,,214.5,0.18,0.36,4.85,0.833
CAR019,12.13,10,37.1,2035.0,27.0,1,1,Rural,72.3,0.39,1.72,54.53,6.579
CAR052,29.75,20,82.3,2763.0,22.3,0,2,City,261.1,0.22,4.24,310.13,28.2625
CAR162,37.07,20,52.0,2697.0,34.3,0,2,Rural,256.1,0.62,4.05,181.18,30.486
CAR036,38.14,85,29.1,1766.0,27.3,1,2,Highway,281.6,0.33,1.98,51.67,17.697
CAR149,23.07,10,47.9,2051.0,23.2,1,2,,406.1,0.29,2.27,94.98,14.586
CAR106,10.41,20,60.0,1632.0,31.2,0,2,Highway,,0.79,1.29,78.06,9.8895
CAR144,37.96,20,37.7,1708.0,30.4,0,1,City,301.2,0.7,3.64,120.6,19.768
CAR188,36.29,20,82.3,2435.0,27.6,0,1,Rural,400.4,0.07,3.75,290.53,34.4755
CAR137,41.97,20,25.8,2163.0,30.2,1,1,Highway,403.8,0.76,1.41,37.98,5.597
CAR151,17.74,20,45.8,2720.0,27.8,1,2,City,239.9,0.17,3.49,139.63,16.852999999999998
CAR018,9.14,10,24.7,2372.0,22.0,0,2,City,303.4,0.39,4.26,97.97,8.683
CAR117,17.85,85,58.3,2222.0,18.8,1,2,City,403.6,0.24,0.86,42.7,15.24
CAR092,18.8,10,52.3,2700.0,26.7,1,0,City,397.2,0.12,3.49,181.52,17.86
CAR121,14.83,85,52.8,1726.0,23.8,1,1,City,160.7,0.24,1.77,94.51,14.0885
CAR050,31.88,20,41.3,2030.0,21.1,0,1,City,394.2,0.62,0.39,16.23,2.584
CAR020,18.47,10,39.5,,28.1,0,1,Rural,,0.45,2.66,94.56,10.944
CAR037,12.91,10,43.5,2301.0,13.7,1,1,Highway,159.6,0.59,1.65,63.39,7.918
CAR158,21.68,20,52.4,2172.0,27.4,1,2,Highway,162.7,0.41,0.93,47.82,7.305
CAR031,30.11,20,73.1,1722.0,40.9,0,2,City,103.9,0.71,1.78,127.08,22.691
CAR003,31.83,20,30.9,1855.0,29.2,1,1,Rural,164.1,0.53,4.14,117.62,17.509
CAR150,4.79,85,29.1,2859.0,23.8,1,1,City,359.7,0.36,1.19,31.19,4.5504999999999995
CAR153,12.24,20,53.2,2147.0,24.9,1,1,Rural,350.2,0.87,3.57,170.58,11.628
CAR187,40.34,20,74.5,2437.0,24.5,1,1,City,235.7,0.35,1.12,84.74,12.77
CAR134,43.56,20,65.3,2161.0,33.2,0,2,Highway,424.5,0.07,3.11,209.28,29.355
CAR067,5.02,10,72.2,1320.0,35.0,1,1,City,229.8,0.83,1.74,109.28,4.768999999999999
CAR037,36.47,20,42.2,2516.0,25.5,0,1,City,284.4,0.72,2.52,106.16,17.664
CAR071,11.95,20,51.4,2356.0,13.2,1,2,Highway,,0.7,1.53,69.22,11.3525
CAR117,43.81,20,39.0,2004.0,42.4,0,1,Rural,152.3,0.35,0.87,30.63,4.663
CAR168,12.27,20,21.4,2451.0,22.9,0,1,City,214.3,0.65,1.62,31.1,5.29
CAR039,18.15,85,23.9,1968.0,21.6,0,2,City,97.1,0.85,0.6,12.36,4.435
CAR082,28.94,20,18.9,3129.0,22.8,1,2,Highway,446.0,0.43,3.11,54.37,9.067
CAR132,26.89,20,90.7,1898.0,14.2,1,2,Rural,422.3,0.06,4.42,405.05,25.5455
CAR091,18.25,10,60.8,1426.0,35.7,0,1,Rural,425.1,0.1,3.1,192.95,17.3375
CAR072,34.4,20,57.3,1444.0,36.0,0,0,City,132.6,0.07,1.43,74.88,9.432
CAR023,4.79,10,67.6,1586.0,27.3,1,1,City,406.8,0.82,2.93,192.55,4.5504999999999995
CAR088,30.85,10,5.8,,27.6,1,0,Highway,445.9,0.59,3.36,19.73,2.1
CAR146,16.96,10,82.9,,,0,2,City,204.2,0.53,3.5,262.86,16.112
CAR029,44.71,85,66.1,2361.0,25.4,1,0,Highway,273.9,0.48,0.93,63.85,20.933
CAR048,25.45,85,42.4,2274.0,32.1,0,2,Highway,423.0,0.7,1.38,51.05,16.962
CAR092,43.69,10,33.5,2785.0,40.8,1,1,Rural,392.1,0.73,3.02,102.05,14.78
CAR016,37.68,0,106.4,1723.0,26.8,0,1,City,358.1,0.39,0.92,96.37,10.034
CAR161,44.8,85,33.3,2669.0,30.6,0,0,,399.0,0.69,3.48,113.06,36.08
CAR176,7.02,10,68.6,1911.0,31.0,0,0,City,108.3,0.79,2.42,163.44,6.669
CAR005,40.01,10,44.7,2577.0,39.0,0,0,,369.2,0.54,2.52,116.01,14.878
CAR029,42.64,20,31.9,2366.0,21.2,0,0,Highway,184.5,0.41,3.45,108.69,13.124
CAR077,28.45,20,92.5,2987.0,31.8,0,1,Highway,121.1,0.42,0.9,76.97,10.43
CAR111,20.43,85,17.6,2884.0,5.0,0,0,City,146.2,0.36,3.56,62.03,19.4085
CAR200,12.89,20,43.3,2016.0,27.0,0,2,City,427.9,0.19,0.62,22.92,3.982
CAR025,29.27,20,29.4,1415.0,35.1,0,1,,218.8,0.44,0.33,9.12,1.343
CAR073,20.17,20,58.0,1658.0,,1,1,City,297.7,0.17,1.58,94.32,14.499
CAR099,9.62,10,58.6,2887.0,28.3,1,1,City,,0.73,0.66,38.24,5.41
CAR157,31.48,20,62.0,1945.0,20.7,1,2,,122.9,0.23,3.67,214.18,29.906
CAR059,43.4,10,25.8,2316.0,31.6,1,0,Highway,390.3,0.86,1.49,40.26,4.631
CAR028,42.09,85,80.3,2138.0,18.4,0,0,City,99.1,0.75,0.3,21.03,6.966
CAR051,31.76,0,49.2,2030.0,27.0,1,0,Highway,158.8,0.44,0.79,39.9,2.903
CAR102,8.01,10,100.2,1826.0,24.4,0,1,City,194.9,0.53,1.4,138.6,7.6095
CAR121,42.0,20,60.5,1504.0,31.1,1,1,City,441.4,0.52,2.01,111.83,19.145
CAR110,6.73,0,67.9,3147.0,18.7,1,0,City,439.2,0.15,3.99,234.88,6.3935
CAR161,16.35,10,20.8,1312.0,,0,2,Highway,161.1,0.06,3.44,74.69,7.65
CAR082,41.92,10,53.3,1999.0,28.5,0,2,City,92.8,0.33,2.93,156.31,22.066
CAR008,40.4,10,20.6,2041.0,41.9,1,2,City,397.7,0.39,1.44,26.56,4.264
CAR161,33.54,20,72.0,2485.0,24.4,1,2,Rural,326.0,0.33,3.24,241.03,31.862999999999996
CAR006,40.31,85,67.9,1968.0,30.1,0,0,Rural,,0.35,2.34,157.94,38.2945
CAR101,36.27,20,31.2,,48.0,1,1,Rural,176.5,0.48,0.86,28.14,5.363
CAR096,25.94,0,62.2,1532.0,19.7,0,2,Highway,355.0,0.38,2.95,182.39,17.93
CAR104,32.41,10,64.6,2048.0,37.8,1,1,Highway,241.5,0.56,0.23,15.53,2.09
CAR149,38.41,0,20.6,1033.0,25.1,1,0,Rural,354.7,0.3,1.69,33.72,2.431
CAR152,39.34,20,60.6,1882.0,20.8,1,0,City,82.9,0.75,2.1,113.58,17.365
CAR058,20.71,10,72.4,3012.0,18.8,0,1,Rural,157.7,0.78,3.16,221.34,19.6745
CAR098,28.27,10,50.6,1844.0,33.4,1,1,City,175.5,0.08,4.42,229.34,26.856499999999997
CAR014,35.53,0,77.9,1693.0,24.8,0,1,Highway,263.7,0.47,2.99,234.8,19.804
CAR155,42.96,20,55.4,2149.0,31.4,1,0,Rural,305.5,0.15,1.71,91.86,11.835
CAR133,5.05,85,33.6,2606.0,17.0,0,2,Rural,411.6,0.79,4.09,128.47,4.797499999999999
CAR030,5.0,10,69.4,1014.0,25.4,1,2,,232.6,0.77,1.62,111.96,4.75
CAR157,35.6,10,45.7,2888.0,17.1,0,1,Highway,421.3,0.39,0.68,29.71,3.043
CAR022,29.93,20,41.3,2061.0,29.2,1,0,Highway,148.6,0.41,1.94,71.58,8.789
CAR200,28.62,20,34.2,2528.0,28.2,1,2,,447.7,0.13,3.44,116.53,20.804
CAR180,36.71,10,63.1,2247.0,,0,2,City,274.6,0.05,4.48,250.97,32.751
CAR167,21.98,0,47.3,2923.0,43.9,0,1,Highway,246.3,0.71,3.48,163.31,15.732
CAR042,11.11,20,14.1,2413.0,32.6,1,0,Rural,223.8,0.71,1.48,18.46,2.736
CAR123,17.68,20,15.9,2739.0,26.4,1,1,Highway,261.8,0.82,1.92,31.81,5.506
CAR070,42.03,20,94.5,1374.0,32.8,1,2,City,434.0,0.49,2.35,197.32,36.379
CAR170,44.32,10,35.1,1804.0,11.4,0,2,Highway,277.4,0.68,3.71,127.71,16.251
CAR051,42.24,20,40.0,2457.0,30.4,0,0,Highway,,0.41,1.11,38.74,4.534
CAR195,29.21,10,37.4,1339.0,31.3,0,2,City,194.7,0.85,2.94,96.33,14.786
CAR199,32.84,10,37.6,1514.0,31.1,0,0,Highway,148.1,0.29,3.3,118.77,10.549
CAR194,27.21,20,88.7,2804.0,44.2,1,0,City,101.5,0.68,4.07,310.95,25.8495
CAR168,43.44,20,,2175.0,11.4,0,0,City,359.2,0.63,4.41,335.17,41.267999999999994
CAR049,29.26,10,21.8,2154.0,30.8,1,1,,292.0,0.23,1.17,23.57,2.938
CAR147,5.73,20,45.8,2489.0,36.9,1,2,City,76.9,0.53,3.25,153.2,5.4435
CAR081,17.63,20,31.7,3199.0,31.7,1,1,City,71.2,0.34,0.71,20.72,3.547
CAR015,40.81,20,70.0,2014.0,30.6,0,2,City,381.4,0.82,2.48,149.72,27.754
CAR077,38.27,20,48.8,1937.0,31.4,1,2,City,195.9,0.32,1.15,49.47,8.67
CAR181,32.54,20,58.2,3073.0,33.0,0,2,Rural,354.7,0.56,1.14,63.49,10.866
CAR182,40.07,10,19.4,3236.0,23.5,0,0,Rural,301.6,0.83,0.44,8.5,1.11
CAR044,17.36,10,70.3,2638.0,48.0,0,1,Rural,188.3,0.61,2.7,162.37,16.491999999999997
CAR194,16.48,10,63.2,2487.0,21.2,1,2,City,76.2,0.44,0.55,34.59,5.117
CAR015,42.91,10,43.6,3005.0,21.4,0,2,City,418.9,0.31,0.39,17.06,2.419
CAR099,36.17,10,53.5,2989.0,25.0,1,1,City,383.8,0.24,2.22,108.24,15.201
CAR065,2.79,0,37.6,3132.0,24.3,0,1,Highway,126.3,0.46,2.57,92.13,2.6505
CAR066,38.36,20,57.7,1851.0,37.1,1,2,Highway,135.0,0.62,3.54,202.44,34.72
CAR106,40.46,20,39.5,2715.0,24.3,0,2,Highway,378.8,0.76,1.89,73.72,12.457
CAR021,40.28,10,79.2,3228.0,22.1,1,2,Rural,376.6,0.21,1.79,126.97,16.52
CAR033,11.47,85,62.0,2245.0,18.9,0,1,highway,290.9,0.24,2.54,151.14,10.8965
CAR052,5.65,10,42.3,1996.0,21.7,1,1,City,317.9,0.44,3.91,148.68,5.3675
CAR092,7.39,10,46.5,1689.0,32.9,1,0,City,192.4,0.53,0.63,29.99,3.659
CAR058,18.33,0,73.2,2735.0,27.6,1,0,Highway,98.8,0.67,3.23,243.83,17.4135
CAR183,10.09,0,32.4,2085.0,29.2,1,1,,116.5,0.87,1.26,40.65,3.687
CAR100,33.05,20,88.4,1513.0,21.5,0,2,Highway,365.9,0.68,3.01,274.16,31.397499999999997
CAR154,3.08,10,58.2,1396.0,21.4,1,0,Rural,315.4,0.14,0.97,48.11,2.9259999999999997
CAR094,39.01,85,30.5,3048.0,35.5,1,2,City,162.4,0.49,2.08,58.21,21.2
CAR031,4.09,85,48.1,2393.0,30.6,1,2,City,181.3,0.79,3.31,135.79,3.8854999999999995
CAR194,31.46,20,5.0,1388.0,16.2,1,2,,380.3,0.89,0.64,2.91,0.521
CAR047,42.15,85,58.5,1992.0,35.5,0,1,City,127.2,0.51,2.9,150.35,40.0425
CAR057,24.67,20,57.3,2832.0,17.0,1,1,Highway,155.6,0.65,3.5,207.15,23.4365
CAR192,37.68,20,50.9,1569.0,15.8,0,0,Rural,258.9,0.81,2.81,146.4,20.328
CAR168,10.93,10,57.9,2017.0,37.8,1,1,Highway,356.5,0.66,2.04,105.42,10.3835
CAR155,18.03,20,68.8,2280.0,25.0,1,2,Rural,227.9,0.22,0.93,56.52,8.973
CAR035,9.09,0,43.7,2215.0,23.9,1,2,Rural,353.8,0.22,4.29,180.64,8.635499999999999
CAR140,23.75,85,103.4,2781.0,28.0,1,1,City,424.1,0.89,1.39,143.44,22.5625
CAR073,36.75,10,36.1,1124.0,27.4,1,2,Highway,347.1,0.34,1.44,46.81,5.39
CAR012,16.67,10,32.5,2894.0,23.0,1,1,City,188.6,0.16,2.07,64.99,8.782
CAR040,24.49,20,30.8,937.0,27.3,1,0,City,275.0,0.5,3.61,98.16,15.112
CAR100,7.16,10,41.6,700.0,19.5,1,2,Highway,,0.7,0.83,32.43,4.441
CAR049,35.05,10,39.9,3108.0,,0,0,City,341.2,0.47,0.38,13.57,1.695
CAR082,13.86,20,54.7,2635.0,38.1,0,0,City,425.5,0.77,3.2,169.84,13.166999999999998
CAR017,15.13,20,31.8,2668.0,13.2,1,0,City,401.0,0.59,4.49,129.89,14.3735
CAR192,43.4,20,8.2,2253.0,24.5,1,0,Highway,365.4,0.79,2.72,19.13,2.921
CAR130,12.18,10,54.1,2634.0,31.7,1,1,City,341.7,0.49,2.49,119.42,11.571
CAR189,11.69,10,49.6,6679.951641040979,26.7,1,2,Highway,261.9,0.65,0.36,17.19,2.141
CAR112,26.5,10,98.3,1879.0,37.8,1,0,City,78.2,0.21,3.99,353.32,25.174999999999997
CAR009,40.02,10,83.5,2401.0,23.0,0,2,,141.3,0.45,1.1,91.39,10.884
CAR173,13.52,20,54.8,2890.0,30.5,0,0,City,211.3,0.54,3.08,151.83,12.844
CAR048,10.96,20,63.5,3070.0,28.6,1,2,Rural,78.6,0.21,1.43,87.82,10.412
CAR058,4.98,20,57.2,,24.4,0,1,City,355.7,0.55,4.38,222.7,4.731
CAR188,9.6,85,39.7,,17.4,1,1,City,214.7,0.25,0.5,20.46,7.039
CAR070,4.29,20,34.1,2093.0,33.3,0,2,Highway,113.7,0.47,2.19,65.39,4.0755
CAR047,9.0,10,46.5,,31.1,0,2,City,,0.32,1.58,72.67,8.549999999999999
CAR007,27.72,85,47.8,2374.0,28.6,0,2,Rural,446.3,0.55,0.23,10.76,3.721
CAR049,17.58,85,77.4,2010.0,20.3,0,0,City,260.6,0.16,1.3,89.8,16.700999999999997
CAR186,18.84,10,12.8,1408.0,24.4,1,1,City,162.6,0.37,3.07,35.13,4.637
CAR021,27.77,20,20.6,1543.0,18.6,0,0,City,406.1,0.84,1.68,36.15,5.955
CAR019,32.62,20,51.0,1522.0,22.5,0,1,Rural,197.3,0.24,4.26,198.93,24.546
CAR004,30.42,20,20.4,3530.0,,0,0,City,151.2,0.17,3.18,58.02,8.456
CAR110,28.43,20,47.7,2806.0,38.2,0,0,City,417.1,0.2,3.12,140.94,21.082
CAR183,25.35,20,59.0,700.0,27.3,1,1,Highway,319.8,0.06,0.65,35.96,4.724
CAR012,30.71,20,38.6,1603.0,23.4,0,0,City,331.3,0.78,3.52,133.31,21.432
CAR110,20.3,10,73.8,2271.0,26.6,0,1,City,76.6,0.44,0.52,38.01,4.743
CAR141,12.33,85,33.4,1576.0,38.4,1,2,Highway,153.1,0.74,1.08,33.85,11.7135
CAR153,26.47,10,35.4,3460.0,37.2,0,1,City,412.3,0.53,1.36,49.07,6.838
CAR088,14.42,85,73.8,2220.0,29.4,0,2,City,320.6,0.27,4.29,275.71,13.699
CAR169,26.14,20,21.2,2514.0,23.3,0,2,Rural,314.4,0.8,1.5,29.06,4.933
CAR031,27.87,10,79.3,1924.0,30.4,1,1,City,329.9,0.39,1.16,82.42,10.538
CAR159,34.22,10,75.6,827.0,44.7,1,2,Rural,356.0,0.38,1.28,97.04,14.023
CAR108,30.89,0,48.2,1542.0,35.6,0,1,City,441.2,0.5,0.95,46.78,4.662
CAR163,7.18,0,15.1,2713.0,36.2,0,1,City,179.0,0.56,3.83,51.52,5.803
CAR141,28.93,20,65.4,2672.0,34.0,1,2,City,326.9,0.86,4.31,280.01,27.4835
CAR065,31.33,85,22.8,2925.0,36.8,1,2,Highway,416.8,0.8,2.05,42.37,15.47
CAR130,9.85,10,60.2,2538.0,30.7,0,2,City,132.1,0.86,3.12,196.05,9.3575
CAR157,2.38,85,8.7,2721.0,21.6,1,1,Highway,270.1,0.57,4.23,35.84,2.2609999999999997
CAR134,39.54,85,63.0,968.0,33.0,0,1,City,229.6,0.83,2.0,112.72,37.562999999999995
CAR090,27.75,0,59.2,1538.0,39.6,0,0,Rural,193.2,0.23,2.7,144.75,11.696
CAR015,12.6,20,46.4,3361.0,20.3,1,1,Rural,272.7,0.74,1.87,82.52,11.969999999999999
CAR057,10.61,20,41.5,1841.0,23.5,0,1,City,375.3,0.64,2.82,99.51,10.0795
CAR053,4.68,10,57.0,2199.0,22.2,1,0,City,193.4,0.25,0.67,37.58,4.001
CAR077,37.19,20,21.2,3530.0,24.7,1,2,City,283.5,0.2,1.24,27.43,4.654
CAR024,2.04,10,35.1,2342.0,30.8,0,2,Highway,76.4,0.45,2.61,82.43,1.938
CAR118,16.89,20,32.8,1836.0,19.0,1,0,Rural,417.1,0.18,3.6,106.59,14.75
CAR193,13.32,20,52.8,1622.0,30.4,0,1,,163.7,0.37,3.23,158.48,12.654
CAR021,26.86,10,68.6,2633.0,45.4,0,1,City,327.4,0.43,1.74,105.97,16.284
CAR038,3.54,10,32.6,2838.0,33.6,1,1,Highway,123.1,0.41,1.72,48.9,3.363
CAR064,20.93,10,,1916.0,23.6,1,1,City,104.3,0.55,3.49,207.75,19.883499999999998
CAR188,9.25,20,12.2,2481.0,35.6,1,1,Highway,196.1,0.65,1.64,20.26,3.112
CAR038,23.94,85,5.0,2631.0,26.7,0,1,City,279.9,0.63,1.25,6.44,2.156
CAR079,20.76,0,59.9,2516.0,25.6,1,2,City,112.3,0.64,1.73,90.69,10.981
CAR046,4.91,0,55.6,1927.0,21.7,0,2,Rural,70.6,0.41,2.63,151.18,4.6645
CAR128,43.66,10,65.7,2444.0,33.1,0,0,Highway,334.2,0.38,1.15,77.11,8.334
CAR167,18.37,20,40.4,2106.0,33.2,1,1,Highway,438.6,0.33,4.34,170.29,17.4515
CAR065,28.4,85,53.8,1905.0,38.8,0,0,Highway,243.6,0.87,3.65,187.21,26.979999999999997
CAR071,4.32,0,43.3,2530.0,23.8,1,0,,238.7,0.89,1.0,43.62,4.104
CAR141,6.22,10,46.2,1677.0,32.3,0,2,City,287.2,0.17,4.39,179.06,5.909
CAR132,23.47,85,84.2,1652.0,36.0,0,2,Rural,127.4,0.7,1.23,95.2,22.296499999999998
CAR090,44.29,20,62.3,2132.0,30.3,1,2,City,197.5,0.59,0.9,50.22,8.716
CAR012,22.41,20,39.2,2301.0,30.7,0,0,Rural,,0.56,2.63,107.08,14.77
CAR056,34.07,10,58.9,,34.8,0,0,Highway,276.1,0.87,2.37,119.94,12.962
CAR053,34.55,20,48.2,2391.0,20.1,1,2,Rural,,0.54,2.3,96.15,15.725
CAR111,24.52,0,40.4,2298.0,27.2,1,2,Highway,90.0,0.51,2.07,83.72,8.756
CAR175,15.86,20,31.3,2577.0,26.3,1,0,City,222.6,0.5,2.76,79.25,12.548
CAR191,26.64,10,69.5,3599.0,42.3,0,2,City,425.1,0.57,2.93,190.85,25.308
CAR190,26.34,20,38.1,2416.0,30.0,1,1,Highway,211.1,0.75,3.64,124.67,19.736
CAR158,3.83,20,,1737.0,30.2,1,1,City,90.1,0.59,4.14,132.15,3.6385
CAR096,30.65,10,68.2,1855.0,24.0,1,0,City,154.1,0.65,4.36,264.67,29.117499999999996
CAR168,36.44,10,54.8,2877.0,25.4,0,2,City,118.0,0.63,0.71,39.56,5.449
CAR140,22.33,10,45.0,2202.0,10.7,1,1,,136.2,0.47,3.08,143.81,15.934
CAR111,22.09,20,44.5,1880.0,38.1,1,2,City,422.6,0.09,0.69,26.82,4.998
CAR133,17.54,10,66.5,2566.0,28.4,0,1,city,87.7,0.89,4.24,254.28,16.662999999999997
CAR025,20.31,10,45.3,1717.0,27.9,0,2,Highway,93.6,0.69,3.93,182.36,19.2945
CAR002,37.28,10,69.4,2149.0,37.9,1,1,City,79.4,0.11,0.21,13.9,1.759
CAR085,35.87,10,28.9,2389.0,37.2,1,0,Rural,281.6,0.53,2.85,79.49,9.995
CAR128,30.28,0,,2925.0,24.9,0,0,Highway,400.1,0.64,3.67,209.26,18.071
CAR097,30.14,0,44.5,2550.0,23.0,1,2,Highway,369.0,0.46,3.78,146.08,14.861
CAR077,37.22,0,18.2,1891.0,34.5,0,2,Highway,249.5,0.56,3.85,70.39,6.54
CAR116,22.3,20,33.9,2768.0,27.9,0,1,City,360.6,0.57,4.06,132.49,21.185
CAR067,7.91,20,52.8,2185.0,34.0,1,1,Highway,108.4,0.58,1.69,79.67,7.5145
CAR155,3.1,20,34.0,1330.0,39.9,0,0,City,332.2,0.67,1.16,36.47,2.945
CAR159,28.5,10,32.4,1204.0,34.5,1,1,City,187.0,0.45,2.51,75.67,9.572
CAR112,34.06,10,37.0,2899.0,21.5,0,1,Highway,219.0,0.7,3.39,108.72,13.069
CAR025,29.1,20,70.7,1207.0,29.2,0,0,City,138.6,0.62,2.24,143.72,21.666
CAR099,36.42,0,19.6,2691.0,37.9,1,0,Highway,356.9,0.07,4.08,71.15,4.785
CAR148,34.82,10,43.1,1728.0,20.6,1,0,City,279.4,0.16,2.44,100.82,11.505
CAR075,19.16,85,29.3,2212.0,37.7,1,1,City,131.7,0.8,2.72,74.26,18.201999999999998
CAR076,12.99,20,36.9,2138.0,14.9,0,1,Rural,353.6,0.69,1.1,34.89,5.806
CAR013,40.17,20,24.0,,31.0,0,1,Highway,350.4,0.73,2.99,67.67,10.034
CAR041,18.7,20,35.0,2855.0,44.5,1,2,,340.3,0.72,3.32,99.55,17.764999999999997
CAR104,26.68,20,50.3,2008.0,29.9,0,0,City,386.5,0.2,3.01,146.55,21.858
CAR095,41.58,10,89.2,2851.0,32.8,0,1,,151.2,0.49,2.68,224.68,28.335
CAR122,43.68,20,87.4,1803.0,26.3,0,2,City,240.0,0.23,3.67,292.21,41.495999999999995
CAR149,2.51,10,35.2,2698.0,33.8,0,0,City,227.3,0.23,0.32,10.6,1.347
CAR088,13.04,0,46.2,2552.0,14.2,1,1,City,144.5,0.54,2.84,126.19,12.387999999999998
CAR052,31.61,20,47.2,2468.0,42.7,1,1,City,408.9,0.75,4.44,193.94,30.0295
CAR024,3.3,20,51.7,2902.0,24.7,1,1,City,147.3,0.67,1.84,94.41,3.135
CAR160,41.82,0,,2862.0,20.8,0,1,Highway,95.7,0.63,3.03,166.18,15.813
CAR135,34.87,20,37.0,1822.0,34.2,0,1,City,167.7,0.68,0.31,11.91,1.978
CAR035,25.93,10,39.0,1637.0,29.7,1,1,Highway,148.2,0.65,4.05,134.45,14.992
CAR041,24.33,20,16.2,2165.0,25.2,0,1,Rural,111.8,0.22,4.29,67.81,9.449
CAR034,42.86,20,52.5,1924.0,22.2,1,2,Highway,117.6,0.4,2.61,140.82,21.439
CAR056,43.27,10,50.8,2625.0,15.0,1,0,Highway,155.2,0.29,0.51,23.44,2.339
CAR022,20.47,0,34.7,2534.0,10.6,1,2,City,86.7,0.79,3.75,118.64,14.331
CAR029,44.54,20,81.7,3162.0,35.9,0,2,Highway,84.0,0.79,4.25,333.33,42.312999999999995
CAR099,34.83,20,75.8,1860.0,28.8,1,0,City,216.2,0.58,1.39,105.64,16.46
CAR172,7.82,10,25.8,2538.0,36.1,1,1,Highway,104.0,0.64,0.29,6.98,0.889
CAR178,9.55,0,22.8,1713.0,22.2,1,1,Highway,425.6,0.44,1.22,28.85,2.4
CAR081,42.09,20,35.2,2501.0,30.2,0,0,City,161.4,0.62,0.86,31.61,4.748
CAR005,14.96,0,70.6,2611.0,20.7,1,2,City,,0.21,1.86,131.3,14.212
CAR054,26.82,10,24.5,2191.0,21.2,0,2,City,270.7,0.5,3.39,75.69,11.195
CAR177,7.01,10,76.5,2302.0,33.6,1,2,Rural,280.1,0.53,1.09,75.73,6.6594999999999995
CAR165,24.42,10,58.5,2589.0,12.9,0,2,,305.4,0.49,2.13,111.93,14.167
CAR064,16.41,20,29.3,2061.0,6.9,1,0,City,232.8,0.51,0.93,23.45,3.697
CAR056,37.87,10,,3177.0,19.2,0,1,,151.3,0.41,3.27,177.9,21.027
CAR122,34.97,20,23.6,,28.6,0,1,City,415.9,0.42,2.07,51.29,8.357
CAR042,7.97,10,40.4,2556.0,34.4,1,0,Highway,220.5,0.06,0.75,30.08,2.819
CAR177,31.84,20,46.8,1923.0,31.3,1,1,Rural,232.5,0.65,4.04,188.79,30.247999999999998
CAR031,31.42,20,78.3,2617.0,27.9,0,1,,381.6,0.51,2.11,165.88,28.057
CAR030,28.13,0,21.0,1427.0,17.3,0,1,City,373.6,0.69,1.78,34.31,3.44
CAR126,19.65,10,58.2,1754.0,34.2,1,2,City,238.3,0.25,2.16,114.03,14.93
CAR113,19.2,20,33.0,2340.0,24.7,0,0,Rural,144.8,0.65,0.31,9.72,1.356
CAR110,13.69,10,44.0,2795.0,13.5,0,0,City,77.3,0.35,3.27,123.82,13.0055
CAR189,21.87,10,5.6,2175.0,18.0,0,1,City,79.5,0.55,2.63,13.82,1.74
CAR017,26.96,0,47.9,2382.0,15.4,0,2,City,433.8,0.73,1.45,70.1,9.694
CAR142,39.01,0,35.9,1595.0,32.8,0,2,City,72.7,0.81,3.45,106.65,11.365
CAR099,3.63,85,43.8,2790.0,21.7,1,0,City,254.9,0.17,2.77,126.07,3.4484999999999997
CAR108,5.77,85,84.3,2755.0,16.9,1,2,City,93.1,0.57,3.93,347.07,5.4815
CAR178,32.2,85,30.3,2745.0,20.8,1,0,City,147.9,0.63,3.43,89.92,30.425
CAR179,15.31,20,85.0,1875.0,18.3,0,2,City,191.9,0.73,4.17,322.7,14.5445
CAR130,23.18,10,5.0,1829.0,14.6,0,2,City,390.5,0.51,0.52,2.38,0.322
CAR063,26.63,20,84.9,1890.0,29.7,1,2,,190.1,0.15,4.12,323.47,25.298499999999997
CAR010,16.2,10,75.1,2153.0,24.9,1,1,,262.9,0.32,3.74,271.65,15.389999999999999
CAR119,20.66,10,49.6,1912.0,39.2,1,1,City,362.1,0.67,4.21,216.04,19.627
CAR045,26.4,20,57.6,1744.0,24.6,1,1,City,254.6,0.69,1.41,83.8,13.992
CAR008,32.05,10,211.59234317214788,1729.0,32.4,0,1,City,431.0,0.65,2.35,94.51,11.572
CAR075,24.45,20,30.1,1452.0,22.4,1,1,Highway,414.6,0.57,0.78,23.77,3.784
CAR107,10.23,10,35.2,1709.0,28.1,1,1,City,305.2,0.33,2.2,79.95,9.7185
CAR022,4.88,0,66.9,2196.0,29.6,0,0,Highway,248.2,0.52,1.56,96.6,4.636
CAR087,8.57,10,94.7,822.0,28.7,1,2,City,123.5,0.6,3.59,339.27,8.1415
CAR125,23.17,0,56.1,2315.0,32.1,0,1,Highway,254.1,0.5,1.27,70.86,6.297
CAR080,16.41,10,46.4,2301.0,22.1,1,1,Highway,323.4,0.58,3.63,145.03,15.5895
CAR144,18.98,85,53.2,2353.0,38.8,1,2,Highway,215.1,0.15,1.94,100.76,18.031
CAR145,36.01,20,73.3,2181.0,24.1,0,0,Highway,127.2,0.61,0.3,21.44,2.929
CAR017,23.06,85,63.6,1416.0,43.5,0,2,City,404.8,0.2,2.33,134.25,21.906999999999996
CAR075,19.85,0,46.0,2022.0,28.4,1,2,Rural,108.1,0.61,2.93,136.26,15.57
CAR040,41.53,10,38.6,5167.585050865035,12.5,0,1,Rural,249.3,0.85,2.09,84.14,8.743
CAR104,39.99,0,41.3,1882.0,34.2,1,1,Highway,235.7,0.5,2.82,114.25,9.478
CAR164,8.16,10,34.0,3182.0,30.9,1,2,Rural,79.9,0.23,0.28,8.66,1.279
CAR044,18.43,85,28.8,1686.0,28.4,1,1,City,142.9,0.73,2.21,60.82,17.508499999999998
CAR137,23.65,10,,1671.0,36.0,0,1,Highway,418.6,0.15,4.07,316.02,22.467499999999998
CAR146,34.88,10,40.5,1019.0,26.6,0,0,City,119.4,0.11,0.95,35.06,3.015
CAR066,10.36,10,49.5,2381.0,36.2,0,1,City,,0.86,1.66,82.82,9.841999999999999
CAR190,21.76,10,14.2,2303.0,28.7,0,0,Rural,331.7,0.45,1.8,22.84,2.578
CAR048,30.79,20,63.7,1919.0,24.9,0,2,City,358.3,0.4,3.73,212.39,29.2505
CAR061,44.45,20,39.4,2204.0,18.5,1,0,City,438.5,0.19,1.38,53.74,8.059
CAR159,28.18,10,73.4,2273.0,39.6,1,0,City,234.4,0.35,0.54,40.08,5.609
CAR023,3.95,10,76.3,1743.0,27.4,0,0,City,435.3,0.33,0.46,31.71,3.319
CAR057,21.56,85,61.5,3110.0,39.8,1,1,City,249.0,0.12,1.79,98.86,20.482
CAR160,13.56,20,61.8,2723.0,22.7,0,2,Highway,238.1,0.61,4.05,255.86,12.882
CAR146,40.34,10,9.5,2013.0,32.8,1,1,Rural,154.7,0.42,0.41,3.51,0.42
CAR177,25.82,20,40.3,2310.0,10.5,1,0,Highway,93.5,0.24,3.02,123.2,15.097
CAR021,13.69,10,48.1,2466.0,41.7,0,2,City,214.4,0.06,0.61,28.2,4.167
CAR083,29.58,0,32.9,2420.0,25.2,1,2,Rural,157.0,0.11,1.78,56.53,6.135
CAR184,23.35,20,71.0,,35.9,1,2,City,101.6,0.69,0.47,31.85,5.939
CAR183,42.87,20,24.5,2004.0,22.3,1,2,Highway,180.4,0.78,2.69,57.78,9.706
CAR085,9.15,10,82.0,3316.0,33.4,1,1,Rural,234.2,0.7,0.89,64.11,8.6925
CAR157,8.49,20,48.4,1958.0,37.2,0,2,City,115.8,0.44,3.1,136.57,8.0655
CAR126,18.74,20,36.6,2371.0,33.2,0,2,Highway,178.2,0.53,3.99,150.96,17.802999999999997
CAR126,24.27,10,37.7,3084.0,23.5,0,0,City,337.4,0.79,1.97,74.2,9.732
CAR175,19.38,20,26.1,2487.0,26.3,0,0,Highway,362.0,0.18,3.19,72.7,8.884
CAR087,4.7,10,59.9,3572.0,11.7,0,1,City,189.0,0.84,2.15,132.93,4.465
CAR149,33.01,20,25.2,2590.0,35.9,0,1,City,225.9,0.88,2.14,54.13,9.675
CAR123,5.02,85,71.7,2363.0,30.2,0,2,City,361.9,0.63,3.81,232.52,4.768999999999999
CAR106,33.58,85,55.5,2124.0,33.3,1,2,City,314.9,0.79,1.39,65.91,24.355
CAR079,35.69,10,60.3,2922.0,32.4,1,0,Highway,310.4,0.86,2.57,148.5,18.009
CAR161,34.47,10,63.6,2694.0,34.8,1,2,Rural,203.4,0.43,4.24,277.28,32.7465
CAR160,11.2,20,48.4,1117.0,23.3,0,0,City,388.6,0.85,0.79,37.38,5.808
CAR002,18.36,85,49.0,,20.6,0,1,City,430.5,0.44,2.66,132.82,17.442
CAR102,7.28,85,53.3,2750.0,17.5,0,2,Rural,430.8,0.68,1.86,90.61,6.9159999999999995
CAR187,37.84,20,36.2,2260.0,25.1,0,0,Highway,398.1,0.23,1.74,57.17,7.252
CAR093,37.7,10,50.1,1413.0,31.6,0,2,City,201.2,0.2,0.67,31.12,3.689
CAR059,6.96,10,59.0,3069.0,30.2,0,1,City,310.0,0.75,3.79,230.07,6.612
CAR190,31.9,10,30.1,1554.0,22.6,1,1,City,364.8,0.15,3.98,102.1,13.708
CAR052,7.18,85,71.0,2190.0,42.3,0,0,City,193.3,0.62,1.84,129.6,6.821
CAR170,9.91,20,61.1,2107.0,40.8,1,0,City,408.7,0.79,2.07,130.75,9.4145
CAR160,26.19,0,46.3,2475.0,30.8,0,1,City,411.8,0.69,2.81,121.02,12.276
CAR162,24.26,85,17.6,2242.0,42.2,1,2,Highway,205.4,0.67,2.21,39.79,14.178
CAR126,21.97,20,84.7,1450.0,22.7,0,1,,180.4,0.86,3.5,254.07,20.871499999999997
CAR086,29.74,0,83.2,2133.0,16.7,0,1,City,395.5,0.74,2.0,163.26,19.319
CAR033,12.04,0,54.5,2811.0,25.7,1,0,Rural,292.1,0.73,2.87,145.77,11.437999999999999
CAR023,24.85,85,11.7,2063.0,35.1,1,2,City,237.8,0.32,2.36,23.87,8.26
CAR116,36.03,85,68.8,2859.0,32.6,1,0,Highway,77.4,0.79,4.34,256.73,34.2285
CAR109,26.51,10,70.9,2152.0,36.8,1,0,City,159.0,0.06,1.06,64.61,7.224
CAR173,4.13,10,65.1,,40.1,0,1,City,327.4,0.1,1.44,93.74,3.9234999999999998
CAR058,21.7,20,85.2,2263.0,18.0,1,0,Rural,,0.64,2.44,200.54,20.615
CAR103,31.01,10,59.1,2319.0,32.8,0,1,City,163.1,0.48,0.8,49.31,5.961
CAR037,7.14,10,70.5,1548.0,36.9,1,2,City,291.3,0.29,4.05,247.31,6.7829999999999995
CAR097,5.34,20,64.7,1204.0,23.2,1,2,Highway,220.1,0.07,2.76,159.83,5.0729999999999995
CAR094,32.2,10,44.7,1718.0,40.3,0,1,City,371.7,0.75,3.47,150.31,22.495
CAR115,2.74,10,22.9,2171.0,41.3,1,0,City,232.2,0.6,1.34,27.16,2.603
CAR048,6.97,85,70.5,2751.0,31.4,1,0,City,348.2,0.45,3.75,261.19,6.621499999999999
CAR012,44.86,10,36.3,2064.0,36.1,1,2,City,163.7,0.83,3.83,128.24,20.789
CAR104,44.25,10,5.0,2240.0,,0,0,Highway,242.2,0.81,1.42,6.32,0.727
CAR137,26.53,0,62.9,1367.0,27.3,0,2,City,405.0,0.87,1.42,90.51,10.929
CAR166,31.94,85,61.3,2425.0,36.6,0,1,City,138.4,0.07,1.38,82.45,26.85
CAR169,9.14,10,47.2,2333.0,39.0,1,0,City,251.4,0.71,4.35,186.79,8.683
CAR165,23.33,20,60.0,2369.0,19.2,1,0,City,360.0,0.18,1.95,116.17,17.901
CAR151,24.21,10,13.3,1723.0,16.1,0,1,,109.2,0.58,4.08,53.7,5.831
CAR175,11.52,10,68.2,1383.0,32.8,1,1,Highway,330.8,0.41,2.28,145.05,10.943999999999999
CAR105,25.79,20,58.7,1718.0,34.5,0,2,City,185.1,0.77,0.38,19.39,3.393
CAR034,21.06,10,43.9,3460.0,24.5,1,0,Rural,130.8,0.15,1.44,56.58,6.812
CAR178,22.78,20,94.0,1377.0,25.3,1,1,City,390.3,0.73,1.4,124.07,21.447
CAR001,22.16,10,65.5,2055.0,26.3,1,0,City,276.1,0.35,2.29,146.41,18.959
CAR146,44.24,20,47.8,1646.0,30.8,0,0,City,358.4,0.14,2.88,138.22,18.139
CAR136,16.69,85,31.3,1490.0,,0,1,Rural,225.1,0.2,2.79,83.84,15.855500000000001
CAR020,13.06,10,5.0,1237.0,23.7,0,2,City,130.1,0.56,1.32,6.56,0.898
CAR165,41.44,20,70.2,1869.0,29.3,1,1,City,185.6,0.71,1.5,100.71,17.068
CAR048,41.99,10,39.4,2616.0,36.2,1,0,Highway,164.6,0.67,0.51,19.73,2.27
CAR144,6.8,20,34.8,1081.0,43.6,1,1,Rural,397.9,0.72,3.44,119.21,6.46
CAR094,32.56,10,87.2,2126.0,39.6,1,1,City,207.6,0.12,0.64,58.2,7.666
CAR062,33.18,0,53.2,2896.0,22.1,0,2,Rural,,0.33,1.99,105.35,12.082
CAR013,26.29,20,18.2,2504.0,27.3,1,2,Highway,126.5,0.15,3.43,61.7,9.128
CAR143,37.79,10,48.1,2905.0,30.4,1,0,City,273.3,0.59,0.67,33.56,4.491
CAR042,40.16,10,46.2,1807.0,34.1,0,2,city,299.2,0.77,1.99,82.44,12.198
CAR051,44.41,10,33.8,2438.0,30.8,1,2,City,415.5,0.8,2.41,77.48,13.819
CAR088,25.45,20,26.2,2495.0,22.9,1,1,Highway,84.1,0.32,1.82,47.49,6.829
CAR106,9.97,20,62.0,2579.0,35.4,0,1,Highway,434.8,0.41,0.4,22.01,3.089
CAR200,23.78,20,8.1,2543.0,33.1,1,2,City,368.9,0.41,0.33,2.66,0.494
CAR042,3.08,10,36.8,992.0,12.5,0,2,Rural,266.3,0.22,3.51,127.07,2.9259999999999997
CAR180,9.93,10,67.7,2412.0,22.7,0,2,Rural,83.3,0.48,4.31,252.06,9.433499999999999
CAR139,7.84,0,50.1,1615.0,27.7,1,0,City,413.2,0.64,1.97,86.25,7.4479999999999995
CAR132,8.46,10,49.0,1585.0,29.2,0,2,Rural,385.5,0.88,1.63,68.37,8.037
CAR196,12.31,20,32.6,,24.8,1,2,Highway,342.3,0.87,3.61,116.28,11.6945
CAR006,17.66,0,45.3,2451.0,33.9,1,0,Highway,271.2,0.39,2.65,121.28,9.562
CAR156,21.33,20,91.3,2156.0,24.8,1,0,City,91.4,0.66,1.09,96.58,16.393
CAR056,5.45,20,55.6,2214.0,13.9,1,2,Highway,320.8,0.71,1.77,86.47,5.1775
CAR171,25.37,85,37.1,3073.0,30.9,0,0,Rural,132.6,0.12,2.38,77.41,24.1015
CAR074,36.04,10,36.2,1974.0,38.0,1,1,Highway,445.0,0.36,2.56,86.89,10.494
CAR187,43.71,0,38.8,2361.0,29.2,0,0,Highway,330.5,0.25,2.41,82.14,5.318
CAR162,42.17,10,51.2,1293.0,18.5,1,1,City,103.5,0.27,0.86,42.16,5.005
CAR058,16.24,10,18.7,2030.0,31.5,1,1,City,102.3,0.26,1.18,19.25,2.448
CAR076,26.42,10,5.0,1270.0,23.8,1,1,Rural,385.1,0.57,3.14,16.23,1.921
CAR041,43.26,10,75.3,2829.0,30.6,1,2,City,189.2,0.85,1.77,137.93,22.956
CAR021,9.52,20,32.6,2321.0,11.3,0,0,City,367.2,0.37,3.1,97.58,9.043999999999999
CAR149,44.99,20,64.2,2298.0,26.3,1,2,Rural,179.5,0.37,3.81,250.01,38.868
CAR079,12.92,10,17.8,2325.0,37.7,0,2,City,279.6,0.87,3.24,54.94,8.704
CAR191,6.18,20,42.0,2389.0,25.0,1,1,Rural,266.2,0.09,0.54,22.33,3.152
CAR199,24.27,10,71.8,2220.0,31.1,0,2,highway,210.3,0.47,3.03,207.09,23.0565
CAR034,29.26,10,47.5,1521.0,23.9,0,1,Rural,258.7,0.81,3.58,174.63,22.279
CAR193,36.9,20,48.1,2821.0,32.5,0,2,City,198.5,0.27,1.76,78.14,12.386
CAR009,37.95,20,21.5,3278.0,31.6,1,0,City,,0.12,3.42,62.94,9.818
CAR173,40.39,10,67.6,2894.0,39.9,1,2,City,,0.24,2.16,145.31,23.033
CAR164,38.4,20,76.9,2491.0,23.3,1,1,City,106.2,0.16,1.68,112.56,18.62
CAR006,30.44,20,47.6,3204.0,28.0,1,2,Rural,269.5,0.64,2.45,121.72,21.193
CAR054,13.93,20,54.3,2339.0,17.3,0,0,Rural,106.3,0.08,0.71,36.62,4.804
CAR015,37.84,20,85.8,1977.0,18.7,0,2,Rural,134.0,0.64,2.9,215.91,34.565
CAR113,9.23,10,37.2,2933.0,33.7,0,1,Highway,349.7,0.06,0.27,8.59,0.81
CAR187,20.21,20,43.7,2477.0,27.1,0,1,City,123.5,0.44,1.46,66.52,10.504
CAR147,18.88,85,59.9,,,0,2,,105.5,0.5,4.09,255.86,17.936
CAR068,42.23,10,65.6,,25.6,1,1,City,207.2,0.28,2.54,142.33,19.499
CAR193,32.23,85,74.3,2363.0,24.8,0,1,City,404.3,0.09,2.32,158.86,30.618499999999994
CAR047,11.72,20,50.8,2566.0,24.3,1,1,City,185.4,0.69,0.22,11.18,2.05
CAR077,26.71,85,11.9,2187.0,18.5,0,2,City,205.9,0.59,1.29,15.44,5.479
CAR170,22.94,0,47.7,2102.0,26.2,1,2,Rural,316.0,0.22,2.9,133.1,12.966
CAR077,8.23,85,98.4,2518.0,42.0,0,2,City,308.0,0.51,3.1,281.06,7.8185
CAR038,30.68,0,41.3,2824.0,25.8,0,2,Rural,100.8,0.11,1.75,67.05,5.909
CAR103,2.11,20,81.4,2411.0,32.7,1,1,Highway,293.1,0.43,3.55,260.51,2.0044999999999997
CAR112,17.04,0,37.4,2383.0,46.1,0,2,Highway,243.2,0.09,1.01,37.3,3.798
CAR106,9.51,10,54.2,2520.0,33.2,1,1,Highway,335.6,0.78,2.04,106.37,9.0345
CAR168,44.49,20,,2506.0,17.0,0,1,City,403.5,0.45,0.67,61.5,9.892
CAR107,7.54,85,30.2,2746.0,16.2,0,1,Highway,447.8,0.65,0.77,23.44,7.162999999999999
CAR115,23.28,10,38.4,2334.0,43.8,0,2,Highway,202.0,0.85,0.42,16.27,2.698
CAR099,15.66,20,61.4,,28.0,1,0,Rural,163.7,0.34,2.06,112.57,14.876999999999999
CAR126,8.06,20,20.2,1708.0,35.7,1,0,Rural,111.2,0.09,0.52,9.25,1.143
CAR137,5.23,20,8.0,2656.0,30.5,1,0,City,203.1,0.11,2.32,16.03,2.527
CAR100,16.45,10,56.7,3142.0,19.3,1,1,City,370.0,0.43,2.46,123.6,15.627499999999998
CAR153,13.19,10,39.5,1007.0,38.3,1,1,City,430.4,0.87,1.18,41.81,6.93
CAR181,17.77,20,31.9,2395.0,25.5,1,2,City,92.3,0.71,1.58,46.39,8.844
CAR158,22.1,20,77.0,2926.0,29.4,0,1,City,173.1,0.83,3.03,228.62,20.995
CAR050,30.41,20,34.6,2060.0,23.1,0,1,City,107.5,0.19,3.92,126.06,17.822
CAR081,4.39,0,77.4,1897.0,,1,1,highway,,0.08,1.18,77.74,4.1705
CAR111,22.76,20,43.4,2591.0,16.6,0,1,City,228.7,0.85,1.51,59.46,10.48
CAR186,24.82,10,40.8,2665.0,33.0,1,0,Highway,313.6,0.28,0.2,7.73,0.827
CAR061,9.15,20,71.2,1871.0,34.8,0,1,City,402.0,0.17,2.82,208.33,8.6925
CAR193,9.25,20,27.8,,25.8,1,0,Highway,381.2,0.53,3.8,102.49,8.7875
CAR171,29.44,20,55.4,2792.0,32.9,1,0,City,194.4,0.05,2.66,128.57,18.056
CAR081,43.78,20,62.4,3110.0,31.7,1,2,Highway,76.0,0.32,2.88,159.43,26.187
CAR106,13.39,20,50.9,2856.0,24.1,1,0,Highway,379.0,0.53,1.85,83.36,12.04
CAR049,16.58,20,32.9,2194.0,29.7,1,0,Highway,446.2,0.18,1.18,34.45,4.641
CAR017,42.91,10,26.7,1958.0,32.2,0,1,,403.9,0.43,2.15,57.64,6.936
CAR150,36.22,20,57.6,1563.0,31.2,0,0,Rural,413.9,0.27,1.74,86.0,12.221
CAR072,32.75,20,55.7,2325.0,38.6,1,1,Highway,349.6,0.7,3.38,165.31,27.513
CAR075,37.06,10,52.8,2292.0,33.5,0,1,City,314.4,0.49,1.26,56.7,7.693
CAR072,31.86,20,46.0,2048.0,30.2,1,2,City,224.2,0.06,3.83,182.04,30.267
CAR073,33.81,10,44.7,2398.0,26.7,0,0,City,,0.6,1.23,57.3,6.839
CAR098,16.37,20,80.8,3150.0,33.5,1,1,City,281.5,0.35,2.66,217.63,15.5515
CAR069,42.93,20,67.7,2691.0,29.5,1,1,City,397.3,0.36,2.97,171.65,31.139
CAR172,18.69,10,5.0,1745.0,20.3,1,0,City,403.5,0.55,0.49,2.31,0.275
CAR041,40.58,20,88.1,2598.0,28.0,1,2,Highway,125.1,0.39,3.66,311.07,38.550999999999995
CAR031,9.63,20,28.9,2124.0,16.8,0,0,City,139.9,0.52,3.05,79.28,9.1485
CAR173,15.62,10,47.2,1492.0,31.2,0,1,City,419.2,0.31,1.9,83.6,10.154
CAR150,41.28,20,64.3,2429.0,32.9,0,0,City,85.9,0.89,1.8,116.52,19.303
CAR109,25.14,10,,2272.0,46.1,1,2,Highway,329.2,0.26,0.72,36.8,5.575
CAR051,40.85,0,61.8,2107.0,,0,2,City,254.6,0.5,0.68,44.04,5.101
CAR066,39.75,0,27.2,2338.0,20.3,0,2,Highway,363.7,0.31,1.29,35.66,3.167
CAR061,8.81,10,85.9,3154.0,,1,0,Highway,413.3,0.11,2.76,239.29,8.3695
CAR170,21.65,10,72.3,2213.0,32.3,1,1,City,224.5,0.76,1.91,141.3,20.5675
CAR075,3.47,20,67.1,2284.0,22.7,0,2,Highway,207.7,0.11,2.28,143.15,3.2965
CAR162,8.22,10,49.2,1881.0,36.1,1,0,City,323.0,0.76,0.73,33.59,4.618
CAR134,15.36,10,42.2,2690.0,23.3,0,1,Rural,255.4,0.15,4.08,169.65,14.591999999999999
CAR130,10.36,0,88.1,1875.0,22.6,1,1,City,447.9,0.84,3.71,308.03,9.841999999999999
CAR154,21.9,10,48.3,2152.0,29.1,1,0,City,145.1,0.7,3.84,190.98,20.804999999999996
CAR125,8.32,20,63.1,1817.0,31.3,1,0,City,401.1,0.67,0.34,19.91,3.307
CAR017,33.5,10,27.0,,32.5,0,1,Highway,226.2,0.49,3.16,79.83,9.143
CAR142,43.61,20,56.0,1292.0,16.3,1,0,City,127.9,0.13,4.17,239.88,31.064
CAR116,27.14,20,48.9,1722.0,28.0,1,1,Highway,205.3,0.32,0.94,46.26,6.7
CAR113,7.89,85,67.1,2543.0,24.7,0,1,Rural,353.4,0.88,0.45,27.47,7.495499999999999
CAR145,8.24,85,46.4,2445.0,36.8,0,1,City,285.3,0.51,4.43,193.85,7.827999999999999
CAR090,2.45,10,54.4,2695.0,28.5,0,1,City,86.6,0.09,0.59,31.2,2.3275
CAR145,14.73,20,46.4,1937.0,41.5,0,1,City,171.1,0.43,0.56,24.22,4.067
CAR129,2.06,20,41.7,2159.0,42.7,0,0,City,234.0,0.2,2.39,87.18,1.9569999999999999
CAR010,12.12,20,46.3,700.0,47.9,0,1,Highway,255.1,0.29,3.99,178.97,11.514
CAR047,30.95,20,78.8,2958.0,31.1,1,2,City,194.3,0.55,0.65,47.14,8.79
CAR114,44.08,20,435.2756773827042,3353.0,15.6,1,1,City,440.1,0.32,3.03,251.54,41.876
CAR181,11.27,20,18.0,1954.0,28.6,0,1,City,240.4,0.78,2.34,35.85,6.076
CAR159,9.94,10,55.5,1134.0,24.7,0,1,City,403.7,0.57,0.28,14.41,1.903
CAR188,5.31,0,,1595.0,23.7,0,1,City,397.6,0.63,2.5,137.97,5.044499999999999
CAR099,2.19,10,53.5,1863.0,31.2,0,1,,135.0,0.29,1.49,82.0,2.0805
CAR151,26.89,20,58.2,2342.0,31.8,0,1,Highway,,0.76,1.59,89.1,13.836
CAR085,28.64,10,72.7,1224.0,21.4,0,0,City,287.1,0.41,2.82,186.48,20.564
CAR182,25.58,10,85.0,2258.0,24.8,0,0,Rural,324.7,0.44,4.38,365.88,24.301
CAR160,28.97,10,325.5266818033044,,17.7,0,1,Highway,355.8,0.15,3.2,205.73,23.176
CAR153,26.67,10,61.8,2055.0,36.6,0,2,Highway,149.1,0.6,1.73,97.85,12.722
CAR103,27.93,20,72.7,2396.0,26.3,0,1,City,234.9,0.47,3.42,227.33,26.5335
CAR177,36.0,20,27.1,1964.0,36.3,1,0,Highway,421.9,0.72,0.56,14.53,2.192
CAR080,28.27,20,47.5,2545.0,41.8,0,2,Highway,368.8,0.88,1.53,66.06,12.58
CAR043,26.54,10,41.2,2945.0,40.1,0,2,City,124.2,0.65,1.1,43.94,7.133
CAR169,37.58,10,37.2,2070.0,,1,2,Rural,162.9,0.59,3.17,101.85,14.414
CAR156,8.24,20,44.1,2564.0,24.3,0,0,City,397.5,0.14,0.47,18.71,2.565
CAR170,18.92,0,59.4,2110.0,22.9,1,0,City,88.7,0.3,0.46,26.92,2.413
CAR045,8.62,10,62.1,2342.0,29.8,1,0,Highway,317.8,0.5,3.11,177.75,8.188999999999998
CAR001,2.8,20,75.3,1953.0,29.4,0,0,Highway,265.4,0.55,2.13,141.68,2.6599999999999997
CAR115,19.02,20,84.3,2136.0,36.7,1,1,,392.5,0.73,2.35,187.36,18.069
CAR099,40.18,0,47.7,2099.0,23.1,1,1,Rural,164.8,0.36,2.63,129.14,12.583
CAR166,14.6,10,85.3,1088.0,35.8,0,1,Highway,260.4,0.38,3.88,301.11,13.87
CAR079,11.12,10,40.8,905.0,26.6,0,0,City,184.1,0.81,1.3,54.82,6.824
CAR020,4.15,20,33.5,2311.0,35.3,1,2,Highway,249.1,0.87,0.5,16.77,2.928
CAR111,28.74,10,37.9,2889.0,37.9,0,2,,313.5,0.33,1.19,43.19,6.073
CAR017,8.06,10,57.5,1494.0,25.1,0,0,City,163.9,0.79,3.2,179.7,7.657
CAR049,37.9,10,38.1,2435.0,27.8,0,2,City,106.9,0.32,0.96,32.75,4.612
CAR005,27.12,20,51.9,3137.0,10.2,0,1,Highway,185.7,0.65,2.06,101.07,16.242
CAR095,36.87,20,46.1,1517.0,41.1,1,0,Rural,233.0,0.58,0.63,30.32,4.598
CAR125,11.2,20,35.0,2005.0,19.4,0,0,Rural,115.5,0.61,0.86,27.05,3.486
CAR122,19.26,0,47.4,1323.0,32.4,0,2,City,268.4,0.56,0.28,11.73,1.325
CAR119,11.34,20,22.5,2008.0,21.6,1,1,City,193.9,0.89,3.24,65.01,10.773
CAR155,36.64,10,63.3,2540.0,15.6,1,1,Highway,171.0,0.14,1.59,100.2,11.495
CAR021,11.81,20,449.2268208885601,2163.0,31.4,1,0,Rural,341.0,0.63,2.59,233.68,11.2195
CAR036,6.55,10,35.1,1696.0,24.2,0,1,City,317.0,0.75,4.22,126.79,6.222499999999999
CAR003,24.04,20,42.4,2135.0,31.3,1,1,Highway,168.7,0.6,3.14,114.13,17.301
CAR150,30.89,20,52.9,2423.0,,1,0,City,263.4,0.2,0.37,19.11,2.812
CAR145,15.02,0,40.7,2305.0,16.5,1,1,,193.7,0.58,1.17,42.82,3.995
CAR040,37.54,20,45.5,3368.0,18.5,0,1,City,100.7,0.89,1.61,70.07,12.56
CAR121,16.42,20,66.9,2520.0,21.1,0,2,City,259.8,0.48,0.3,18.28,3.319
CAR122,37.91,0,48.3,1491.0,40.6,1,0,Highway,180.7,0.45,3.81,179.87,14.947
CAR194,24.12,85,15.9,3152.0,20.3,0,2,City,144.9,0.81,3.34,52.82,19.166
CAR041,32.44,20,49.8,1883.0,15.9,1,1,Highway,283.0,0.44,2.26,116.91,16.848
CAR191,6.12,85,75.9,2578.0,31.0,0,2,Highway,399.2,0.71,2.59,185.77,5.814
CAR002,40.73,20,74.9,1369.0,18.7,1,1,Rural,388.3,0.16,0.53,36.25,5.523
CAR168,3.71,10,47.5,2499.0,20.6,1,0,Highway,79.1,0.56,4.2,198.01,3.5244999999999997
CAR200,23.54,85,53.4,3014.0,25.9,1,0,City,297.0,0.75,0.61,33.84,11.704
CAR142,14.84,20,36.3,1747.0,32.6,1,1,,198.4,0.68,0.37,11.54,2.011
CAR071,2.26,10,53.1,1952.0,47.2,0,0,Highway,408.8,0.61,2.24,112.99,2.147
CAR112,27.32,10,44.7,1976.0,27.7,0,2,Rural,424.0,0.42,2.25,89.55,11.453
CAR106,26.01,10,34.6,1770.0,20.3,0,2,City,167.9,0.14,3.68,125.36,14.894
CAR004,31.24,20,19.6,1766.0,30.5,0,0,City,191.1,0.66,2.77,52.78,8.106
CAR119,3.43,10,38.6,2386.0,30.0,0,2,City,76.8,0.54,3.28,109.12,3.2585
CAR114,12.73,20,60.3,2164.0,36.1,0,1,City,199.7,0.51,3.28,168.64,12.0935
CAR161,19.28,10,62.7,2048.0,38.8,1,1,City,257.4,0.85,3.34,196.64,18.316
CAR035,23.07,10,35.4,2896.0,17.6,1,2,Highway,389.3,0.07,3.57,116.01,13.525
CAR034,21.83,10,80.4,2899.0,30.3,0,1,Rural,424.3,0.24,3.2,234.77,20.7385
CAR031,36.12,10,,2630.0,22.1,1,0,Rural,101.8,0.45,2.67,155.21,17.289
CAR192,25.51,10,67.3,1970.0,30.0,1,0,Rural,129.7,0.84,0.29,20.44,2.529
CAR047,24.52,20,91.5,1886.0,33.9,0,0,Rural,442.8,0.26,0.91,86.19,11.357
CAR032,4.82,10,99.2,2645.0,33.1,0,2,Highway,163.9,0.12,1.38,119.14,4.579
CAR030,6.88,20,48.3,3099.0,32.3,0,0,City,303.8,0.55,1.2,52.05,6.536
CAR190,20.12,0,7.1,1253.0,19.7,1,0,Rural,109.2,0.68,3.71,27.5,2.313
CAR054,28.62,10,53.4,,37.9,1,2,City,320.6,0.62,1.2,56.27,8.984
CAR055,7.86,20,46.3,1909.0,27.1,0,1,City,403.2,0.75,0.62,25.0,4.106
CAR171,8.95,20,5.0,,28.9,0,1,Highway,74.6,0.75,2.59,13.17,1.838
CAR107,28.22,85,47.3,1240.0,30.1,1,1,Highway,143.9,0.11,1.63,74.95,23.266
CAR182,27.29,10,45.1,2864.0,40.4,1,2,City,276.6,0.07,3.44,154.09,22.744
CAR197,30.72,85,75.1,2110.0,24.7,0,1,City,218.2,0.89,1.84,121.06,29.183999999999997
CAR168,43.68,10,25.3,2962.0,19.3,1,1,Highway,163.8,0.23,0.55,13.37,1.597
CAR199,23.85,10,40.1,2188.0,31.9,1,1,Highway,207.7,0.86,2.42,83.92,11.448
CAR003,35.03,20,48.1,2260.0,16.1,1,2,City,249.9,0.17,3.46,148.78,23.651
CAR125,12.86,85,38.4,1789.0,36.1,1,2,Highway,231.6,0.16,1.83,66.96,12.216999999999999
CAR075,27.53,20,63.7,3063.0,39.8,0,1,Highway,312.3,0.52,3.83,233.12,26.1535
CAR049,18.41,20,61.2,2173.0,35.3,0,2,City,216.9,0.3,4.19,229.51,17.4895
CAR144,25.68,20,24.9,1230.0,27.4,0,1,Highway,275.5,0.08,3.44,88.68,10.805
CAR057,20.61,20,24.5,2871.0,,1,0,Highway,402.2,0.75,0.76,16.99,2.527
CAR120,13.65,85,59.9,3310.0,29.2,1,1,Highway,370.3,0.09,4.18,256.34,12.9675
CAR061,9.49,10,59.4,2329.0,24.9,1,2,City,85.5,0.43,4.49,251.75,9.0155
CAR170,30.82,20,,2698.0,19.2,0,1,Rural,166.6,0.12,1.35,6.55,0.888
CAR100,15.59,20,62.0,2835.0,37.5,0,2,Highway,112.1,0.12,2.57,140.2,14.8105
CAR110,26.07,0,52.2,2680.0,24.8,1,0,City,103.3,0.76,3.63,183.3,21.078
CAR076,11.58,20,57.6,2955.0,,1,1,City,213.6,0.74,2.36,129.98,11.001
CAR059,14.51,20,72.3,3113.0,24.5,1,2,City,383.7,0.43,2.29,155.44,13.7845
CAR141,36.42,85,59.2,2978.0,30.0,0,0,Highway,83.8,0.26,2.42,128.58,34.599
CAR049,25.34,20,64.8,2309.0,15.6,0,1,City,83.4,0.76,4.44,291.39,24.073
CAR008,10.7,0,71.5,2395.0,28.6,1,1,Highway,132.0,0.15,2.23,142.12,10.165
CAR039,43.22,10,84.3,2065.0,29.0,0,0,City,128.2,0.44,1.75,135.93,15.283
CAR003,10.92,20,32.3,3088.0,,0,1,City,261.5,0.1,4.2,137.42,10.373999999999999
CAR147,41.79,10,54.5,,8.8,0,1,City,294.5,0.89,3.49,177.89,23.564
CAR096,15.91,20,29.2,1698.0,32.0,1,1,City,247.2,0.36,4.37,132.54,15.1145
CAR064,4.77,20,40.4,1946.0,27.9,1,1,Highway,86.5,0.35,4.13,160.48,4.531499999999999
CAR002,25.09,10,81.9,2253.0,18.6,1,0,City,80.8,0.06,1.94,148.3,16.281
CAR057,39.44,10,50.8,1728.0,20.1,1,0,Rural,279.8,0.75,3.95,193.71,24.096
CAR104,16.97,10,56.3,2423.0,23.6,1,1,Rural,399.0,0.07,0.85,46.63,5.62
CAR071,26.0,20,6.8,,27.2,0,1,City,,0.78,0.63,3.83,0.683
CAR124,39.91,10,38.2,1596.0,32.9,0,2,Highway,334.1,0.9,0.36,14.17,1.764
CAR072,2.24,20,38.2,1144.0,11.0,0,2,,206.4,0.89,2.17,79.15,2.128
CAR139,39.32,10,23.7,,19.3,1,2,City,130.9,0.36,0.87,20.37,3.184
CAR143,28.35,10,93.9,2623.0,26.3,0,0,City,367.6,0.6,2.43,216.08,26.718
CAR175,6.78,20,47.4,2102.0,27.1,0,2,Highway,141.0,0.52,0.62,28.19,4.216
CAR046,27.2,85,75.9,2830.0,47.8,1,2,Rural,337.3,0.63,3.62,270.75,25.84
CAR128,6.92,20,63.6,2813.0,33.5,0,2,Highway,183.9,0.7,3.03,188.4,6.574
CAR164,32.87,0,60.3,2118.0,28.5,0,1,City,261.3,0.75,2.98,183.02,18.063
CAR175,38.54,10,54.6,1912.0,25.6,1,0,City,444.9,0.59,3.12,166.08,20.83
CAR168,44.07,20,62.2,2648.0,44.0,0,2,Highway,234.3,0.33,2.74,161.12,27.077
CAR176,24.94,20,47.7,2106.0,32.2,0,1,Highway,278.3,0.29,2.67,110.59,15.4
CAR111,7.45,10,38.0,1977.0,26.9,1,2,Highway,88.6,0.61,1.39,48.35,6.115
CAR058,9.91,0,53.1,1929.0,36.3,1,2,Highway,200.0,0.75,3.85,210.6,9.4145
CAR188,33.52,20,70.8,3915.0,28.4,0,1,Rural,434.2,0.76,3.8,259.99,31.844
CAR092,10.65,20,28.6,3067.0,34.6,1,1,Rural,279.4,0.07,3.43,89.05,10.1175
CAR050,30.43,20,35.3,953.0,36.4,1,2,City,193.6,0.4,2.85,99.6,17.003
CAR062,41.43,20,69.7,2883.0,33.0,1,1,,154.2,0.06,4.45,315.02,39.3585
CAR111,16.29,10,52.0,2133.0,18.2,1,1,Highway,311.0,0.36,0.61,32.37,3.663
CAR113,19.42,10,51.2,1598.0,34.8,0,2,Highway,251.9,0.4,3.85,204.97,18.449
CAR068,16.49,20,39.8,2616.0,22.3,0,1,City,154.6,0.07,3.68,149.89,15.665499999999998
CAR072,7.52,85,39.2,1121.0,25.5,1,2,City,301.2,0.65,2.68,105.04,7.143999999999999
CAR182,41.04,20,40.0,2998.0,40.0,1,1,City,277.9,0.68,1.64,61.96,11.607
CAR178,4.39,20,29.9,,8.9,1,1,Highway,330.1,0.53,3.13,91.41,4.1705
CAR124,14.39,10,84.0,6209.082887371424,26.3,0,0,Highway,252.9,0.39,3.76,327.99,13.6705
CAR024,6.2,10,44.0,2257.0,25.3,0,1,City,74.6,0.42,3.99,156.58,5.89
CAR008,17.28,20,,2324.0,32.7,0,0,Rural,187.2,0.47,4.02,145.68,16.416
CAR023,11.81,10,31.5,2602.0,26.2,0,0,City,72.0,0.53,3.7,113.68,11.2195
CAR027,36.62,20,53.1,2213.0,35.1,1,0,Highway,134.4,0.43,0.64,35.0,4.604
CAR151,14.97,20,69.6,2338.0,22.8,1,1,City,385.6,0.17,0.32,20.3,3.266
CAR161,32.84,10,54.1,1703.0,28.8,0,1,City,242.5,0.07,3.76,175.83,20.195
CAR006,31.7,10,60.2,2841.0,14.8,0,1,rural,314.0,0.18,3.68,213.24,24.776
CAR037,40.96,10,56.2,2710.0,39.7,0,1,City,261.2,0.06,2.35,137.42,18.147
CAR013,35.73,0,33.1,2322.0,28.5,0,1,Highway,412.9,0.9,2.69,83.59,7.754
CAR178,3.73,0,33.0,2791.0,23.0,1,1,Highway,345.2,0.82,4.08,117.23,3.5435
CAR190,9.45,10,39.9,2544.0,25.2,0,0,City,226.6,0.7,0.76,30.88,4.104
CAR123,32.4,20,,3055.0,33.8,0,1,City,384.4,0.16,0.4,21.31,3.268
CAR193,2.35,0,64.4,1749.0,26.2,1,2,City,98.0,0.46,3.28,217.81,2.2325
CAR024,30.03,10,33.1,2325.0,33.2,1,1,Highway,294.9,0.12,2.12,69.72,7.656
CAR095,17.52,20,21.0,2899.0,31.0,0,1,City,76.6,0.55,2.3,48.33,7.803
CAR098,24.44,0,54.8,1291.0,22.5,1,0,Highway,241.5,0.09,3.65,172.29,9.34
CAR108,11.3,20,66.4,,34.0,1,1,City,412.1,0.36,3.0,194.46,10.735
CAR146,6.98,20,37.4,,24.9,0,0,City,322.5,0.1,3.59,138.46,6.631
CAR093,18.37,20,63.0,1951.0,30.9,1,1,Highway,343.7,0.88,1.41,91.54,15.383
CAR131,16.68,20,39.6,1982.0,31.0,1,0,Highway,317.3,0.05,2.1,80.07,9.93
CAR100,27.58,20,58.0,2396.0,30.0,0,2,City,131.0,0.28,2.68,163.13,26.200999999999997
CAR177,28.56,20,46.9,1784.0,21.6,1,2,City,263.5,0.54,0.26,12.0,2.164
CAR104,3.18,85,68.0,2447.0,19.3,0,1,Highway,147.0,0.61,1.81,127.51,3.021
CAR035,42.76,10,59.5,2547.0,17.5,0,2,Highway,366.4,0.26,0.38,23.62,2.912
CAR023,13.91,20,72.8,1312.0,34.7,0,2,Highway,227.4,0.28,2.59,183.22,13.2145
CAR014,2.94,20,44.5,1174.0,22.4,0,1,City,,0.78,2.07,87.51,2.7929999999999997
CAR164,19.11,10,6.5,2083.0,27.3,0,0,Rural,123.4,0.17,3.58,22.03,1.974
CAR062,44.44,20,43.4,1564.0,28.7,1,2,City,112.7,0.37,1.67,71.0,12.699
CAR200,19.21,0,53.4,2832.0,28.5,0,1,City,357.9,0.61,2.55,134.57,16.164
CAR170,15.69,10,40.9,1893.0,34.8,1,0,highway,423.7,0.85,2.54,92.85,11.668
CAR010,39.18,20,13.1,2509.0,40.3,0,0,Highway,105.7,0.4,3.07,34.8,4.716
CAR166,8.29,10,31.9,2424.0,41.6,0,0,Rural,423.5,0.43,0.72,20.81,2.523
CAR054,16.01,20,61.1,2631.0,18.2,1,0,Highway,199.8,0.8,3.61,202.54,15.2095
CAR193,43.91,85,55.1,3261.0,31.8,1,1,City,403.3,0.34,1.05,52.75,19.304
CAR075,12.45,0,58.1,1624.0,29.4,1,1,City,438.7,0.09,4.4,229.3,11.827499999999999
CAR179,25.7,20,68.9,1991.0,35.7,0,0,Rural,431.0,0.78,1.93,117.11,17.9
CAR040,41.54,20,56.4,2955.0,28.2,1,0,Highway,362.9,0.57,2.96,169.61,24.257
CAR001,19.01,0,74.1,2955.0,36.1,1,1,,178.9,0.33,0.75,55.44,5.049
CAR004,15.99,10,78.8,2143.0,22.5,1,0,City,379.8,0.62,3.03,234.21,15.1905
CAR134,25.8,20,60.9,2879.0,30.4,1,0,Rural,151.8,0.18,2.62,139.4,20.153
CAR150,36.22,20,57.6,1563.0,31.2,0,0,Rural,413.9,0.27,1.74,86.0,12.221
CAR078,13.95,10,43.2,2937.0,23.9,1,2,City,261.4,0.56,1.13,42.23,6.887
CAR071,2.26,10,53.1,1952.0,47.2,0,0,Highway,408.8,0.61,2.24,112.99,2.147
CAR017,35.96,20,62.1,2353.0,23.2,1,2,City,360.3,0.75,4.09,258.32,34.162
CAR103,26.1,20,33.7,1929.0,18.0,0,2,City,70.5,0.46,0.46,14.62,2.528
CAR182,27.66,10,79.9,2418.0,32.6,1,2,City,333.0,0.81,3.45,276.03,26.276999999999997
CAR188,6.12,10,61.1,2093.0,35.4,1,1,City,369.3,0.22,1.84,101.36,5.814
CAR086,34.64,10,45.0,1372.0,11.4,0,2,City,351.6,0.59,1.64,64.89,9.62
CAR107,7.72,0,29.0,3276.0,22.2,1,0,Highway,299.5,0.87,2.74,80.15,7.334
CAR182,4.05,20,55.5,1648.0,27.3,1,1,City,97.4,0.52,0.95,49.23,3.8474999999999997
CAR166,43.06,20,54.5,1910.0,32.2,1,0,City,165.4,0.13,3.47,187.12,26.85
CAR034,35.22,20,23.4,1780.0,28.0,1,2,Highway,352.5,0.28,2.32,53.77,8.436
CAR112,42.34,10,38.3,2763.0,21.2,0,0,City,432.3,0.07,1.82,59.43,6.569
CAR136,15.28,20,77.4,1986.0,35.0,1,1,,238.7,0.32,2.68,180.15,14.515999999999998
CAR098,36.52,10,60.2,1736.0,16.6,1,2,City,245.0,0.05,1.98,116.92,14.835
CAR105,33.46,10,44.2,2903.0,17.7,0,1,City,333.1,0.51,4.37,176.81,24.046
CAR182,42.52,20,11.3,1951.0,40.8,0,1,Highway,283.5,0.65,3.19,31.89,5.077
CAR149,30.85,0,78.3,2207.0,6.2,0,1,City,,0.06,2.31,183.27,16.809
CAR122,38.17,20,73.0,979.0,,1,1,Highway,402.2,0.18,3.63,270.22,36.2615
CAR130,23.74,0,60.2,2847.0,38.2,0,1,Highway,306.3,0.57,2.05,115.37,11.422
CAR057,26.08,20,65.9,2863.0,21.2,1,2,City,189.0,0.46,1.51,94.41,16.772
CAR126,18.06,0,60.9,2365.0,,0,0,Rural,356.4,0.61,1.72,98.3,7.13
CAR055,3.78,10,27.4,1932.0,24.9,1,2,City,387.4,0.32,3.22,75.21,3.5909999999999997
CAR149,21.6,10,25.2,1559.0,20.0,1,1,City,322.9,0.66,2.04,47.27,6.048
CAR179,20.43,10,67.0,2512.0,12.8,1,1,Highway,271.9,0.81,1.97,120.56,15.703
CAR081,8.71,20,74.8,2440.0,11.3,0,2,Highway,193.9,0.11,4.2,271.76,8.2745
CAR182,12.41,10,,1600.0,35.4,1,1,,280.6,0.62,1.3,78.78,10.786
CAR052,15.34,0,56.1,2043.0,25.4,0,1,City,307.3,0.25,4.06,197.44,14.572999999999999
CAR143,9.06,85,52.8,2938.0,27.5,1,1,City,325.7,0.66,0.42,21.62,7.709
CAR105,17.21,10,53.6,1902.0,24.2,0,1,City,174.5,0.28,3.0,160.76,16.3495
CAR165,17.32,20,69.7,2139.0,29.8,1,0,Highway,108.8,0.23,3.79,239.26,16.454
CAR139,35.15,20,53.4,3712.0,46.4,0,0,City,348.4,0.24,3.66,193.45,31.887
CAR045,43.36,20,37.7,2793.2892166838024,43.5,0,1,City,321.8,0.68,3.97,140.01,22.499
CAR144,28.93,20,79.4,2593.0,26.0,1,1,Rural,373.2,0.29,0.54,43.63,7.249
CAR127,4.97,20,70.8,,,0,1,City,235.7,0.42,0.29,20.54,3.386
CAR026,17.44,10,24.8,1546.0,34.2,1,0,City,239.0,0.28,4.16,106.64,12.536
CAR159,8.62,20,52.6,2986.0,33.1,1,1,Highway,419.9,0.34,0.57,28.53,4.505
CAR010,32.3,10,61.9,1974.0,23.0,0,0,City,158.1,0.3,3.28,196.42,24.256
CAR009,13.38,10,60.4,1465.0,19.3,0,0,City,,0.14,3.04,189.14,12.711
CAR124,16.9,20,54.4,2675.0,36.7,1,2,Highway,184.5,0.34,4.14,199.33,16.054999999999996
CAR112,5.39,10,55.3,2093.0,,1,2,Rural,199.5,0.06,1.71,82.06,5.1205
CAR104,42.89,10,58.0,1822.0,19.9,0,2,City,285.2,0.48,3.05,177.95,25.576
CAR042,28.59,10,51.5,,18.4,0,1,City,243.8,0.49,1.76,86.4,10.947
CAR122,42.7,10,60.7,1904.0,21.3,1,0,,361.7,0.4,0.52,27.13,3.501
CAR109,36.52,20,20.2,2629.0,36.8,0,0,Rural,307.6,0.08,2.29,42.46,5.834
CAR007,14.11,10,27.9,2041.0,30.3,1,0,City,130.1,0.11,3.79,103.32,11.75
CAR054,40.4,10,50.9,2092.0,37.2,1,1,City,335.2,0.89,4.46,217.15,33.854
CAR100,19.13,20,40.2,2083.0,28.7,0,1,Rural,306.6,0.29,1.55,55.34,8.443
CAR080,10.26,10,20.4,2971.0,31.4,1,0,Rural,105.4,0.35,1.25,25.62,3.093
CAR059,4.66,20,76.9,2359.0,18.2,0,0,City,327.3,0.79,3.43,274.19,4.427
CAR074,28.13,85,60.2,2466.0,30.4,0,1,City,214.5,0.77,1.0,55.57,19.025
CAR087,27.03,0,42.1,1744.0,43.6,1,2,City,196.7,0.64,2.34,99.54,12.852
CAR196,39.93,20,58.2,2109.0,14.6,0,2,City,341.9,0.51,3.47,211.38,37.121
CAR045,23.14,20,35.1,,31.3,0,0,Highway,358.7,0.22,1.15,35.37,4.41
CAR115,28.91,10,44.5,2162.0,20.8,1,2,City,110.9,0.14,4.02,183.78,25.108
CAR155,3.85,20,86.3,1942.0,46.6,0,1,City,406.2,0.67,3.83,290.25,3.6574999999999998
CAR025,44.4,10,25.6,2401.0,31.4,1,0,Highway,353.8,0.09,0.97,22.95,2.51
CAR057,20.13,20,55.9,2175.0,28.3,0,1,City,102.2,0.08,3.84,215.2,19.123499999999996
CAR162,40.13,85,54.0,1653.0,19.4,1,1,City,227.5,0.36,3.77,200.24,38.1235
CAR072,6.11,0,41.0,2540.0,31.6,0,1,Highway,106.2,0.27,0.71,30.39,2.145
CAR027,35.19,0,,2183.0,28.2,1,0,Highway,318.7,0.33,1.1,27.61,2.137
CAR095,35.45,20,76.9,2526.0,,0,2,City,119.1,0.54,2.2,170.35,31.139
CAR129,23.75,20,81.0,1975.0,28.0,0,1,City,376.7,0.43,0.2,16.85,2.731
CAR169,2.06,20,65.8,1514.0,19.4,1,0,Rural,437.6,0.41,3.47,236.32,1.9569999999999999
CAR066,31.28,20,51.8,2290.0,11.9,1,2,Highway,259.6,0.72,2.82,144.51,22.693
CAR027,15.33,20,50.8,1974.0,26.8,0,0,Rural,195.8,0.09,1.23,56.12,6.235
CAR182,7.73,85,58.9,2314.0,32.9,0,1,City,424.7,0.59,1.56,84.24,7.3435
CAR064,19.9,10,40.7,2027.0,35.5,1,0,City,311.9,0.23,0.48,19.19,2.473
CAR103,31.85,10,48.7,1711.0,30.5,0,0,City,218.7,0.12,3.78,182.28,18.794
CAR096,10.46,10,46.4,1655.0,40.5,0,2,City,295.1,0.34,3.07,138.23,9.937000000000001
CAR113,28.68,20,30.2,,34.1,1,0,Highway,202.0,0.25,2.88,75.34,8.843
CAR051,44.3,20,67.4,3311.0,27.6,0,2,Rural,184.8,0.11,0.94,58.82,8.946
CAR005,38.89,10,44.0,,32.0,0,1,City,429.7,0.26,4.34,164.79,22.452
CAR035,26.24,20,36.0,2021.0,31.5,0,0,City,105.2,0.18,3.46,113.72,15.883
CAR032,11.63,20,49.1,2493.0,13.1,0,1,Highway,313.3,0.74,3.56,162.76,11.0485
CAR152,2.78,10,50.0,3098.0,35.7,1,1,City,297.4,0.1,2.97,129.99,2.6409999999999996
CAR038,10.37,10,39.0,1982.0,17.6,1,1,Rural,173.7,0.75,0.57,23.16,2.875
CAR088,31.41,20,78.1,1825.0,7.3,1,2,City,132.4,0.22,1.18,85.28,14.499
CAR049,24.64,20,21.7,2187.0,26.0,0,1,City,297.6,0.5,0.66,12.55,2.012
CAR070,20.95,10,42.5,1809.0,30.3,0,2,Highway,222.1,0.08,1.39,53.66,5.84
CAR189,29.85,0,69.0,1424.0,29.5,0,2,Highway,348.9,0.53,4.43,270.08,21.785
CAR162,20.77,10,44.3,1422.0,23.6,0,0,City,385.9,0.78,2.47,96.97,12.692
CAR113,33.69,20,38.6,7785.296088214427,45.5,0,1,Rural,306.8,0.77,4.16,149.9,27.375
CAR021,38.55,20,64.7,2594.0,13.0,0,1,City,89.5,0.3,2.83,174.98,26.638
CAR075,3.61,10,44.1,2317.0,19.5,0,0,Highway,105.9,0.27,1.91,75.22,3.4294999999999995
CAR047,28.94,10,32.3,2486.0,24.0,0,2,City,314.8,0.67,3.21,104.36,16.052
CAR005,27.38,10,52.8,3000.0,38.5,1,0,City,203.9,0.32,2.87,147.9,20.092
CAR090,6.96,20,40.3,1627.0,30.0,1,2,City,214.0,0.24,2.39,84.15,6.612
CAR113,35.23,10,32.9,2745.0,33.1,1,2,City,152.1,0.44,3.27,96.63,14.651
CAR192,28.17,20,50.8,3292.0,26.3,1,0,Highway,311.7,0.7,0.95,41.84,6.494
CAR072,21.18,20,36.7,2528.0,18.6,1,1,City,277.0,0.35,1.97,63.07,10.004
CAR079,42.99,85,63.0,1874.0,15.9,0,0,City,206.9,0.76,3.85,244.67,40.8405
CAR154,19.32,20,50.4,2684.0,27.4,0,2,City,210.1,0.41,3.94,185.59,18.354
CAR122,28.23,20,65.8,2185.0,17.7,0,1,City,100.4,0.13,2.77,175.46,26.406
CAR043,2.29,85,69.0,2936.0,37.9,1,2,City,416.8,0.13,2.91,190.34,2.1755
CAR139,11.23,10,53.3,1401.0,36.0,1,1,City,274.9,0.38,3.13,147.62,10.6685
CAR118,35.68,20,64.6,2257.0,28.0,0,1,City,,0.28,3.71,232.85,33.896
CAR098,15.33,20,34.0,1964.0,22.6,0,2,Highway,99.1,0.67,2.13,74.66,10.849
CAR003,13.08,10,62.0,1365.0,17.7,0,2,Highway,178.9,0.5,1.2,66.14,7.58
CAR112,39.46,20,5.0,2617.0,,1,0,City,244.6,0.07,2.25,11.44,1.772
CAR129,9.24,20,41.3,1804.0,20.1,1,1,City,420.9,0.4,3.42,130.42,8.778
CAR164,5.54,20,74.1,1659.0,29.1,0,0,,297.8,0.33,3.04,201.04,5.263
CAR073,14.32,10,47.8,1929.0,37.1,1,2,Rural,381.5,0.76,3.84,175.31,13.604
CAR150,23.85,20,33.7,3254.0,22.1,0,0,City,304.2,0.57,3.02,97.24,15.199
CAR152,3.24,10,28.0,2374.0,19.4,1,1,City,265.0,0.45,1.64,40.6,3.078
CAR179,44.16,20,27.5,1948.0,27.7,1,0,,373.2,0.13,0.45,11.37,1.52
CAR161,2.32,85,53.8,1663.0,20.5,1,2,City,426.8,0.63,3.69,190.41,2.2039999999999997
CAR029,4.86,20,70.1,2439.0,20.9,1,2,City,187.9,0.34,3.25,218.93,4.617
CAR169,24.41,0,66.0,2421.0,20.7,1,0,Rural,412.9,0.56,0.5,28.6,2.651
CAR188,16.4,20,58.5,1586.0,11.0,1,0,City,321.6,0.67,1.16,58.83,9.666
CAR164,8.95,0,45.0,,17.0,1,1,Highway,81.5,0.31,2.03,78.55,5.929
CAR003,39.76,10,44.3,2264.0,38.0,1,0,City,79.4,0.51,2.91,125.69,16.655
CAR175,6.8,10,28.2,1488.0,23.8,1,2,Highway,110.2,0.8,2.99,73.97,6.46
CAR161,9.75,0,11.5,2229.0,31.0,1,2,City,390.0,0.67,0.93,10.94,1.462
CAR078,21.17,20,30.3,2949.0,18.4,1,1,Highway,335.8,0.57,3.43,89.65,14.592
CAR029,31.1,20,63.7,3064.0,11.5,0,1,City,357.9,0.53,0.68,40.96,6.987
CAR117,31.59,20,49.6,2549.0,32.3,1,2,,172.7,0.66,0.58,28.87,4.766
CAR109,16.85,10,67.6,1232.0,22.0,0,2,Rural,133.1,0.11,1.29,75.03,8.815
CAR143,27.07,0,28.7,2894.0,30.6,0,2,City,224.8,0.42,2.66,73.94,8.484
CAR118,2.86,20,61.4,2162.0,27.7,0,2,Highway,145.7,0.41,1.15,68.18,2.7169999999999996
CAR199,44.1,10,52.1,1409.0,48.0,0,2,City,173.6,0.83,1.29,59.01,10.421
CAR198,40.43,20,56.4,1702.0,26.5,0,2,City,237.9,0.17,3.36,172.53,26.756
CAR095,9.65,10,54.0,2329.0,21.5,1,2,city,185.8,0.44,4.24,226.52,9.1675
CAR111,29.03,20,6.6,1606.0,,0,1,City,94.6,0.78,2.24,15.49,2.578
CAR148,23.97,20,49.7,2500.0,31.4,1,0,City,127.1,0.64,4.27,187.44,22.7715
CAR098,28.27,20,50.6,2421.0,24.6,1,1,City,180.1,0.72,0.8,41.88,7.231
CAR042,20.81,85,63.9,1276.0,27.3,0,1,City,111.8,0.72,0.53,35.34,12.081
CAR011,41.39,85,50.2,2395.0,13.7,0,0,Rural,239.7,0.15,0.36,17.88,5.407
CAR036,2.91,20,11.8,2055.0,33.2,1,0,City,235.5,0.57,4.33,46.93,2.7645
CAR010,34.01,20,33.4,1017.0,35.1,0,1,Highway,302.1,0.7,3.75,114.46,16.176
CAR162,41.84,10,56.5,1528.0,16.7,1,0,Rural,398.8,0.75,3.54,173.53,22.817
CAR164,40.33,0,81.9,2225.0,18.9,1,0,Rural,377.2,0.77,4.47,352.69,33.734
CAR122,24.56,0,68.0,2523.0,24.8,0,2,Highway,409.1,0.35,3.99,244.65,22.748
CAR062,5.48,10,43.6,1932.0,43.5,1,2,,355.5,0.64,3.25,144.18,5.206
CAR110,13.4,0,52.8,1535.0,18.8,0,0,Highway,163.3,0.79,1.81,96.84,6.568
CAR110,23.95,20,50.9,1657.0,34.1,0,1,Highway,240.7,0.39,1.32,69.76,9.074
CAR066,14.53,85,41.9,2464.0,40.1,1,1,Rural,276.9,0.45,0.35,13.89,4.68
CAR002,15.44,10,47.6,2064.0,27.5,1,0,City,256.5,0.72,2.96,139.19,14.668
CAR050,37.88,20,30.6,1813.0,31.2,0,0,City,96.6,0.28,1.33,41.59,5.912
CAR019,19.38,0,22.8,2291.0,16.2,1,0,Highway,121.8,0.06,2.88,66.86,4.386
CAR069,28.48,85,30.6,1500.0,21.8,0,0,City,264.9,0.41,2.57,75.71,24.747
CAR166,28.77,10,70.7,1956.0,25.6,0,0,,304.9,0.16,3.83,268.04,26.972
CAR181,22.52,20,34.1,2197.0,27.9,1,2,Highway,417.6,0.34,2.48,87.56,13.825
CAR092,32.63,10,75.4,1295.0,32.1,1,2,City,307.9,0.75,1.38,90.16,14.033
CAR149,19.83,20,54.5,1753.0,33.6,0,0,Rural,230.5,0.68,2.49,140.7,18.838499999999996
CAR156,34.24,85,67.6,1943.0,30.3,0,2,Highway,221.9,0.36,1.42,84.93,27.597
CAR113,2.96,10,52.0,1756.0,40.4,1,2,City,274.4,0.83,0.99,53.87,2.812
CAR089,31.12,10,53.6,1813.0,43.2,1,0,Highway,327.3,0.81,0.46,21.31,2.801
CAR080,28.3,85,94.6,1628.0,36.4,1,0,City,249.4,0.64,0.98,87.97,26.884999999999998
CAR100,7.3,20,35.1,2109.0,35.5,1,2,City,262.8,0.83,0.96,30.1,5.592
CAR029,30.71,10,65.5,3127.0,24.8,0,1,Highway,90.2,0.84,2.92,199.2,23.223
CAR073,20.48,10,278.09279388339434,1866.0,33.5,1,2,City,149.9,0.49,2.98,159.67,19.456
CAR082,23.76,20,60.1,2066.0,42.1,1,0,Highway,295.8,0.51,2.88,147.23,20.817
CAR183,24.87,20,11.9,3069.0,28.2,1,1,Highway,259.2,0.31,1.57,16.94,2.697
CAR107,3.34,85,70.1,1885.0,,0,0,Highway,239.8,0.46,2.36,140.86,3.1729999999999996
CAR094,6.07,20,5.0,3050.0,22.3,1,0,City,158.7,0.77,2.86,12.71,2.053
CAR043,24.79,85,26.9,1788.0,31.3,1,0,,398.3,0.77,0.72,16.86,5.811
CAR079,3.91,20,79.7,2266.0,22.8,0,1,Highway,97.7,0.2,3.09,230.15,3.7145
CAR016,4.17,10,49.9,2137.0,24.4,1,0,Rural,255.7,0.88,4.27,196.05,3.9614999999999996
CAR126,21.9,20,54.4,3022.0,20.2,0,2,Highway,227.4,0.11,0.55,29.62,4.263
CAR191,37.36,10,34.9,1963.0,42.2,0,2,Highway,276.1,0.23,2.08,63.95,9.137
CAR157,2.78,20,,2270.0,31.1,1,0,City,360.5,0.07,3.94,196.59,2.6409999999999996
CAR002,28.19,10,58.2,2566.0,28.6,1,1,City,146.3,0.1,1.34,78.23,9.433
CAR179,10.91,10,72.0,2001.0,20.6,0,0,City,244.8,0.89,1.89,125.98,10.3645
CAR179,37.67,20,55.9,935.0,42.4,0,1,Highway,409.2,0.16,1.39,80.85,11.216
CAR019,17.84,20,26.7,1484.0,36.9,1,2,Rural,,0.38,0.29,6.84,1.14
CAR139,44.56,20,38.0,1925.0,36.1,1,1,City,368.9,0.66,3.44,131.59,23.936
CAR093,37.17,10,85.0,3391.0,34.8,0,1,City,121.4,0.11,1.85,163.98,19.368
CAR141,9.73,20,42.3,,36.8,1,1,City,94.0,0.47,3.74,153.61,9.2435
CAR178,19.04,20,26.1,1846.0,20.4,1,1,Rural,271.7,0.29,3.5,77.89,11.406
CAR076,37.31,20,57.6,2794.0,39.3,0,1,Highway,280.7,0.41,3.19,176.29,28.149
CAR023,21.22,10,41.4,1663.0,22.0,1,1,Highway,191.0,0.72,0.89,34.26,3.944
CAR183,22.62,10,74.6,2444.0,32.6,0,1,City,293.3,0.34,3.71,248.47,21.489
CAR053,38.49,0,32.4,1801.0,20.5,1,1,Rural,70.5,0.15,3.8,123.37,10.506
CAR133,38.14,10,14.1,2718.0,29.7,0,2,Rural,277.9,0.86,2.54,36.48,5.364
CAR071,36.11,0,11.2,1981.0,26.0,1,1,,220.5,0.46,3.91,41.54,4.75
CAR048,26.01,10,29.1,1392.0,20.2,0,0,Highway,437.1,0.74,3.38,86.54,8.569
CAR123,6.79,10,44.9,2448.0,32.5,0,1,Rural,294.7,0.52,1.21,51.0,6.4505
CAR168,22.61,85,40.5,2537.0,5.9,0,2,City,,0.06,2.03,70.89,21.479499999999998
CAR002,4.58,0,29.6,2229.0,22.5,1,1,Highway,217.7,0.43,1.6,41.65,3.753
CAR023,9.04,10,46.9,1036.0,29.7,0,1,,115.8,0.2,3.69,163.8,8.588
CAR128,27.59,20,63.5,2482.0,28.6,1,2,Rural,225.5,0.36,4.14,245.87,26.2105
CAR039,38.68,85,21.3,1167.0,17.1,1,2,Highway,300.7,0.47,1.9,37.25,12.38
CAR167,31.03,0,27.9,2975.0,29.6,0,0,Rural,,0.27,1.59,41.88,3.448
CAR122,30.84,10,53.1,1533.0,25.5,1,2,City,417.2,0.69,0.47,24.12,3.778
CAR052,13.02,20,34.7,1674.0,33.6,0,1,City,129.8,0.24,2.45,87.91,12.369
CAR179,39.5,20,36.9,3125.0,24.0,1,1,City,129.9,0.58,3.04,107.62,19.562
CAR156,42.91,10,22.7,4041.0,35.9,0,0,City,261.6,0.58,1.89,36.94,5.147
CAR050,7.7,20,30.4,2174.0,33.7,0,1,Rural,162.5,0.56,3.34,105.81,7.3149999999999995
CAR175,7.16,10,55.8,2678.0,30.6,0,1,City,356.9,0.5,3.99,230.19,6.802
CAR144,4.65,20,22.4,1988.0,27.8,1,0,Rural,89.1,0.28,3.69,80.76,4.4175
CAR134,33.23,20,41.7,2891.0,44.7,0,0,Rural,365.3,0.47,4.39,188.7,30.49
CAR195,33.04,10,37.5,1949.0,45.0,0,1,City,112.8,0.36,0.83,31.73,4.877
CAR149,17.51,10,51.4,1725.0,35.1,0,1,City,117.8,0.3,3.31,156.06,16.6345
CAR066,24.64,85,54.8,2343.0,24.7,1,2,City,448.5,0.76,3.08,167.75,23.407999999999998
CAR053,10.9,10,58.4,1438.0,30.7,1,2,,405.5,0.43,1.41,83.42,9.937
CAR190,30.09,10,18.9,1728.0,42.9,0,1,City,146.0,0.24,4.2,76.53,10.278
CAR191,13.0,0,51.8,2650.0,24.1,0,1,City,244.7,0.68,1.33,71.08,8.212
CAR073,6.46,0,74.7,2118.0,35.1,0,2,Rural,231.4,0.05,2.93,218.65,6.137
CAR186,2.51,10,16.1,2690.0,32.6,0,1,Highway,108.4,0.6,4.32,63.76,2.3844999999999996
CAR009,39.24,20,60.5,1879.0,,1,2,Rural,390.9,0.63,1.38,77.3,13.125
CAR081,44.62,20,49.0,2964.0,29.1,0,2,Highway,356.6,0.56,1.65,71.76,11.203
CAR072,3.6,20,14.3,2156.0,7.0,1,1,,90.2,0.56,0.99,13.5,2.29
CAR082,15.18,10,72.2,2261.0,27.6,0,2,City,173.2,0.56,4.07,302.61,14.421
CAR098,30.66,20,44.5,2497.0,34.4,0,0,Highway,418.5,0.09,3.12,144.84,17.129
CAR006,33.33,20,52.9,2274.0,27.4,1,0,Highway,380.6,0.41,3.53,173.03,24.256
CAR084,18.66,0,63.5,1405.0,32.4,0,1,Rural,306.5,0.57,2.4,147.12,13.9
CAR058,24.63,10,26.5,2591.0,30.5,1,2,Highway,253.3,0.6,2.29,61.06,8.554
CAR018,43.64,10,62.5,1781.0,19.7,1,1,City,184.3,0.42,3.23,178.45,23.954
CAR101,42.06,0,81.5,2044.0,20.7,1,2,Highway,283.8,0.7,4.2,335.15,37.141
CAR188,21.93,20,28.1,2127.0,20.6,1,1,Highway,209.3,0.53,3.4,98.43,15.344
CAR114,11.67,10,29.8,1981.0,32.7,0,2,City,378.1,0.15,2.05,55.52,7.133
CAR046,32.14,0,58.5,2995.0,,0,2,Highway,371.4,0.7,2.94,155.55,16.803
CAR157,11.41,20,41.4,1044.0,18.8,1,0,Rural,426.6,0.06,1.33,56.45,8.359
CAR104,43.1,20,36.3,2490.0,18.8,0,0,City,346.1,0.27,0.97,36.67,5.248
CAR027,34.81,20,24.0,,22.0,0,1,,373.8,0.5,1.66,35.65,4.918
CAR126,9.12,20,62.1,2122.0,33.9,0,0,Rural,399.1,0.74,3.95,235.94,8.664
CAR113,20.37,10,39.4,2274.0,33.9,1,2,Highway,396.4,0.1,3.89,137.66,16.356
CAR032,40.9,20,26.9,2183.0,23.5,1,1,Highway,,0.48,1.5,34.98,5.413
CAR057,20.54,20,64.64029824379902,1715.0,32.5,0,1,Highway,377.7,0.74,3.83,48.47,7.524
CAR035,32.04,10,29.7,2846.0,30.3,0,0,Highway,110.4,0.12,2.43,62.97,5.618
CAR052,17.45,20,61.1,2416.0,25.8,1,1,Highway,116.2,0.51,1.56,83.77,11.851
CAR047,43.64,20,29.2,2072.0,25.8,0,0,Highway,365.8,0.13,4.06,115.17,13.849
CAR153,40.68,0,41.4,2163.0,27.8,0,2,Highway,252.9,0.12,1.96,70.38,5.879
CAR200,3.42,20,39.9,2593.0,18.6,0,1,City,315.3,0.08,1.37,55.6,3.2489999999999997
CAR141,27.32,10,25.9,2985.0,45.1,1,1,City,405.5,0.34,0.6,15.96,2.432
CAR176,27.83,20,53.4,2881.0,20.5,0,1,Highway,,0.78,1.68,76.89,11.097
CAR090,35.83,20,42.0,1571.0,23.0,1,2,City,228.3,0.16,0.59,24.99,4.216
CAR086,2.16,10,44.0,1091.0,24.3,0,0,City,376.6,0.45,1.68,64.18,2.052
CAR108,19.88,0,47.6,2733.0,23.5,1,0,Highway,311.1,0.86,3.0,127.11,11.412
CAR074,20.95,85,26.1,1758.0,36.2,1,1,Highway,70.4,0.43,4.4,109.85,19.9025
CAR015,16.01,10,65.0,2937.0,35.9,1,0,Highway,422.6,0.8,0.35,22.42,2.9
CAR112,15.55,20,61.7,2380.0,33.5,1,1,Rural,359.1,0.19,3.91,230.5,14.7725
CAR172,5.06,20,8.0,2299.0,19.8,0,0,City,171.7,0.46,1.11,8.49,1.238
CAR015,34.37,0,31.9,2342.0,33.2,1,1,City,405.4,0.06,0.27,8.57,0.8
CAR183,28.77,0,93.4,1591.0,23.7,0,1,Rural,279.7,0.71,4.47,387.13,27.3315
CAR149,6.8,10,38.5,1656.0,39.3,1,1,City,142.1,0.23,1.58,54.34,6.46
CAR039,25.0,10,41.5,2153.0,26.8,0,1,Rural,280.1,0.5,2.01,85.35,11.086
CAR151,16.45,10,53.4,2171.0,40.3,1,0,Highway,221.3,0.84,2.81,131.34,15.627499999999998
CAR039,17.18,0,35.4,2610.0,36.2,0,2,City,220.2,0.83,3.41,118.97,14.997
CAR073,15.68,10,79.6,2248.0,27.1,0,0,City,195.8,0.09,3.31,228.29,14.895999999999999
CAR086,21.76,20,23.6,859.0,18.5,0,1,Rural,86.7,0.78,2.43,53.34,7.706
CAR092,22.11,0,26.6,2354.0,36.9,1,1,City,272.1,0.46,4.39,100.26,10.741
CAR199,37.43,20,51.2,2555.0,23.4,1,1,Highway,288.2,0.71,2.78,141.51,21.221
CAR001,11.94,20,26.2,1748.0,27.1,1,0,Rural,205.3,0.5,0.63,16.65,2.478
CAR163,34.59,20,73.2,1398.0,34.0,1,1,Rural,393.9,0.33,1.27,92.19,13.109
CAR008,42.02,20,12.1,1588.0,41.3,0,0,Highway,315.0,0.15,0.99,10.19,1.327
CAR033,13.42,10,41.6,2606.0,20.3,1,0,City,81.3,0.77,3.68,137.12,12.748999999999999
CAR017,41.37,20,33.4,2228.0,37.7,1,2,,,0.63,1.79,54.82,9.244
CAR137,26.98,10,52.9,2200.0,40.1,0,1,City,312.6,0.4,3.3,178.43,25.382
CAR116,38.01,20,61.8,1290.0,21.3,1,1,Rural,185.7,0.36,3.9,218.2,31.751
CAR152,24.49,10,48.6,3387.0,34.4,1,0,Rural,331.4,0.79,0.33,14.91,1.95
CAR020,19.41,10,28.9,2768.0,41.5,0,1,City,278.4,0.07,1.01,27.93,3.949
CAR040,36.82,85,52.9,2479.0,27.8,1,1,City,369.4,0.57,2.63,127.18,34.979
CAR001,37.3,10,68.5,791.0,29.0,1,0,City,322.8,0.53,1.18,82.57,9.363
CAR084,29.31,10,34.2,1786.0,30.0,0,0,Highway,203.9,0.71,0.22,7.84,0.812
CAR162,21.77,20,9.7,2217.0,21.1,1,1,Highway,299.5,0.45,0.73,6.86,1.091
CAR138,40.82,10,69.7,2226.0,28.4,0,0,City,210.1,0.73,0.97,67.2,8.695
CAR060,41.29,10,31.0,3396.0,27.9,1,1,Rural,254.4,0.63,1.39,39.25,5.342
CAR087,9.92,0,30.2,2528.0,30.7,1,0,City,312.0,0.14,0.21,6.46,0.659
CAR086,8.58,85,5.0,1858.0,,1,1,Highway,177.1,0.08,3.89,17.89,5.515
CAR151,26.08,20,29.8,1937.0,25.9,1,0,Highway,326.9,0.49,3.15,95.5,13.559
CAR028,40.77,10,16.6,1504.0,29.9,0,2,Rural,255.6,0.09,2.9,47.91,5.475
CAR040,23.05,20,72.9,2363.0,38.8,0,1,Rural,100.8,0.4,4.19,309.25,21.8975
CAR039,27.76,20,22.2,2316.0,23.3,1,1,Highway,336.1,0.67,1.94,41.01,6.304
CAR101,33.03,10,25.8,3439.0,15.7,0,1,City,356.1,0.23,3.84,92.02,12.446
CAR142,12.27,10,43.8,1894.0,26.9,0,1,City,395.3,0.67,2.61,109.55,11.6565
CAR189,12.05,20,63.2,1710.0,36.9,0,1,City,368.4,0.56,2.56,157.99,11.4475
CAR171,26.72,20,30.9,2607.0,28.4,0,2,Highway,340.1,0.36,1.48,40.54,6.289
CAR164,17.9,0,18.4,2048.0,26.6,1,1,City,171.3,0.28,0.68,11.85,1.144
CAR152,22.72,85,43.3,3185.0,13.6,0,1,Highway,148.7,0.07,0.62,27.95,8.827
CAR190,22.86,85,11.1,3305.0,20.9,1,0,Rural,103.1,0.07,3.73,36.36,11.52
CAR044,29.69,20,72.1,2866.0,25.5,0,0,City,436.5,0.28,1.4,102.85,14.611
CAR121,38.56,10,68.1,1750.0,37.7,0,0,Highway,142.3,0.44,2.71,180.88,17.682
CAR137,2.56,85,28.6,2252.0,28.8,1,0,Highway,407.8,0.39,3.14,78.96,2.432
CAR167,41.49,85,40.8,1844.0,29.3,1,2,Rural,328.3,0.36,0.74,27.4,9.529
CAR146,40.89,0,56.2,2207.0,28.9,1,0,Highway,258.9,0.78,3.91,204.95,16.742
CAR036,31.28,20,31.1,2879.0,26.3,1,1,Highway,111.3,0.56,1.49,43.25,6.588
CAR077,11.52,10,61.4,1867.0,17.4,1,2,City,379.3,0.19,4.43,276.6,10.943999999999999
CAR066,6.21,10,39.2,1583.0,31.5,0,2,City,355.2,0.9,0.58,20.07,3.012
CAR063,9.32,20,89.8,1145.0,14.7,1,0,City,244.0,0.33,4.37,338.23,8.854
CAR188,32.31,20,26.2,2854.0,38.0,0,1,Highway,120.8,0.46,4.46,103.85,15.481
CAR143,28.66,10,17.8,1881.0,22.5,1,1,Rural,304.4,0.29,3.55,63.82,8.415
CAR069,23.01,20,44.7,,30.1,0,1,Highway,197.6,0.19,0.68,31.47,3.732
CAR127,37.66,10,,700.0,18.3,1,1,Rural,407.2,0.82,3.94,190.54,24.813
CAR035,12.51,10,55.1,2170.0,22.5,1,1,Highway,343.3,0.67,3.41,166.65,11.8845
CAR052,5.42,20,38.0,1370.0,30.3,1,2,City,290.5,0.58,0.24,7.98,1.476
CAR038,43.7,10,58.8,,24.5,0,0,City,269.6,0.78,1.36,82.32,10.417
CAR058,17.42,20,89.2,1577.0,37.7,0,1,Highway,229.9,0.53,2.46,194.78,16.549
CAR190,26.39,10,57.3,2695.0,27.7,1,1,Rural,,0.88,2.6,139.48,20.897
CAR060,8.7,0,44.9,,34.8,1,0,City,273.9,0.41,1.88,85.83,8.264999999999999
CAR171,32.05,10,32.6,2277.0,35.6,0,2,rural,376.5,0.19,2.03,61.29,7.569
CAR054,33.41,20,31.7,2649.0,30.5,1,1,City,319.8,0.59,0.89,27.21,4.794
CAR008,20.95,20,59.0,1832.0,17.2,1,0,Rural,369.9,0.85,2.94,153.91,19.9025
CAR033,32.13,20,48.3,2384.0,14.7,0,1,City,286.2,0.18,2.34,116.42,18.112
CAR156,44.33,10,66.5,,17.6,0,0,Rural,402.9,0.7,2.77,161.43,17.947
CAR025,25.23,10,42.1,2356.0,28.1,0,1,Highway,125.2,0.08,0.91,35.65,3.398
CAR065,11.65,20,43.8,1511.0,27.2,0,1,Rural,358.5,0.11,3.83,164.94,11.067499999999999
CAR011,42.43,0,39.7,1023.0,24.1,1,0,Rural,282.5,0.44,0.54,18.6,1.245
CAR138,3.4,0,46.1,2853.0,30.6,1,0,,395.2,0.26,0.97,45.62,3.23
CAR043,5.34,0,23.1,1829.0,32.0,1,1,City,367.0,0.38,1.7,37.1,4.16
CAR129,16.51,85,77.1,,38.4,1,1,City,208.5,0.74,4.02,295.32,15.6845
CAR069,4.71,0,58.5,2269.0,27.9,1,1,City,264.7,0.24,3.44,186.93,4.4745
CAR009,11.04,20,63.3,2495.0,17.6,0,2,City,337.5,0.63,0.71,44.85,8.14
CAR118,14.61,20,62.4,1039.0,23.6,1,2,Rural,342.1,0.32,2.11,123.49,13.879499999999998
CAR160,9.73,20,29.6,1282.0,28.4,0,0,Rural,250.9,0.38,1.05,31.72,3.968
CAR092,26.66,10,65.7,2328.0,,1,1,City,387.9,0.31,0.65,42.22,4.886
CAR085,26.82,0,55.5,2782.0,26.9,1,1,Rural,92.4,0.18,2.67,141.87,14.824
CAR023,4.6,10,40.5,1750.0,36.5,0,0,Highway,292.8,0.81,1.11,41.97,4.369999999999999
CAR149,18.11,10,77.0,3120.0,10.3,1,2,Highway,287.3,0.08,2.29,154.39,17.2045
CAR067,39.68,10,61.7,2045.0,23.5,1,1,City,,0.46,0.8,49.32,6.554
CAR129,17.81,10,66.1,2696.0,23.0,0,2,City,281.3,0.87,0.95,53.9,8.729
CAR082,2.96,85,32.4,3084.0,38.0,1,1,City,267.1,0.2,3.31,95.77,2.812
CAR014,17.17,20,29.7,1958.0,24.3,0,0,Rural,78.3,0.8,1.3,36.58,5.128
CAR013,17.66,20,37.7,1438.0,23.0,0,2,Rural,191.2,0.51,1.72,63.35,10.135
CAR188,8.47,20,62.9,1594.0,27.5,1,1,City,131.4,0.45,2.31,145.8,8.0465
CAR139,14.19,20,64.7,2521.0,18.6,0,2,City,343.6,0.54,0.41,24.17,4.147
CAR188,14.36,0,80.9,2475.0,17.7,0,1,Highway,324.4,0.17,0.57,48.05,4.224
CAR192,34.74,20,33.5,2290.0,32.4,1,1,Highway,179.3,0.75,1.98,60.13,8.394
CAR200,29.88,20,56.7,2549.0,46.1,0,2,,309.9,0.69,1.32,77.77,13.946
CAR020,34.47,10,65.1,1266.0,26.1,0,0,Highway,,0.44,3.38,210.11,17.906
CAR017,37.6,20,67.3,700.0,16.7,1,2,Highway,271.9,0.11,1.03,64.81,9.261
CAR152,15.94,20,66.6,700.0,,1,2,Rural,184.8,0.43,3.68,248.99,15.142999999999999
CAR066,21.47,20,31.5,1699.0,39.6,1,2,City,414.3,0.59,3.96,127.63,20.3965
CAR119,42.61,85,42.5,2425.0,5.3,1,0,City,212.6,0.36,0.7,28.11,9.288
CAR029,5.18,20,94.4,1964.0,15.0,1,1,Rural,362.9,0.44,2.52,246.67,4.920999999999999
CAR026,17.58,0,93.9,,28.0,1,2,Rural,409.1,0.11,1.59,145.59,16.097
CAR149,41.56,20,64.7,2517.0,23.4,1,1,Highway,,0.53,4.25,277.18,39.482
CAR195,44.18,0,5.0,2956.0,32.6,1,1,City,72.3,0.48,1.24,5.46,0.585
CAR108,28.15,20,42.1,2106.0,30.2,0,1,Highway,86.4,0.78,1.28,55.22,8.647
CAR032,17.1,10,45.6,3079.0,24.8,1,1,City,144.9,0.87,0.54,23.63,3.349
CAR015,35.27,20,31.2,1045.0,20.3,0,0,City,446.2,0.75,1.82,57.72,9.396
CAR079,44.63,20,36.5,2119.0,22.5,1,1,City,428.8,0.12,4.2,134.8,21.797
CAR080,36.79,85,82.4,1410.0,24.1,1,1,Highway,446.4,0.12,1.92,140.61,34.9505
CAR007,13.75,20,84.8,,33.1,1,1,Highway,115.1,0.13,1.36,114.9,13.0625
CAR159,25.36,85,28.0,2807.0,35.1,1,1,,349.5,0.08,2.44,63.85,22.162
CAR080,32.18,0,44.6,797.0,23.5,1,2,Highway,125.6,0.6,2.12,95.5,9.239
CAR161,7.99,10,34.8,1986.0,9.4,0,2,Highway,365.2,0.43,3.86,134.7,7.5905
CAR188,35.52,10,14.0,2757.0,22.3,0,0,City,260.9,0.43,4.36,54.55,6.088
CAR125,19.15,10,20.6,2714.0,27.7,1,1,City,87.9,0.44,2.68,53.45,7.487
CAR176,6.42,20,89.3,2076.0,28.0,0,1,Highway,143.7,0.64,2.2,186.53,6.098999999999999
CAR152,29.03,10,76.1,1938.0,34.9,0,0,Highway,186.2,0.59,2.41,169.38,15.709
CAR185,11.75,10,65.9,3126.0,30.0,0,2,Highway,,0.83,3.26,209.98,11.1625
CAR156,44.14,10,60.8,1619.0,33.1,0,1,City,308.2,0.21,2.25,139.22,16.429
CAR189,30.13,20,5.0,1711.0,25.7,1,1,City,76.5,0.42,0.58,2.97,0.472
CAR056,29.35,20,64.5,2771.0,23.8,1,2,City,410.0,0.83,4.17,248.04,27.8825
CAR027,42.06,10,88.5,2147.0,33.2,1,1,City,108.0,0.08,1.87,151.8,18.576
CAR105,16.39,20,32.0,2593.0,37.4,1,0,City,132.1,0.46,3.59,120.03,15.5705
CAR176,19.55,0,,2736.0,38.4,0,0,Highway,292.4,0.5,2.98,91.94,7.508
CAR179,35.64,0,79.8,999.0,31.1,0,0,City,191.2,0.31,4.34,302.16,20.571
CAR130,10.45,0,38.9,2534.0,15.3,0,1,Highway,380.4,0.12,3.55,132.36,9.927499999999998
CAR132,20.5,20,68.4,2145.0,18.7,1,2,Highway,436.3,0.22,2.81,195.35,19.474999999999998
CAR105,34.39,0,19.5,1903.0,34.8,0,2,City,269.6,0.38,1.88,35.83,3.801
CAR193,44.09,10,31.0,,25.3,0,1,Highway,276.7,0.34,2.33,64.84,6.632
CAR087,8.92,0,88.6,1231.0,31.4,0,1,City,163.3,0.06,1.36,119.02,8.474
CAR163,5.11,20,37.1,1957.0,17.1,1,0,City,97.0,0.53,2.82,108.76,4.8545
CAR027,15.38,10,43.0,1732.0,27.3,1,2,Rural,393.2,0.47,1.75,75.78,11.277
CAR054,33.74,10,52.1,1274.0,21.7,0,0,Rural,151.7,0.33,0.69,34.72,3.365
CAR094,19.28,10,56.9,2693.0,28.3,0,0,Highway,237.1,0.13,1.44,72.59,7.381
CAR147,29.62,10,65.9,2175.0,39.7,1,1,City,375.4,0.39,3.89,254.01,28.139
CAR084,27.53,0,55.6,2124.0,25.5,1,1,City,409.8,0.1,0.75,35.64,3.304
CAR076,12.48,0,72.2,,27.4,1,2,City,257.6,0.62,1.71,124.02,11.856
CAR196,22.34,0,25.4,3126.0,31.6,1,1,Highway,267.5,0.24,3.57,88.27,7.466
CAR116,29.13,20,35.8,2160.0,16.2,1,2,Rural,395.4,0.26,0.56,18.57,2.853
CAR052,38.84,20,34.2,2068.0,17.9,1,0,,197.3,0.75,4.27,147.56,22.358
CAR163,9.37,10,38.4,3415.0,17.4,0,0,Highway,411.5,0.9,2.02,79.58,8.901499999999999
CAR018,20.32,10,38.1,1939.0,30.5,1,1,City,397.1,0.33,1.51,50.17,6.497
CAR128,13.45,0,41.4,2281.0,16.3,1,1,City,360.7,0.2,0.61,22.97,2.253
CAR055,43.47,10,63.8,1647.0,20.2,0,2,City,443.5,0.82,1.43,90.44,13.954
CAR131,44.03,0,70.5,2906.0,31.0,1,1,Rural,,0.65,0.53,31.85,3.337
CAR014,14.24,0,56.4,3161.0,23.2,1,1,City,194.7,0.36,3.19,181.64,13.527999999999999
CAR155,42.63,20,17.4,2105.0,22.6,1,2,Highway,223.4,0.77,3.43,61.41,10.411
CAR080,44.32,20,20.7,9046.266648888828,27.7,0,2,City,178.1,0.69,2.96,58.12,10.669
CAR114,38.82,20,70.3,1357.0,26.8,1,2,Rural,178.7,0.14,3.98,275.05,36.879
CAR082,24.62,20,59.2,2916.0,20.4,1,2,Highway,176.4,0.36,2.82,172.48,23.389
CAR074,17.54,10,18.1,2295.0,20.8,0,1,City,322.3,0.76,1.04,18.21,2.626
CAR004,30.42,20,20.4,3530.0,,0,0,City,151.2,0.17,3.18,58.02,8.456
CAR149,40.24,10,27.6,1802.0,32.9,1,0,Rural,416.5,0.73,0.31,8.85,1.113
CAR066,44.22,10,47.8,1849.0,24.0,1,2,Highway,375.6,0.77,0.28,13.16,1.806
CAR118,8.78,85,61.3,2258.0,32.1,1,0,City,125.9,0.38,0.85,53.66,8.341
CAR197,38.91,10,57.8,2100.0,26.9,0,0,City,221.3,0.5,3.62,198.08,22.928
CAR077,26.71,0,34.7,2598.0,27.3,1,2,City,279.2,0.71,1.83,63.8,8.877
CAR116,32.28,10,83.6,2357.0,34.7,1,0,Rural,110.1,0.64,2.45,178.81,20.858
CAR015,6.49,10,51.7,2151.0,22.5,1,2,Highway,271.4,0.77,2.78,136.83,6.1655
CAR084,25.45,20,51.7,1876.0,23.0,0,0,Highway,278.7,0.64,4.45,198.58,24.1775
CAR056,28.49,20,67.9,2789.0,25.7,0,1,City,347.6,0.2,4.38,292.55,27.065499999999997
CAR125,12.46,10,34.2,2968.0,30.5,0,2,City,162.3,0.39,3.83,134.69,11.837
CAR057,10.79,10,42.4,1607.0,15.1,0,0,City,188.6,0.15,3.53,145.72,10.250499999999999
CAR093,2.45,0,24.9,1314.0,34.8,0,1,Highway,259.0,0.42,3.44,82.56,2.3275
CAR046,33.93,10,68.9,1798.0,24.9,1,2,City,75.2,0.47,3.93,252.78,32.2335
CAR083,25.9,10,33.1,1541.0,21.9,1,1,City,250.8,0.54,1.0,34.48,5.175
CAR111,27.66,20,90.2,1974.0,38.3,0,2,City,149.7,0.4,2.19,169.39,26.276999999999997
CAR099,12.4,10,69.8,2215.0,9.1,0,1,City,415.5,0.45,2.36,162.33,11.78
CAR176,14.51,20,11.0,2387.0,26.8,1,1,Rural,132.9,0.49,2.13,23.89,3.885
CAR181,34.35,85,33.5,2687.0,22.8,0,1,Highway,98.2,0.66,2.52,81.75,26.323
CAR104,37.82,10,39.0,2398.0,33.4,1,2,Highway,116.6,0.4,0.72,24.29,2.972
CAR034,5.23,10,34.9,2460.0,29.8,1,2,Rural,127.9,0.11,2.55,87.37,4.968500000000001
CAR192,21.79,10,33.6,1862.0,20.6,0,1,City,151.4,0.88,1.45,48.64,7.076
CAR096,29.66,20,47.8,2787.0,33.8,0,2,City,286.5,0.61,4.25,198.79,28.177
CAR105,34.13,20,39.8,1897.0,32.5,1,2,City,241.3,0.71,2.75,100.21,19.417
CAR080,22.98,20,41.9,2310.0,35.7,0,0,City,349.7,0.57,3.67,141.79,20.819
CAR032,29.47,20,35.0,2314.0,16.3,1,2,City,153.4,0.15,3.66,128.13,21.843
CAR153,10.99,20,61.7,2122.0,30.5,0,1,Highway,242.3,0.36,3.12,168.3,10.4405
CAR087,30.75,0,46.4,2451.0,29.7,0,0,City,328.3,0.57,1.43,66.87,6.375
CAR200,35.74,0,19.8,2415.0,32.0,0,1,City,130.8,0.46,2.36,40.3,4.14
CAR172,16.55,0,34.3,1227.0,41.2,1,2,Rural,378.3,0.62,0.7,21.13,2.575
CAR194,36.43,85,40.9,2004.0,27.7,0,1,Rural,83.3,0.57,0.98,36.07,11.683
CAR062,36.56,85,11.9,2278.0,30.5,0,1,Highway,292.7,0.66,2.78,28.13,9.294
CAR069,11.04,85,62.9,2943.0,42.6,0,0,City,152.3,0.29,3.44,207.39,10.488
CAR166,28.31,0,24.7,2470.0,23.7,1,2,City,374.2,0.37,0.23,5.06,0.65
CAR190,8.57,10,39.3,2710.0,41.0,0,2,City,239.9,0.66,2.19,84.04,8.1415
CAR103,18.05,20,59.2,2117.0,19.5,1,2,City,,0.13,1.54,81.06,13.976
CAR074,17.14,10,62.2,1404.0,,1,0,City,405.5,0.06,2.0,126.26,15.336
CAR061,9.55,20,49.6,2106.0,23.3,1,0,City,228.3,0.38,1.12,48.35,7.433
CAR086,33.69,0,87.2,2453.0,27.1,0,0,Highway,233.6,0.59,3.0,261.13,16.298
CAR036,26.05,20,69.2,1569.0,,0,0,City,329.8,0.47,1.27,87.24,12.248
CAR052,12.45,20,22.1,,30.8,1,0,City,,0.86,2.42,49.12,8.381
CAR164,5.01,10,68.9,1428.0,34.4,1,1,Rural,,0.68,1.13,75.8,4.759499999999999
CAR152,11.26,10,68.0,2238.0,38.1,0,1,Rural,188.8,0.54,0.39,23.1,3.013
CAR033,2.41,10,30.9,1677.0,17.3,0,1,City,291.1,0.51,1.09,32.46,2.2895
CAR147,40.73,10,92.9,2304.0,37.6,0,2,Highway,376.9,0.45,1.41,116.89,15.968
CAR200,6.23,10,35.8,3041.0,22.5,0,1,City,252.0,0.21,0.42,13.2,1.767
CAR191,22.34,10,38.8,3250.0,35.4,0,1,City,190.7,0.76,0.91,30.29,4.582
CAR139,17.96,85,51.1,1949.0,,1,1,Rural,275.6,0.78,0.61,32.33,11.208
CAR175,35.8,0,80.7,3661.0,29.3,1,1,City,406.7,0.27,0.23,16.18,1.736
CAR039,29.37,20,25.2,2266.0,,1,2,Rural,364.0,0.46,3.68,95.57,16.811
CAR051,6.92,20,49.7,1440.0,39.5,0,0,City,383.6,0.3,2.73,138.94,6.574
CAR002,14.14,10,41.1,1467.0,30.7,1,0,City,129.7,0.09,1.86,65.59,7.245
CAR167,36.85,20,53.3,2502.0,31.4,1,0,City,153.1,0.74,3.08,150.39,24.739
CAR068,31.37,10,54.8,1808.0,22.4,1,2,City,83.0,0.33,2.89,137.83,19.735
CAR122,18.4,0,38.5,982.0,12.8,0,2,Highway,204.8,0.79,1.72,57.53,5.267
CAR010,12.42,10,64.5,2479.0,31.6,0,0,City,396.9,0.25,0.36,22.53,2.596
CAR014,27.65,10,112.9,1845.0,26.7,1,2,City,272.2,0.87,0.66,76.71,13.17
CAR069,11.55,20,22.7,2344.0,37.2,1,1,City,308.0,0.22,3.76,83.01,10.9725
CAR065,13.92,0,69.0,2562.0,28.9,0,2,Rural,136.9,0.07,1.06,69.0,6.784
CAR132,5.78,20,48.0,1981.0,28.4,1,0,Highway,436.5,0.24,0.62,30.1,3.848
CAR009,11.13,10,68.2,1086.0,34.3,1,1,City,171.7,0.08,3.97,238.95,10.573500000000001
CAR135,38.7,10,99.1,2873.0,27.7,0,1,Rural,253.7,0.87,1.9,166.92,22.037
CAR117,12.86,10,130.67571083818365,2797.0,33.9,1,0,Rural,173.8,0.69,2.73,71.11,9.005
CAR072,32.44,20,60.9,2988.0,39.8,1,2,Highway,288.3,0.37,4.07,234.0,30.817999999999998
CAR062,43.87,10,,1727.0,34.7,1,0,City,288.9,0.6,2.24,95.54,12.328
CAR066,11.93,10,85.3,2834.0,10.1,0,0,Rural,267.0,0.08,3.41,302.44,11.333499999999999
CAR001,17.42,20,47.7,823.0,21.4,1,0,Rural,418.8,0.55,3.27,137.66,16.549
CAR200,40.34,20,,1879.0,25.4,0,1,Rural,126.9,0.11,3.66,328.34,38.323
CAR020,41.2,85,45.3,1868.0,32.7,1,2,Highway,120.4,0.35,1.44,64.71,21.876
CAR138,11.57,10,37.2,2300.0,32.4,1,0,Rural,334.8,0.76,3.97,149.41,10.9915
CAR085,39.03,10,46.6,2003.0,27.9,1,0,City,102.5,0.58,3.02,123.01,15.475
CAR162,35.25,0,48.4,1846.0,31.2,1,2,Rural,,0.88,1.53,64.6,9.117
CAR079,39.94,85,37.2,2205.0,21.3,0,1,Rural,349.5,0.63,3.38,112.36,37.943
CAR027,32.32,10,71.9,1996.0,14.1,0,0,highway,358.8,0.06,3.34,218.52,21.916
CAR057,36.61,0,73.6,3594.0,27.6,1,1,Highway,176.9,0.63,3.95,265.03,22.26
CAR090,26.25,10,22.4,2800.0,23.1,0,0,City,190.3,0.69,3.97,86.49,11.128
CAR192,16.16,10,42.7,2200.0,24.7,1,0,,83.2,0.45,1.27,46.11,5.476
CAR015,35.67,20,49.4,2393.0,33.7,0,0,City,107.4,0.4,2.32,104.64,15.828
CAR024,6.38,0,35.6,2746.0,29.7,1,0,,352.6,0.32,2.23,76.43,6.061
CAR121,44.65,20,21.1,2601.0,19.7,0,1,Highway,258.9,0.87,2.69,55.61,8.39
CAR185,3.84,20,35.5,3454.0,48.0,0,1,City,398.8,0.1,3.89,119.61,3.6479999999999997
CAR011,29.64,10,41.3,1897.0,22.1,1,2,,273.0,0.39,3.83,135.07,18.459
CAR183,5.72,20,83.8,2104.0,19.4,0,2,Rural,141.1,0.47,2.49,205.21,5.433999999999999
CAR104,12.51,10,57.3,2209.0,23.8,1,1,City,391.3,0.28,4.29,250.93,11.8845
CAR191,37.77,10,63.2,1965.0,28.8,0,1,City,156.1,0.27,4.41,284.61,34.684
CAR148,40.1,10,41.5,2791.0,41.3,1,2,City,391.6,0.69,0.4,14.71,2.685
CAR169,44.16,20,52.2,1636.0,26.6,0,1,City,,0.83,2.31,106.39,18.135
CAR048,28.48,10,,1917.0,16.5,0,2,Rural,150.9,0.46,0.98,40.77,5.353
CAR129,33.6,10,76.0,1952.0,23.3,1,0,City,213.6,0.27,1.31,96.02,10.7
CAR089,16.71,20,54.2,1626.0,38.4,0,2,City,228.6,0.46,3.42,191.9,15.8745
CAR064,29.87,20,23.9,2872.0,16.6,1,0,Highway,131.5,0.49,1.21,28.73,3.969
CAR002,39.56,20,41.2,2703.0,27.3,1,0,Highway,361.2,0.32,3.5,134.96,17.557
CAR143,25.36,20,48.3,2514.0,27.9,0,0,Highway,282.3,0.83,1.73,71.89,9.966
CAR053,27.07,20,52.0,1964.0,41.2,0,2,Highway,353.5,0.75,0.75,33.69,5.906
CAR060,19.17,85,88.3,1629.0,45.1,1,0,Rural,137.1,0.8,2.15,178.07,18.2115
CAR052,19.68,20,67.1,917.0,24.4,1,1,City,272.7,0.6,3.61,214.86,18.695999999999998
CAR191,15.35,20,13.5,1884.0,19.4,0,1,Highway,74.5,0.3,2.25,31.23,4.162
CAR045,26.53,20,69.1,2134.0,16.5,0,2,Highway,159.5,0.1,2.27,144.26,20.232
CAR111,17.65,10,69.0,2585.0,,1,1,Highway,320.3,0.41,0.46,28.66,3.403
CAR074,8.39,10,90.9,2261.0,38.9,1,0,highway,,0.47,1.48,117.59,7.9705
CAR127,29.21,0,55.4,3195.0,31.7,0,1,City,114.7,0.54,0.86,40.73,4.258
CAR094,36.1,0,93.2,2348.0,17.1,0,0,Highway,118.8,0.74,0.83,71.2,5.229
CAR123,24.35,10,44.7,1688.0,33.8,1,2,City,149.8,0.21,3.84,151.39,19.742
CAR171,16.2,20,35.6,2624.0,25.0,1,1,City,94.7,0.09,4.43,160.88,15.389999999999999
CAR159,11.81,0,56.9,2466.0,,1,1,City,430.4,0.25,3.5,180.96,11.2195
CAR146,11.34,10,42.4,1465.0,36.4,0,1,Rural,206.9,0.28,1.01,41.74,4.949
CAR158,15.02,10,35.1,,32.1,0,1,Rural,246.2,0.79,1.07,37.58,4.65
CAR005,32.64,20,65.3,2496.0,17.2,0,2,Highway,190.8,0.68,2.71,151.83,22.379
CAR156,4.24,10,33.8,2590.0,38.8,1,1,Highway,301.4,0.18,0.52,16.71,1.896
CAR185,34.62,10,25.1,842.0,28.7,1,1,City,247.7,0.15,1.24,27.7,3.065
CAR109,14.08,10,67.8,2536.0,25.0,1,2,Highway,385.6,0.45,3.73,241.95,13.376
CAR043,28.13,20,68.4,1442.0,29.1,1,2,Highway,328.6,0.42,2.99,174.8,25.234
CAR145,38.31,0,35.2,2740.0,29.6,0,1,City,135.7,0.35,0.88,27.87,2.649
CAR137,25.53,20,61.1,3157.0,28.2,0,1,Highway,99.1,0.71,4.45,231.23,24.2535
CAR112,44.45,85,287.39355622063164,1964.0,35.3,0,0,City,283.4,0.19,0.25,14.45,4.549
CAR144,8.07,20,51.6,1866.0,33.4,0,0,,186.5,0.18,2.18,111.92,7.6665
CAR011,8.56,10,36.2,2286.0,23.9,1,2,City,410.1,0.85,0.56,20.98,3.441
CAR004,11.66,10,57.0,799.0,28.5,1,1,City,388.4,0.63,1.81,103.65,11.077
CAR076,16.09,10,58.0,3274.0,24.5,1,1,Highway,306.0,0.79,2.37,139.14,15.285499999999999
CAR128,10.52,0,56.9,1761.0,26.5,1,2,City,348.1,0.24,4.04,229.58,9.994
CAR146,9.97,20,63.7,,31.3,1,0,City,280.7,0.84,3.59,212.82,9.4715
CAR188,22.61,10,65.5,1282.0,15.5,1,1,City,132.7,0.86,0.7,48.01,6.422
CAR115,4.23,10,66.5,3473.0,29.7,1,0,Highway,213.0,0.82,1.28,84.26,4.0185
CAR122,8.85,20,56.7,2028.0,27.0,1,1,Highway,148.8,0.31,4.16,223.24,8.407499999999999
CAR089,8.58,20,69.7,1758.0,29.2,0,1,City,,0.49,1.14,68.09,8.151
CAR188,38.37,10,54.3,2034.0,21.8,0,0,City,129.2,0.4,0.81,43.03,4.868
CAR008,40.22,20,29.2,3001.0,27.9,1,1,Highway,195.9,0.35,2.04,60.27,9.146
CAR096,25.34,20,65.1,2531.0,31.0,1,0,Rural,127.3,0.46,1.14,66.64,10.039
CAR107,8.41,0,5.0,2330.0,24.0,0,1,City,296.8,0.51,1.38,5.9,0.611
CAR062,25.12,20,48.5,1482.0,12.9,0,1,Rural,105.5,0.87,0.65,28.15,4.588
CAR053,19.68,10,23.2,2493.0,25.9,1,2,City,437.4,0.66,1.69,34.38,5.138
CAR160,42.87,20,31.7,1598.0,48.0,1,1,City,105.0,0.37,4.37,136.74,26.325
CAR036,36.82,10,71.9,2437.0,24.6,0,2,Rural,193.8,0.19,1.63,116.64,13.608
CAR190,3.94,20,33.1,2599.0,17.0,1,0,City,433.7,0.41,2.2,66.39,3.743
CAR198,4.8,20,28.8,1794.0,32.8,1,1,City,399.5,0.41,1.36,38.67,4.56
CAR178,44.06,20,50.8,2512.0,29.5,0,0,City,437.8,0.47,2.06,107.78,16.222
CAR052,20.82,10,48.9,2410.0,36.5,0,1,City,,0.12,1.94,96.6,12.202
CAR173,22.63,10,40.8,1974.0,30.1,1,1,Highway,262.1,0.68,0.46,16.02,1.935
CAR032,42.61,10,29.5,1667.0,27.4,1,1,Rural,228.0,0.88,4.27,118.13,15.517
CAR152,29.85,20,29.2,2471.0,22.1,1,2,Highway,179.5,0.78,2.84,75.13,12.776
CAR035,14.93,85,52.9,3384.0,33.1,1,0,,312.4,0.42,0.3,16.32,5.474
CAR177,43.7,20,11.2,1048.0,37.4,1,1,City,330.5,0.08,2.6,25.64,3.898
CAR111,13.31,10,45.0,2439.0,36.7,1,0,Rural,418.5,0.88,1.43,55.98,6.981
CAR095,5.04,0,48.4,9361.509289057429,34.2,1,1,Highway,234.0,0.73,3.42,153.67,4.787999999999999
CAR031,26.59,20,81.1,2281.0,25.1,1,2,Rural,297.0,0.39,3.34,256.54,25.2605
CAR170,38.29,20,91.1,700.0,15.1,1,1,Highway,191.6,0.63,3.35,318.07,36.375499999999995
CAR009,27.17,10,25.5,2102.0,19.8,1,2,City,407.5,0.48,0.56,13.65,2.128
CAR043,15.39,10,67.4,1738.0,35.7,1,2,Highway,182.7,0.8,1.65,103.93,13.48
CAR031,26.08,85,11.9,1697.0,36.3,1,0,City,232.9,0.52,1.79,20.41,6.817
CAR188,9.92,10,76.5,1297.0,23.3,0,2,City,403.6,0.88,4.44,307.33,9.424
CAR087,10.88,10,70.7,1312.0,18.6,0,1,City,289.6,0.5,1.58,97.19,10.336
CAR139,16.95,10,85.2,2184.0,23.9,0,2,City,185.6,0.08,0.24,18.82,2.568
CAR108,44.6,10,28.1,1331.0,25.5,0,1,Rural,413.9,0.62,1.49,43.79,5.466
CAR123,20.64,85,88.7,2680.0,32.1,0,1,Highway,123.8,0.69,0.34,30.24,9.703
CAR168,23.29,20,48.1,2460.0,37.6,0,0,Rural,,0.34,4.15,205.05,22.1255
CAR041,27.36,20,46.7,2550.0,41.9,1,0,City,241.7,0.25,0.98,45.66,7.139
CAR025,24.76,20,26.2,1479.0,27.5,0,1,Highway,74.7,0.45,4.08,104.79,13.346
CAR089,3.59,10,36.6,2118.0,15.4,1,2,City,252.2,0.1,2.31,73.1,3.4105
CAR176,4.02,20,38.9,2900.0,32.0,0,1,City,85.9,0.27,1.52,53.74,3.8189999999999995
CAR092,24.36,0,55.0,2961.0,37.0,0,1,Highway,176.9,0.46,1.45,71.58,6.159
CAR017,43.89,0,86.2,2080.0,29.5,0,1,City,320.8,0.89,0.46,41.03,4.836
CAR197,6.05,85,52.8,2117.0,28.1,1,2,City,188.4,0.23,3.75,168.36,5.7475
CAR074,9.79,20,22.7,3751.0,6.0,0,0,Highway,206.8,0.79,3.45,79.94,9.3005
CAR173,26.07,85,74.5,2108.0,38.3,0,1,City,232.6,0.58,3.53,275.81,24.7665
CAR044,37.63,20,94.7,2034.0,22.6,0,0,Highway,84.4,0.52,2.46,241.49,28.867
CAR192,6.15,20,16.0,2261.0,21.6,1,0,City,343.8,0.62,0.42,6.39,0.965
CAR060,32.8,10,61.2,2002.0,19.2,0,2,City,429.2,0.66,0.47,27.22,3.759
CAR113,11.58,0,46.9,2327.0,41.7,1,1,City,161.0,0.58,3.12,131.47,11.001
CAR012,4.49,20,32.5,1110.0,30.0,1,1,Highway,191.9,0.6,2.15,65.47,4.2655
CAR061,3.98,20,40.4,2281.0,31.2,1,1,,112.2,0.75,3.95,140.48,3.7809999999999997
CAR169,30.62,20,62.0,2467.0,40.3,1,2,Rural,214.8,0.86,2.09,128.45,24.455
CAR103,39.27,20,33.5,1836.0,31.0,0,2,Rural,330.6,0.82,4.25,139.99,23.867
CAR126,42.89,85,,1600.0,41.2,1,2,City,331.6,0.84,3.73,120.62,40.7455
CAR010,30.28,20,15.7,2174.0,31.9,0,1,,336.0,0.44,0.67,10.39,1.605
CAR074,25.6,10,45.9,1757.0,26.5,0,1,Highway,284.5,0.84,3.03,127.6,15.904
CAR192,11.02,20,72.1,,33.5,0,0,City,421.7,0.82,2.27,148.09,10.469
CAR044,28.99,20,,2503.0,22.9,0,1,City,316.8,0.81,0.72,26.17,4.479
CAR125,24.5,20,70.5,1548.0,29.0,1,0,Highway,95.9,0.29,0.65,44.55,5.285
CAR134,27.29,20,31.0,3465.0,18.0,0,0,Rural,96.6,0.59,3.02,93.83,15.587
CAR091,2.69,20,28.9,1829.0,18.3,1,0,City,320.2,0.66,2.9,76.77,2.5555
CAR058,4.97,0,36.6,1891.0,32.2,0,2,City,172.0,0.7,0.83,28.21,3.099
CAR070,26.62,20,64.9,2298.0,18.9,0,2,City,,0.39,2.5,140.51,23.768
CAR141,32.03,10,50.8,2351.0,43.9,1,2,City,321.0,0.14,0.46,23.32,3.489
CAR037,32.58,85,29.2,3463.0,26.3,1,2,City,75.8,0.31,2.04,51.85,19.02
CAR177,9.88,20,68.6,2123.0,22.0,0,2,City,101.7,0.13,0.85,59.68,8.941
CAR178,13.79,20,23.0,2648.0,33.0,1,1,City,129.1,0.81,1.7,40.02,6.867
CAR120,41.82,0,60.6,2259.0,31.1,1,1,City,226.1,0.35,1.13,68.02,6.833
CAR067,44.37,10,,2299.0,29.9,1,1,City,159.4,0.81,3.23,284.56,42.1515
CAR035,22.67,0,44.8,2274.0,31.2,1,1,Rural,152.7,0.36,1.7,79.0,6.913
CAR026,18.06,0,38.5,1864.0,45.7,0,0,City,443.9,0.71,2.94,116.47,15.365
CAR146,24.08,10,47.7,2267.0,18.9,1,0,City,248.2,0.51,0.72,35.21,4.635
CAR101,40.15,20,24.1,1959.0,22.3,0,2,City,239.4,0.08,3.47,83.7,13.535
CAR145,20.4,20,51.9,2048.0,32.7,1,2,City,206.7,0.79,3.26,162.65,19.38
CAR101,27.2,20,42.7,2732.0,16.4,1,1,City,180.8,0.49,2.05,89.49,14.732
CAR066,3.32,20,30.0,2143.0,24.8,0,0,City,191.2,0.77,1.19,31.74,3.154
CAR183,17.82,20,70.0,2623.0,24.5,1,2,City,106.9,0.08,1.18,70.36,11.674
CAR018,30.18,0,68.7,2926.0,17.8,1,1,City,206.1,0.57,0.58,41.45,4.759
CAR109,36.82,20,57.6,2684.0,19.5,0,0,Rural,299.5,0.14,2.44,143.72,20.037
CAR077,21.63,10,47.6,1471.0,36.0,0,2,City,351.3,0.85,3.36,136.85,20.429
CAR068,43.3,20,32.8,1435.0,26.5,1,1,City,241.3,0.34,2.77,94.36,14.232
CAR090,13.41,20,42.8,2540.0,36.8,1,1,Rural,319.5,0.8,2.89,109.09,12.7395
CAR059,40.14,20,52.8,2527.0,30.7,1,1,City,252.5,0.85,2.83,156.89,28.225
CAR055,33.14,10,47.4,700.0,31.2,1,1,City,97.5,0.27,0.64,27.62,3.16
CAR126,23.99,10,45.9,1888.0,40.9,1,2,City,312.5,0.46,2.29,101.26,16.296
CAR041,36.54,10,74.8,1625.0,19.6,1,2,Highway,86.3,0.82,1.26,92.6,12.444
CAR039,6.08,10,29.9,2231.0,32.4,1,1,Highway,436.9,0.77,2.48,76.63,5.776
CAR062,24.88,20,74.1,1893.0,21.5,0,2,City,405.8,0.21,0.63,42.94,6.818
CAR061,11.28,85,64.1,2446.0,31.0,1,1,Rural,118.5,0.62,0.5,31.78,10.638
CAR029,19.56,20,23.8,2960.0,28.1,0,2,City,290.8,0.32,0.87,18.98,3.108
CAR169,28.72,0,68.4,2920.0,25.4,1,1,Rural,321.8,0.44,1.86,132.42,14.194
CAR069,6.47,20,,2153.0,24.6,0,0,City,226.2,0.8,2.96,168.26,6.1465
CAR051,19.92,0,30.5,1694.0,34.0,1,1,City,145.5,0.06,4.15,129.91,12.179
CAR031,7.83,85,35.3,2306.0,48.0,0,2,Highway,446.6,0.47,4.02,146.77,7.4384999999999994
CAR128,3.49,20,49.8,700.0,25.7,1,0,Highway,,0.12,3.07,160.45,3.3155
CAR187,23.25,10,27.3,1836.0,42.5,0,0,Highway,108.6,0.19,2.97,84.34,8.238
CAR012,8.19,20,46.8,2531.0,34.4,0,2,Rural,116.6,0.28,1.99,90.83,7.780499999999999
CAR128,3.12,20,55.5,2892.0,24.6,0,2,Rural,299.3,0.19,0.78,37.12,2.964
CAR165,15.43,10,51.6,1200.0,29.5,1,0,,410.4,0.84,2.59,136.05,14.658499999999998
CAR071,13.69,20,28.8,2138.0,22.9,0,2,City,409.5,0.71,2.55,73.29,12.706
CAR056,5.2,85,52.3,1806.0,34.3,1,0,City,124.5,0.59,2.21,118.93,4.9399999999999995
CAR084,39.95,85,12.8,2648.0,21.9,0,0,Rural,339.0,0.68,4.32,55.47,18.491
CAR166,32.26,20,64.6,2198.0,23.5,0,0,Rural,430.0,0.87,0.36,20.25,3.343
CAR056,14.64,10,73.6,2183.0,40.9,0,1,City,353.7,0.27,4.33,326.35,13.908
CAR052,38.33,10,22.2,1466.0,17.2,1,2,Highway,157.2,0.09,2.59,52.85,5.919
CAR039,24.96,10,56.6,2058.0,19.2,1,1,,405.3,0.65,2.46,142.22,20.289
CAR058,10.2,85,74.8,1569.0,27.0,0,1,City,266.7,0.09,0.66,49.81,9.69
CAR173,38.16,20,56.1,1659.0,25.6,1,2,City,155.4,0.68,1.91,107.21,19.321
CAR166,44.06,20,33.3,1704.0,31.0,1,2,Highway,77.8,0.77,3.6,119.46,20.244
CAR063,19.7,10,37.4,1984.0,39.7,1,2,Rural,286.3,0.51,0.34,12.05,1.74
CAR175,15.53,0,31.6,1811.0,26.0,1,0,City,367.1,0.45,3.55,96.84,10.007
CAR156,35.82,20,27.3,2066.0,31.2,1,0,Highway,225.9,0.43,2.4,64.83,8.056
CAR189,17.67,10,53.9,2437.0,26.9,1,1,Rural,267.7,0.83,4.25,202.01,16.7865
CAR020,25.4,20,43.7,2445.0,14.4,1,0,City,266.5,0.28,3.29,130.5,19.803
CAR165,4.83,10,53.8,923.0,25.9,1,2,Highway,367.3,0.56,1.85,92.47,4.5885
CAR004,17.21,10,65.2,2578.0,23.8,0,0,city,151.4,0.72,0.57,36.37,4.643
CAR049,38.58,10,28.6,,47.2,0,0,Rural,383.2,0.74,1.94,53.67,8.602
CAR055,22.81,10,48.1,2743.0,30.8,1,1,Rural,429.9,0.69,2.81,138.72,20.096
CAR140,9.28,10,75.7,2999.0,20.2,1,2,City,212.3,0.09,4.15,269.44,8.815999999999999
CAR040,6.49,20,9.1,14002.359801919232,35.7,0,1,,175.1,0.1,0.97,8.35,1.275
CAR168,38.91,10,49.6,2124.0,30.4,1,1,City,,0.64,0.94,48.17,7.099
CAR056,32.14,10,63.7,3224.0,21.3,1,2,Highway,212.4,0.52,0.59,34.42,4.593
CAR184,26.61,20,58.3,2254.0,23.8,1,2,,446.1,0.49,0.66,35.76,5.983
CAR070,31.33,10,36.5,3103.0,37.1,0,0,highway,299.9,0.41,4.18,144.77,16.334
CAR127,24.59,10,32.7,,19.7,1,1,City,145.8,0.2,4.03,114.12,14.252
CAR152,35.24,0,55.8,2859.0,27.8,0,2,,371.6,0.77,4.13,236.35,27.209
CAR152,39.45,20,54.1,,22.9,1,2,Highway,245.7,0.52,2.47,122.67,19.534
CAR091,6.44,0,30.5,2015.0,21.0,0,0,City,330.0,0.72,0.52,15.83,1.383
CAR063,23.96,10,69.7,2359.0,28.1,1,0,City,247.6,0.51,2.73,193.86,22.762
CAR039,43.75,0,25.9,2331.0,20.0,0,2,Rural,431.3,0.53,0.81,19.57,2.367
CAR028,15.32,20,21.3,2804.0,24.3,0,0,City,81.8,0.75,2.85,63.23,9.542
CAR041,3.55,20,27.8,1422.0,25.5,1,2,Rural,284.1,0.22,1.93,54.78,3.3724999999999996
CAR067,35.74,20,44.7,700.0,14.9,1,1,City,124.4,0.4,0.71,30.12,4.035
CAR013,33.81,10,45.9,1667.0,25.5,1,2,City,395.1,0.4,0.71,30.23,4.386
CAR047,42.76,20,66.5,1457.0,28.1,1,0,Rural,364.9,0.18,1.33,88.41,11.445
CAR123,4.06,85,69.5,3197.0,18.9,1,1,City,371.3,0.77,1.87,134.34,3.8569999999999993
CAR049,25.87,0,29.3,2692.0,24.2,0,2,City,281.2,0.45,1.96,52.98,5.906
CAR192,14.26,85,36.1,2993.0,29.7,1,0,Highway,215.6,0.13,0.67,21.42,6.619
CAR119,43.46,0,77.5,2600.0,,0,1,City,242.0,0.75,3.73,299.75,30.737
CAR032,10.85,10,13.9,2083.0,30.8,1,1,City,380.1,0.21,3.47,47.87,6.451
CAR169,17.17,20,29.9,2151.0,23.2,0,0,,329.4,0.54,2.0,55.65,8.518
CAR118,26.0,10,59.3,3147.0,,1,2,Rural,204.8,0.24,1.88,101.97,13.809
CAR061,31.17,10,44.3,933.0,,1,2,City,312.8,0.75,1.38,63.17,9.671
CAR133,40.84,0,72.8,2043.0,34.2,1,0,City,383.9,0.07,2.96,199.98,16.626
CAR067,7.58,20,73.5,2982.0,25.1,0,2,Highway,408.8,0.41,1.67,110.63,7.201
CAR104,44.77,10,44.7,1781.0,32.3,1,2,City,209.2,0.65,2.33,99.86,14.402
CAR121,43.54,20,64.4,,8.1,1,1,City,437.7,0.47,4.28,260.74,41.363
CAR015,24.09,10,55.7,2735.0,11.6,0,1,City,377.7,0.38,3.04,158.93,22.045
CAR109,42.11,20,52.7,,27.1,0,2,City,195.7,0.36,0.96,50.58,8.668
CAR148,40.86,85,63.9,2329.0,27.6,0,1,Highway,221.2,0.27,2.73,151.6,38.817
CAR084,8.67,0,36.0,1530.0,27.5,1,1,Rural,259.2,0.68,2.21,69.13,6.221
CAR073,7.19,20,64.3,1760.0,28.2,1,0,City,300.0,0.61,4.03,230.03,6.8305
CAR058,13.61,20,16.8,2930.0,22.1,1,1,Highway,316.5,0.75,3.73,64.25,9.703
CAR062,17.44,20,63.8,1556.0,46.3,0,0,Highway,134.9,0.77,1.24,67.95,10.596
CAR026,25.9,10,52.9,2393.0,24.7,0,1,City,244.8,0.46,2.86,147.34,17.732
CAR094,28.55,10,44.5,891.0,30.3,0,2,Highway,348.9,0.1,1.29,56.37,5.836
CAR033,19.19,0,65.5,1261.0,38.0,1,2,City,433.3,0.51,0.26,14.8,1.928
CAR095,41.62,20,36.6,2747.0,37.4,0,1,City,253.8,0.07,3.27,124.12,19.638
CAR025,43.73,20,22.6,1356.0,32.5,1,1,Rural,87.5,0.41,3.28,67.95,10.345
CAR136,30.11,10,41.1,2713.0,22.6,1,1,City,301.8,0.63,2.85,118.2,16.931
CAR199,15.01,20,59.6,2236.0,36.8,0,2,Highway,251.2,0.44,3.63,216.7,14.2595
CAR118,44.01,10,43.5,2309.0,27.7,1,2,Highway,125.7,0.76,1.65,71.81,9.985
CAR049,42.86,85,36.5,2952.0,30.2,1,1,Highway,182.5,0.59,0.89,30.88,10.655
CAR116,38.99,20,35.6,2790.0,29.2,1,2,Highway,350.6,0.16,3.56,108.06,18.09
CAR161,2.0,10,64.2,2183.0,32.3,1,0,Highway,429.9,0.41,2.88,169.89,1.9
CAR097,28.75,20,35.4,1280.0,38.1,1,2,Highway,217.1,0.38,2.63,91.14,13.701
CAR155,38.39,85,68.3,2869.0,36.2,0,2,Highway,420.0,0.09,2.07,127.01,36.4705
CAR144,33.5,10,38.5,1608.0,22.3,1,2,City,281.2,0.79,1.45,56.69,8.943
CAR083,35.98,10,25.9,2430.0,25.7,1,1,City,108.1,0.64,2.9,65.59,9.346
CAR111,16.99,85,33.0,2813.0,28.6,1,1,City,107.2,0.35,4.09,116.84,16.1405
CAR196,10.49,10,58.7,1358.0,25.4,0,0,Rural,234.1,0.09,3.16,171.91,9.9655
CAR178,44.46,0,34.8,2064.0,23.3,0,0,Rural,284.8,0.28,4.25,133.25,10.557
CAR030,44.79,85,48.3,1769.0,24.5,1,0,City,147.4,0.57,2.63,118.13,40.755
CAR016,24.4,10,49.2,2764.0,28.8,0,1,City,190.6,0.36,2.62,119.05,15.206
CAR171,2.9,20,87.5,2516.0,28.5,0,2,City,82.8,0.6,2.55,234.1,2.755
CAR004,43.46,10,41.4,2461.0,30.2,1,1,City,427.2,0.41,0.85,35.27,4.781
CAR057,9.82,0,54.2,2356.0,28.7,1,2,City,418.6,0.54,2.26,113.94,9.329
CAR077,29.45,10,46.5,2217.0,36.9,1,0,Highway,174.5,0.05,1.14,45.87,3.982
CAR062,19.65,10,60.2,2574.0,24.9,1,0,City,103.4,0.71,1.3,75.14,9.815
CAR158,26.6,10,95.2,2982.0,28.8,1,0,Rural,141.4,0.72,4.15,366.54,25.27
CAR127,14.61,10,29.9,3285.0,22.0,0,2,Rural,284.2,0.34,1.08,32.47,4.301
CAR049,32.07,0,25.1,2813.0,32.5,1,2,City,429.6,0.69,2.5,60.17,7.702
CAR013,12.56,20,30.2,1710.0,30.7,1,0,City,332.1,0.72,2.13,66.41,10.323
CAR147,40.18,10,19.5,2377.0,32.6,0,1,City,200.4,0.9,0.83,15.84,2.35
CAR167,19.69,20,29.4,1923.0,44.5,1,2,Rural,138.3,0.55,1.37,38.93,7.237
CAR184,25.16,20,38.4,2388.0,26.1,0,0,City,219.0,0.32,1.84,60.93,8.63
CAR129,32.51,85,40.5,2728.0,19.5,1,0,Highway,412.5,0.38,2.17,89.8,28.374
CAR026,38.77,85,7.3,2490.0,25.0,0,2,Highway,245.3,0.77,2.76,20.64,7.099
CAR014,18.42,10,48.1,1515.0,21.3,1,1,Highway,448.8,0.21,0.32,15.38,1.744
CAR130,22.58,20,67.9,2909.0,22.7,0,1,,167.1,0.66,0.6,42.21,6.203
CAR163,15.96,0,5.0,728.0,33.1,0,1,City,149.5,0.43,2.59,12.17,1.097
CAR073,33.58,0,42.3,2735.0,,1,1,City,438.4,0.19,1.88,73.02,7.54
CAR153,25.52,20,28.0,1624.0,34.5,1,1,Rural,103.5,0.72,3.33,94.7,15.353
CAR185,15.93,85,45.2,2769.0,38.5,0,1,Highway,434.0,0.75,4.19,185.56,15.1335
CAR080,25.43,10,42.5,1615.0,24.9,1,1,City,397.6,0.6,2.26,85.81,11.617
CAR183,16.58,10,40.1,2991.0,21.1,0,0,,228.4,0.27,2.25,79.01,9.584
CAR181,16.43,85,6.5,1546.0,19.8,0,2,Rural,281.8,0.37,1.91,12.45,4.179
CAR009,8.62,10,59.6,3176.0,32.2,1,0,City,270.9,0.17,2.66,148.77,8.188999999999998
CAR073,36.05,10,58.9,8316.02103938435,36.0,1,1,Highway,329.7,0.14,1.78,90.95,9.579
CAR084,37.18,10,78.4,,26.0,0,2,Highway,239.1,0.32,2.65,185.41,22.895
CAR034,11.09,85,32.3,1946.0,8.6,0,0,Rural,161.2,0.75,1.09,36.12,10.535499999999999
CAR084,22.12,10,70.0,2684.0,20.8,0,1,Highway,77.1,0.46,2.68,191.62,20.502
CAR184,36.43,20,53.5,2218.0,23.9,1,0,City,377.4,0.33,3.35,175.83,27.17
CAR085,11.09,0,46.1,918.0,20.8,0,2,Highway,187.7,0.26,3.96,157.62,10.535499999999999
CAR057,18.99,10,53.6,2110.0,28.5,1,0,Highway,375.4,0.17,0.53,24.98,2.409
CAR001,30.44,20,38.8,2432.0,15.4,1,1,City,265.5,0.13,2.66,102.96,16.415
CAR138,15.36,0,62.2,2898.0,18.0,0,0,Rural,116.2,0.83,4.44,260.65,14.591999999999999
CAR022,7.2,85,52.5,1722.0,34.4,1,1,Highway,441.1,0.27,3.21,172.08,6.84
CAR125,8.73,10,46.3,2412.0,47.6,1,1,Highway,104.4,0.3,0.26,11.73,1.559
CAR070,36.56,0,55.2,2279.0,29.7,1,1,Highway,198.7,0.54,0.96,51.98,5.082
CAR130,14.11,0,29.1,7972.845507048911,22.2,1,0,City,79.4,0.52,3.06,83.37,7.639
CAR181,6.55,20,57.3,2633.0,27.9,1,1,Highway,420.1,0.81,0.76,41.67,6.222499999999999
CAR166,29.33,20,54.4,1930.0,46.1,0,1,Rural,449.9,0.57,3.43,192.9,27.8635
CAR055,4.63,20,82.7,1921.0,36.8,0,0,Rural,175.0,0.23,0.46,36.95,4.398499999999999
CAR047,4.42,0,,2648.0,27.4,0,0,City,436.7,0.48,3.01,132.82,4.199
CAR181,29.82,10,22.4,2287.0,27.9,1,1,Rural,417.8,0.57,3.06,67.53,8.855
CAR078,41.51,20,39.7,3175.0,29.7,0,2,City,446.2,0.82,1.49,57.91,11.233
CAR099,4.15,20,74.6,2552.0,14.2,1,0,City,72.3,0.1,4.25,278.99,3.9425000000000003
CAR090,41.01,10,79.0,3448.0,28.3,1,2,Highway,144.5,0.29,2.73,186.05,23.386
CAR187,3.21,20,41.4,1425.0,21.5,1,1,Highway,75.3,0.6,2.17,79.68,3.0494999999999997
CAR100,20.46,10,29.9,2220.0,27.4,1,0,City,,0.18,0.54,14.43,1.656
CAR064,34.16,0,60.6,1755.0,26.8,0,0,Highway,94.3,0.45,2.85,177.38,11.007
CAR175,2.46,0,50.8,2437.0,29.4,0,0,City,377.5,0.46,2.13,105.93,2.3369999999999997
CAR121,36.85,0,25.6,1220.0,21.2,1,1,Highway,243.8,0.29,3.97,104.75,8.232
CAR072,42.63,10,9.8,2241.0,27.2,0,0,Highway,308.8,0.77,3.23,32.02,3.411
CAR167,41.08,85,53.3,2005.0,39.4,0,0,City,,0.46,0.65,34.62,11.595
CAR128,15.24,20,56.1,1324.0,20.5,1,0,City,96.5,0.24,0.34,18.01,2.375
CAR171,31.09,10,45.6,2402.0,27.3,1,0,City,184.1,0.3,3.73,159.03,18.431
CAR024,40.45,85,38.0,2247.0,29.5,0,0,Highway,295.5,0.75,3.87,133.6,38.4275
CAR158,34.9,10,27.6,2089.0,28.3,0,1,Rural,149.8,0.2,1.86,45.59,5.058
CAR120,22.91,10,5.6,2581.0,21.5,1,1,,77.7,0.61,2.05,10.86,1.461
CAR091,41.51,10,8.2,1998.0,33.4,1,2,Highway,85.3,0.4,3.78,30.99,3.971
CAR145,43.15,0,50.4,11061.425298067858,27.1,0,0,Rural,189.8,0.07,3.79,171.15,12.891
CAR110,23.62,0,50.5,2102.0,22.0,1,2,,414.1,0.26,4.37,228.22,22.439
CAR016,10.11,10,42.7,1834.0,36.2,1,2,City,123.4,0.25,0.43,17.83,2.619
CAR037,2.84,10,53.8,2247.0,19.8,0,0,City,346.8,0.27,2.53,118.44,2.698
CAR106,43.04,20,52.9,1482.0,41.8,0,2,Rural,445.9,0.09,1.99,106.58,18.182
CAR190,10.56,85,54.2,1208.0,26.9,0,0,Highway,392.5,0.74,0.49,25.86,8.157
CAR098,20.79,0,34.0,2085.0,23.2,0,1,,153.1,0.48,3.85,126.32,11.39
CAR125,37.22,10,39.6,2971.0,30.8,0,1,City,277.1,0.76,1.37,50.6,7.538
CAR103,34.2,0,18.8,3715.0,14.3,1,0,City,378.0,0.46,2.52,48.97,5.087
CAR101,2.72,10,14.2,2858.0,31.7,1,1,,,0.11,0.77,9.43,1.19
CAR184,2.05,10,64.6,2953.0,24.8,0,0,Rural,345.9,0.86,0.42,25.26,1.9474999999999998
CAR025,29.3,20,72.6,1684.0,28.5,1,1,Rural,273.4,0.4,2.85,194.04,27.835
CAR131,38.77,10,61.3,1444.0,40.5,1,1,Highway,331.5,0.86,3.33,190.01,27.245
CAR097,37.17,10,58.5,1772.0,,0,2,Highway,142.1,0.46,0.79,44.0,5.055
CAR002,20.05,20,23.6,2507.0,30.5,0,2,Rural,151.9,0.54,2.13,46.34,7.761
CAR015,22.86,10,33.4,2636.0,,1,1,Highway,125.4,0.68,1.81,60.95,8.345
CAR022,29.83,10,36.0,1215.0,18.1,0,0,Rural,120.6,0.19,1.41,43.37,3.557
CAR057,3.38,10,30.7,1851.0,31.2,0,0,Rural,346.3,0.25,2.55,78.22,3.211
CAR102,28.87,20,46.1,2050.0,27.1,1,1,Rural,400.3,0.83,1.1,48.92,7.721
CAR158,8.99,20,59.8,1895.0,30.8,1,0,City,389.0,0.71,2.87,165.3,8.5405
CAR179,33.44,85,54.1,3297.0,20.1,1,1,City,172.0,0.17,2.81,153.52,31.767999999999997
CAR001,18.92,20,44.8,,15.0,0,0,City,433.8,0.78,0.45,18.46,3.108
CAR090,20.43,20,5.0,3075.0,38.1,0,0,Highway,106.7,0.13,0.47,2.07,0.258
CAR148,33.42,20,69.8,1908.0,17.5,0,2,Highway,329.9,0.59,1.82,132.61,19.916
CAR153,12.36,10,69.6,2142.0,29.2,0,1,City,206.1,0.42,1.26,87.72,11.042
CAR190,7.53,85,50.0,1434.0,23.2,1,2,,185.7,0.53,2.7,130.77,7.1535
CAR190,21.88,10,63.0,1749.0,23.0,1,1,Highway,,0.47,2.12,130.17,14.253
CAR118,38.0,10,62.7,1971.0,27.8,1,0,City,365.4,0.24,0.92,57.66,6.624
CAR120,17.87,0,5.0,2829.0,14.3,1,2,Highway,392.9,0.19,2.39,10.25,0.879
CAR038,41.54,10,52.8,1600.0,23.2,1,2,City,142.7,0.42,0.21,10.62,1.539
CAR131,7.68,20,25.1,1283.0,14.1,0,2,City,220.4,0.25,1.82,43.24,6.662
CAR054,34.88,20,37.6,1519.0,25.3,0,2,Rural,298.5,0.09,4.38,147.26,21.942
CAR040,25.93,20,54.0,1681.0,23.3,1,1,City,232.2,0.36,2.96,155.72,24.633499999999998
CAR024,2.45,20,74.2,7410.197250545459,33.3,0,2,,438.8,0.33,3.48,244.47,2.3275
CAR123,43.62,10,41.5,1492.0,27.4,1,1,Rural,288.0,0.69,0.6,24.61,3.153
CAR076,4.86,10,48.4,1522.0,34.3,0,1,,425.6,0.15,0.41,18.9,2.21
CAR159,25.14,10,45.2,3218.0,38.9,1,0,City,122.2,0.64,4.08,165.13,23.564
CAR099,42.26,10,74.1,1854.0,15.2,1,1,City,112.7,0.19,2.87,195.56,25.023
CAR108,26.57,20,64.1,1892.0,32.1,0,1,Rural,225.3,0.57,3.16,210.46,25.2415
CAR006,15.37,10,67.1,902.0,13.6,1,1,City,160.6,0.07,0.39,24.02,2.785
CAR029,20.27,85,22.0,,12.5,0,1,City,113.1,0.17,4.39,87.42,19.2565
CAR163,24.55,20,51.6,2286.0,26.4,1,2,City,333.0,0.62,2.27,100.42,19.39
CAR062,35.08,10,35.5,1914.0,18.8,0,1,highway,292.7,0.65,2.37,80.32,9.503
CAR120,24.51,20,19.9,1636.0,24.9,1,2,City,118.7,0.67,3.42,67.57,12.688
CAR101,20.6,85,58.3,2493.0,21.6,0,0,Highway,400.4,0.17,4.13,245.77,19.57
CAR051,13.48,10,65.9,2616.0,25.4,1,0,Rural,355.1,0.67,2.12,142.96,12.806
CAR171,39.97,20,68.9,2216.0,12.7,1,0,City,215.8,0.67,4.34,302.58,37.9715
CAR154,20.24,85,68.8,2307.0,39.8,1,0,Rural,348.7,0.12,3.61,243.59,19.227999999999998
CAR175,36.9,0,64.1,1999.0,18.3,1,0,Highway,355.1,0.69,3.27,213.63,17.957
CAR125,7.57,20,70.2,2437.0,30.4,0,2,Highway,219.1,0.43,1.75,109.06,7.1915
CAR198,10.59,10,81.9,1990.0,26.4,0,2,Rural,377.1,0.08,0.8,55.89,6.295
CAR098,44.41,20,59.2,1771.0,29.8,0,2,City,88.9,0.43,0.58,30.58,5.272
CAR168,11.25,10,71.2,,12.1,0,2,City,243.2,0.51,1.1,70.76,9.934
CAR195,35.74,20,64.1,3388.0,32.4,0,2,City,80.6,0.43,3.55,216.32,33.953
CAR066,18.12,20,52.8,2631.0,,1,2,highway,176.0,0.84,2.38,109.74,17.214
CAR136,42.85,85,39.9,1621.0,25.1,1,1,,,0.39,3.22,129.16,40.707499999999996
CAR075,3.96,20,45.0,1169.0,36.6,0,2,Highway,300.3,0.12,4.11,170.0,3.762
CAR124,9.5,10,52.3,2022.0,21.3,0,0,City,235.2,0.17,4.35,230.21,9.025
CAR069,11.43,10,30.1,1481.0,32.6,0,0,City,138.8,0.77,4.09,107.47,10.8585
CAR165,20.63,10,47.1,2116.0,46.0,1,0,Highway,86.9,0.31,1.73,73.27,8.394
CAR091,30.36,0,67.3,2750.0,22.2,1,1,Highway,269.2,0.21,0.77,52.79,4.237
CAR134,21.32,20,86.0,2617.0,34.2,0,1,City,133.7,0.39,2.07,156.91,20.253999999999998
CAR146,18.11,10,28.5,2457.0,40.9,1,0,Highway,137.7,0.51,2.12,53.74,6.298
CAR002,30.68,0,77.0,2405.0,35.8,1,0,City,340.7,0.45,1.62,113.4,10.068
CAR010,5.17,20,66.7,1969.0,32.8,0,1,Rural,132.3,0.85,3.99,266.93,4.911499999999999
CAR148,2.52,20,58.2,2382.0,37.2,1,1,Rural,75.4,0.45,0.83,48.3,2.3939999999999997
CAR118,2.33,20,23.3,2161.0,30.4,0,1,City,402.5,0.47,0.87,19.37,2.2135
CAR135,25.96,10,16.5,3069.0,43.3,0,0,City,151.5,0.41,1.6,24.97,3.256
CAR040,14.74,20,36.3,1607.0,32.9,1,0,City,294.2,0.16,2.42,85.98,12.127
CAR115,12.06,10,80.5,2194.0,38.2,0,0,City,425.2,0.69,1.72,118.74,11.457
CAR192,16.45,20,5.0,1948.0,39.9,0,0,Highway,342.0,0.8,1.94,9.81,1.453
CAR035,8.2,20,101.3,1474.0,33.0,0,0,City,106.4,0.14,3.82,355.81,7.789999999999999
CAR081,28.25,0,45.6,1774.0,22.7,1,2,City,344.5,0.83,1.89,85.0,10.584
CAR026,20.67,20,69.4,1829.0,26.4,0,0,Highway,426.5,0.89,2.93,211.33,19.6365
CAR084,38.33,10,66.2,1868.0,27.9,0,1,Highway,229.3,0.4,1.99,132.78,14.389
CAR176,32.2,0,59.9,1962.0,30.7,0,2,City,409.9,0.24,3.52,196.79,20.532
CAR114,11.42,0,54.9,2776.0,29.1,1,2,City,430.8,0.3,0.53,27.99,3.39
CAR159,41.29,85,62.6,2501.0,24.4,1,0,City,309.1,0.36,1.35,85.72,28.486
CAR118,21.82,10,44.2,2580.0,27.1,1,0,Rural,258.1,0.17,3.71,158.29,17.83
CAR079,31.52,20,46.1,2167.0,,1,0,Highway,405.9,0.35,0.53,25.29,3.446
CAR020,22.89,10,38.9,1819.0,25.1,1,1,Highway,227.5,0.86,3.48,123.07,15.721
CAR111,44.52,85,5.0,1351.0,39.8,1,1,City,167.9,0.25,3.7,17.05,5.921
CAR092,3.33,20,53.1,2893.0,42.1,1,1,Highway,252.7,0.5,0.81,39.76,3.1635
CAR001,44.62,20,28.9,1697.0,24.2,0,2,City,404.4,0.18,4.18,103.99,16.213
CAR103,25.26,10,35.1,3263.0,14.9,0,1,City,398.9,0.09,1.26,42.6,5.109
CAR180,3.4,85,57.4,1243.0,16.9,0,1,City,293.7,0.6,4.47,249.81,3.23
CAR048,25.48,10,30.4,1443.0,34.1,0,2,,307.8,0.13,3.29,100.01,12.301
CAR154,44.59,10,34.4,1539.0,25.6,1,0,Highway,261.4,0.38,2.82,100.0,8.412
CAR054,35.5,20,31.9,,36.0,0,1,Rural,121.8,0.23,2.87,92.58,14.317
CAR178,14.86,10,57.9,1522.0,33.4,0,2,Highway,431.8,0.41,4.03,207.66,14.116999999999999
CAR141,25.27,0,31.4,2066.0,16.1,1,2,City,,0.72,0.32,9.9,1.204
CAR164,11.19,0,86.6,1860.0,32.0,0,1,Rural,193.0,0.14,2.41,196.84,10.6305
CAR155,5.17,0,23.5,2100.0,34.0,1,0,City,319.3,0.17,2.27,50.12,4.388
CAR100,27.97,20,54.5,2922.0,26.7,1,1,City,158.2,0.2,2.71,143.3,23.928
CAR058,40.0,10,44.4,1799.0,16.9,0,2,Rural,208.0,0.17,3.91,155.7,18.689
CAR128,42.49,0,45.6,1802.0,21.2,0,1,City,273.9,0.11,4.31,201.14,18.496
CAR048,34.83,20,46.0,2063.0,24.9,1,2,City,111.1,0.8,2.29,94.96,17.032
CAR068,26.47,20,39.7,1786.0,19.2,1,0,City,387.3,0.81,4.08,149.84,24.572
CAR172,17.62,10,67.7,2306.0,31.4,0,2,City,192.0,0.61,2.61,165.1,16.739
CAR151,27.14,20,60.0,1761.0,26.4,0,2,City,101.0,0.77,1.28,70.98,12.334
CAR157,19.41,0,55.3,1924.0,21.8,0,2,City,389.0,0.82,1.74,91.65,10.655
CAR014,42.05,10,53.2,3199.0,16.9,1,0,Highway,,0.59,2.13,117.24,11.838
CAR061,33.21,20,48.2,2011.0,29.3,1,2,Highway,,0.24,0.53,24.75,3.602
CAR197,42.45,10,182.75997992671233,2297.0,30.5,1,2,City,111.2,0.09,0.26,9.44,1.332
CAR166,39.3,20,,1224.0,26.7,1,1,Highway,310.4,0.51,4.14,230.14,34.266
CAR163,19.97,10,56.6,2366.0,38.7,0,1,City,247.5,0.46,1.47,82.89,11.842
CAR035,9.79,20,63.2,2433.0,32.8,0,1,City,341.9,0.27,4.17,238.24,9.3005
CAR092,27.86,10,40.5,1087.0,30.5,1,2,City,182.1,0.09,3.6,139.72,19.32
CAR058,21.36,20,51.2,3380.0,16.4,0,1,City,262.3,0.6,2.74,134.77,20.291999999999998
CAR108,14.38,10,40.4,1220.0,40.0,0,0,Rural,255.2,0.77,3.6,147.57,13.661
CAR026,37.4,10,70.4,2828.0,12.9,0,0,City,308.6,0.47,0.39,25.41,3.008
CAR117,41.52,20,38.8,1334.0,34.8,0,1,City,204.9,0.89,3.5,126.72,21.292
CAR016,8.65,10,42.4,1811.0,19.5,1,0,City,143.0,0.75,0.46,18.93,2.541
CAR012,34.25,10,279.95294635084184,2250.0,27.4,1,2,City,392.6,0.85,0.69,37.57,6.229
CAR126,33.22,85,71.0,2019.0,21.7,1,1,City,80.5,0.81,0.91,58.77,19.918
CAR141,43.63,0,64.2,1538.0,26.9,0,1,Rural,206.9,0.74,3.65,202.82,21.082
CAR142,9.88,85,37.5,1921.0,31.3,1,0,City,161.2,0.24,2.46,85.35,9.386000000000001
CAR098,7.27,20,54.0,2317.0,29.8,0,2,Highway,306.1,0.41,3.28,183.82,6.906499999999999
CAR058,15.71,0,34.9,1321.0,21.9,1,0,City,,0.26,0.64,22.86,1.889
CAR091,21.29,20,36.7,1912.0,20.6,1,0,Highway,349.6,0.2,2.55,92.85,12.008
CAR131,23.27,85,47.7,1690.0,24.7,1,0,Highway,191.3,0.45,1.58,72.41,22.106499999999997
CAR113,40.95,10,64.1,3091.0,27.0,1,0,City,288.2,0.53,3.0,175.89,24.084
CAR044,17.86,20,56.4,1107.0,35.3,1,2,City,395.0,0.17,0.24,11.96,2.063
CAR115,29.96,20,75.4,3224.0,22.7,0,0,City,154.4,0.42,2.04,134.97,21.804
CAR171,32.86,0,21.4,2308.0,29.3,0,1,Highway,80.6,0.59,3.49,67.67,5.252
CAR177,5.64,10,65.2,1786.0,36.5,1,1,City,243.9,0.14,2.51,152.36,5.358
CAR181,3.25,10,84.9,1942.0,18.1,1,2,City,127.8,0.1,0.76,63.26,3.0875
CAR080,43.0,20,45.4,2465.0,31.7,1,0,Highway,130.1,0.22,3.22,128.8,16.556
CAR143,42.95,0,39.6,2720.0,30.3,1,0,Highway,442.4,0.67,1.11,41.24,3.385
CAR131,30.62,10,62.7,2928.0,21.1,1,0,City,325.2,0.89,3.97,218.3,29.089
CAR090,34.46,10,11.1,2894.0,45.7,1,2,Rural,352.8,0.16,1.17,11.5,1.867
CAR051,33.94,20,67.3,1443.0,31.2,1,0,Rural,282.4,0.47,2.33,150.19,20.852
CAR139,34.22,10,62.4,2120.0,31.4,1,1,Highway,403.7,0.23,3.67,199.79,21.78
CAR189,5.4,20,30.1,2073.0,33.2,1,0,Rural,312.1,0.52,2.39,62.17,5.13
CAR023,23.55,20,26.8,2321.0,15.2,1,2,Highway,277.3,0.79,3.71,88.18,14.762
CAR169,40.88,20,52.5,1630.0,19.5,1,1,Highway,153.6,0.14,2.57,119.7,15.755
CAR064,29.27,0,35.9,1874.0,29.0,0,2,Highway,303.3,0.07,0.77,23.96,1.884
CAR026,30.06,20,21.2,2938.0,27.1,1,1,Rural,176.0,0.27,1.88,40.1,6.111
CAR200,26.18,10,31.2,2876.0,15.7,0,1,City,138.3,0.26,2.18,71.24,9.905
CAR110,35.92,20,47.6,1512.0,38.3,0,0,Rural,265.2,0.63,3.06,144.13,20.422
CAR123,12.55,10,45.5,2378.0,24.2,1,2,Rural,199.5,0.79,1.44,66.69,9.947
CAR117,22.65,20,32.8,1273.0,26.1,1,1,City,360.8,0.87,1.02,29.46,4.948
CAR177,32.22,20,59.8,1787.0,36.9,0,0,City,232.2,0.88,4.2,237.78,30.608999999999998
CAR151,3.92,85,55.7,1651.0,25.7,1,1,Highway,427.2,0.89,0.41,22.0,3.7239999999999998
CAR076,29.51,0,35.1,1717.0,24.1,1,1,Highway,276.9,0.3,1.05,38.54,3.103
CAR008,22.2,10,9.2,2663.0,27.8,0,1,,302.6,0.9,2.74,24.26,3.362
CAR063,32.18,10,49.1,1361.0,22.5,0,2,Highway,241.2,0.41,1.79,80.52,8.827
CAR006,21.52,10,109.0,2397.0,48.0,1,0,City,342.2,0.53,2.88,316.82,20.444
CAR158,24.17,20,43.0,2303.0,40.5,1,2,City,301.8,0.33,4.34,167.53,22.9615
CAR079,23.49,0,67.2,2235.0,34.1,0,0,City,175.7,0.85,4.0,265.99,22.315499999999997
CAR200,29.74,20,26.8,2288.0,,0,0,City,435.0,0.75,4.17,105.98,17.218
CAR199,41.1,20,27.2,2505.0,28.6,1,0,City,157.1,0.87,4.17,117.49,18.506
CAR130,34.99,10,320.87630063468583,2008.0,29.0,1,0,Rural,298.1,0.15,4.49,312.78,33.2405
CAR132,26.84,20,32.2,1995.0,28.1,1,1,City,444.0,0.3,3.74,121.42,20.46
CAR103,39.07,0,47.2,3022.0,40.5,0,1,City,448.9,0.6,1.83,79.26,9.735
CAR125,13.92,10,32.4,700.0,44.9,0,0,Rural,423.1,0.6,4.41,144.29,13.224
CAR122,33.73,20,36.8,2684.0,36.6,1,1,Rural,85.0,0.53,1.41,45.0,7.45
CAR055,25.72,10,35.7,2762.0,31.2,0,0,City,399.9,0.4,2.17,76.77,9.159
CAR118,6.11,10,48.1,2271.0,37.9,1,2,Highway,276.4,0.16,2.9,121.43,5.8045
CAR013,40.24,20,49.0,1856.0,12.9,0,2,,365.0,0.64,2.46,120.04,19.533
CAR091,10.26,20,,2267.0,36.0,0,0,City,369.9,0.82,1.11,14.6,2.478
CAR155,2.57,20,84.6,2008.0,18.7,1,1,City,369.7,0.08,0.21,16.91,2.4414999999999996
CAR174,36.04,10,36.8,2737.0,25.1,1,0,City,88.6,0.18,4.39,164.56,19.682
CAR033,10.69,20,37.4,1391.0,37.7,1,1,City,415.4,0.5,1.08,40.31,6.786
CAR100,2.61,85,28.2,1344.0,24.8,1,1,,416.6,0.36,2.96,71.11,2.4795
CAR093,27.59,0,46.1,2408.0,7.0,1,0,City,345.3,0.8,4.5,190.92,19.915
CAR133,24.08,0,71.9,2223.0,35.1,0,0,City,188.7,0.08,3.63,229.31,16.826
CAR179,38.95,20,34.4,2108.0,26.2,1,1,City,330.9,0.44,1.45,50.7,8.633
CAR022,30.97,0,45.2,2864.0,25.2,0,1,Highway,266.3,0.15,0.45,18.46,1.473
CAR145,30.65,20,61.1,1564.0,34.2,1,1,City,152.5,0.87,0.97,50.47,8.771
CAR025,18.74,0,87.0,2779.0,33.1,1,2,City,89.2,0.38,2.54,212.49,17.802999999999997
CAR113,22.52,20,39.8,2517.0,24.6,0,1,Highway,136.6,0.63,2.95,112.69,16.461
CAR085,45.0,20,54.2,1517.0,24.7,0,2,Highway,199.4,0.13,0.82,44.8,6.187
CAR033,8.02,20,36.8,2759.0,35.9,1,2,City,170.3,0.81,2.81,105.56,7.618999999999999
CAR093,9.57,10,39.3,2699.0,8.5,1,0,Highway,92.9,0.66,3.6,122.8,9.0915
CAR088,2.57,20,76.4,2399.0,35.0,1,0,Highway,303.0,0.38,2.49,172.93,2.4414999999999996
CAR108,12.91,0,49.8,2468.0,28.5,1,2,Rural,147.3,0.08,2.24,99.1,9.005
CAR179,4.85,20,25.8,3608.0,29.9,1,2,City,398.6,0.43,3.41,85.47,4.607499999999999
CAR003,41.56,0,,2110.0,32.5,1,1,City,111.2,0.27,0.67,44.24,4.474
CAR131,24.78,10,39.0,1302.0,12.7,0,1,City,171.1,0.71,4.14,138.27,18.001
CAR150,36.02,20,53.5,2036.0,24.4,0,0,Highway,373.5,0.45,2.98,141.19,18.025
CAR006,27.66,0,25.9,2090.0,18.9,0,2,Rural,354.8,0.44,0.31,6.89,0.725
CAR124,15.12,10,37.2,2293.0,32.3,0,2,Highway,144.0,0.14,3.84,144.62,13.914
CAR135,30.51,20,27.9,2172.0,33.5,1,1,Rural,249.8,0.2,1.81,52.44,7.591
CAR200,2.67,20,64.4,2414.0,33.6,0,2,Highway,190.7,0.37,4.23,278.05,2.5364999999999998
CAR056,8.81,20,66.1,1160.0,33.1,0,1,City,116.1,0.72,3.35,188.93,8.3695
CAR100,36.28,20,38.2,2630.0,37.6,1,0,Highway,329.8,0.53,3.73,146.05,21.219
CAR010,34.54,10,45.4,1716.0,33.0,0,1,Highway,372.3,0.29,3.54,156.16,15.216
CAR063,13.72,0,69.5,2039.0,28.3,0,2,Highway,222.8,0.73,3.01,195.23,13.034
CAR170,30.49,10,41.2,1566.0,28.1,1,1,City,250.3,0.32,0.2,8.58,1.141
CAR070,39.46,20,85.2,2434.0,35.9,1,1,Highway,84.0,0.48,3.4,274.49,37.487
CAR088,4.99,0,24.8,2902.0,32.1,0,2,City,384.9,0.56,0.3,7.31,0.835
CAR194,18.78,20,56.1,1164.0,24.3,1,1,Highway,274.8,0.36,0.47,27.12,3.775
CAR199,40.07,10,74.2,700.0,14.7,1,0,City,434.5,0.25,2.74,208.44,24.443
CAR138,41.27,10,43.1,1211.0,34.0,1,1,Rural,247.1,0.37,2.62,100.89,12.542
CAR177,22.98,10,45.5,2305.0,29.5,1,1,City,236.4,0.47,2.78,115.03,14.845
CAR145,37.71,10,39.7,2238.0,37.5,0,1,City,315.7,0.79,0.23,8.59,1.197
CAR030,13.93,20,38.6,2630.0,28.7,1,2,City,232.4,0.82,3.25,129.21,13.2335
CAR195,23.81,20,16.2,2974.0,28.1,1,1,City,191.8,0.82,3.11,46.49,8.497
CAR119,23.84,85,63.4,,28.6,0,1,Rural,254.6,0.76,0.69,39.73,13.493
CAR082,3.36,0,27.6,2434.0,21.5,1,2,Highway,296.9,0.4,2.52,63.02,3.1919999999999997
CAR191,5.23,10,56.3,2317.0,21.0,0,1,City,382.1,0.58,2.96,163.46,4.968500000000001
CAR194,17.89,10,57.5,,26.6,1,2,Highway,171.7,0.16,2.7,150.63,16.9955
CAR050,44.29,10,24.2,2089.0,22.2,0,0,City,75.8,0.87,3.92,88.22,10.892
CAR146,32.98,10,54.5,1993.0,19.0,0,0,Highway,82.6,0.6,0.9,42.18,4.547
CAR077,38.75,0,44.1,1754.0,38.4,0,0,City,294.4,0.51,0.92,34.9,3.294
CAR030,38.26,85,49.4,1098.0,34.0,1,0,City,92.1,0.66,2.13,105.32,34.833
CAR093,13.55,10,13.0,2724.0,27.3,1,1,City,250.3,0.57,0.8,8.89,1.272
CAR130,7.64,0,13.9,3488.0,30.0,1,1,City,378.2,0.11,0.9,11.11,1.22
CAR005,30.39,85,52.6,2780.0,31.1,0,2,Highway,162.5,0.8,2.83,135.02,28.8705
CAR092,38.98,10,60.4,1162.0,29.2,1,2,Rural,209.3,0.55,4.31,226.08,34.049
CAR005,9.49,10,128.35052025387432,1999.0,23.9,0,2,City,84.2,0.66,1.07,28.79,4.156
CAR189,29.37,20,40.2,2515.0,36.3,1,1,City,257.1,0.45,3.49,132.06,21.986
CAR080,14.61,20,74.6,2916.0,35.7,1,2,City,445.1,0.58,2.33,173.28,13.879499999999998
CAR147,42.63,0,23.8,1635.0,5.2,1,0,City,267.5,0.28,0.25,5.57,0.506
CAR153,20.93,85,54.3,2097.0,19.2,0,1,Rural,206.3,0.06,3.15,146.6,19.883499999999998
CAR195,42.16,20,40.2,2448.0,28.6,0,1,Highway,186.1,0.24,4.42,169.98,22.335
CAR080,22.68,0,81.3,1459.0,9.8,0,0,Highway,251.6,0.7,2.41,190.73,14.606
CAR071,35.75,10,44.0,3693.0,36.8,1,0,Rural,144.6,0.14,2.94,126.05,14.128
CAR014,12.11,85,79.2,2399.0,,1,1,City,370.1,0.14,1.17,83.03,11.504499999999998
CAR045,30.02,0,51.6,1980.0,22.7,1,0,Rural,120.1,0.67,2.11,94.76,8.128
CAR146,44.43,20,36.8,1692.0,44.4,0,2,City,324.8,0.66,4.48,153.45,28.298
CAR098,25.07,85,56.7,2279.0,39.0,0,2,Rural,273.3,0.39,1.33,78.24,23.816499999999998
CAR055,19.6,0,53.9,3662.0,27.5,1,2,Rural,84.7,0.09,1.38,73.62,7.765
CAR143,5.93,10,36.6,2889.0,29.4,1,0,City,261.0,0.34,1.67,59.9,5.6335
CAR116,24.3,10,31.1,1933.0,31.9,1,1,City,74.7,0.84,3.45,99.36,14.395
CAR063,13.74,0,55.1,1278.0,29.1,1,2,City,267.5,0.45,1.19,60.1,6.397
CAR029,7.88,85,64.6,2278.0,34.6,0,1,Rural,317.0,0.84,3.2,201.29,7.486
CAR150,38.54,85,51.4,1871.0,29.4,0,2,Rural,327.5,0.46,3.73,189.08,36.613
CAR188,40.57,0,61.4,2524.0,29.5,0,2,City,377.3,0.61,0.76,42.59,5.473
CAR157,25.51,20,27.5,2683.0,24.1,1,1,City,,0.53,2.51,71.79,11.769
CAR119,13.8,0,35.0,2424.0,36.8,1,2,Highway,295.6,0.08,2.58,87.91,7.771
CAR035,8.5,20,45.9,2413.0,22.1,0,1,City,133.8,0.7,2.11,88.7,8.075
CAR162,19.95,20,19.7,2237.0,28.3,0,0,Highway,312.2,0.82,1.12,22.9,3.303
CAR163,30.98,10,89.3,2800.0,17.9,0,1,Highway,142.0,0.45,2.28,173.32,18.109
CAR120,44.97,20,76.3,2747.0,33.7,1,0,City,333.2,0.47,4.17,287.97,42.7215
CAR106,40.73,20,70.3,2371.0,19.3,1,1,City,145.4,0.79,1.87,128.39,20.944
CAR139,24.8,0,65.3,,42.3,0,1,City,71.3,0.78,3.76,253.28,23.56
CAR097,33.03,10,45.6,1357.0,30.0,0,1,Rural,335.0,0.5,2.39,110.13,12.629
CAR128,5.68,0,55.1,1818.0,27.1,0,0,City,,0.4,3.97,229.0,5.396
CAR195,33.32,10,38.9,2519.0,31.8,1,0,Rural,87.9,0.22,3.76,136.34,14.612
CAR178,15.65,10,22.8,2700.0,21.6,1,1,Highway,254.7,0.57,4.07,82.56,9.652
CAR033,21.06,20,,1904.0,25.2,1,0,City,449.2,0.18,2.42,68.11,9.51
CAR134,38.21,0,68.7,2118.0,33.5,0,0,City,232.7,0.74,1.86,132.26,11.673
CAR142,11.81,85,84.6,,,0,0,City,437.0,0.57,3.26,277.33,11.2195
CAR128,24.8,0,231.12394408034618,1875.0,30.4,1,1,Rural,342.0,0.08,3.5,168.72,14.07
CAR106,33.21,10,55.3,1279.0,32.2,1,1,City,394.9,0.6,0.54,29.76,4.156
CAR121,38.77,20,55.0,2199.0,28.8,0,2,City,370.7,0.89,4.18,238.18,36.8315
CAR187,36.04,10,55.7,2541.0,35.5,0,0,City,271.0,0.32,3.52,201.45,23.36
CAR116,23.57,10,43.4,1940.0,30.4,0,1,City,244.0,0.83,1.72,69.54,9.462
CAR040,26.73,20,15.2,1517.0,40.4,0,1,Highway,116.5,0.85,0.67,9.56,1.49
CAR155,18.26,10,68.2,2681.0,19.8,1,2,Highway,334.8,0.21,4.23,266.47,17.347
CAR080,9.1,85,41.1,1171.0,30.8,1,2,City,431.3,0.63,4.22,164.71,8.645
CAR158,40.45,10,40.1,2402.0,25.1,1,0,Highway,97.3,0.83,2.14,76.88,8.404
CAR165,7.78,85,86.2,2314.0,30.0,1,0,Highway,350.9,0.48,1.15,84.81,7.391
CAR104,40.07,10,66.5,3417.0,26.6,0,1,City,186.2,0.83,2.32,135.85,20.074
CAR090,16.39,20,42.2,2112.0,21.8,0,1,City,182.8,0.23,3.07,110.26,15.5705
CAR076,24.7,20,62.9,2300.0,26.9,1,1,City,336.8,0.7,0.38,20.58,3.46
CAR084,18.8,20,63.5,2788.0,20.0,1,0,City,254.8,0.44,2.43,160.35,17.86
CAR175,29.87,0,52.6,1195.0,34.6,0,1,Highway,233.7,0.77,1.36,69.37,5.905
CAR037,17.78,20,75.3,1928.0,34.6,0,2,City,185.4,0.43,1.14,82.97,13.589
CAR147,15.39,0,43.6,1258.0,27.7,0,1,Highway,224.3,0.63,3.31,143.15,11.179
CAR014,36.38,10,29.7,2198.0,22.5,1,2,Highway,70.1,0.54,3.4,86.94,12.009
CAR160,19.3,85,45.7,,31.5,1,0,Highway,379.8,0.78,3.42,150.34,18.335
CAR139,27.43,10,9.5,1557.0,29.5,0,2,City,128.3,0.84,2.66,22.72,3.367
CAR067,24.5,20,70.6,1277.0,19.8,1,2,City,186.0,0.25,3.66,225.59,23.275
CAR002,10.34,20,88.9,1728.0,15.8,0,2,City,320.7,0.65,2.8,254.05,9.822999999999999
CAR079,3.77,20,65.7,1136.0,21.5,0,2,City,218.2,0.19,2.22,136.65,3.5814999999999997
CAR105,28.6,20,51.0,2370.0,23.3,1,1,City,197.3,0.2,3.61,173.71,27.17
CAR118,23.51,0,49.7,1506.0,34.5,0,0,Highway,436.7,0.24,4.29,215.09,15.178
CAR011,11.68,10,37.7,1444.0,45.6,1,0,Highway,438.8,0.83,3.96,151.38,11.096
CAR015,16.53,20,66.4,1746.0,24.8,0,2,City,169.1,0.8,1.2,78.45,14.22
CAR089,8.0,20,35.6,2691.0,40.6,1,1,Highway,431.9,0.3,4.19,138.2,7.6
CAR159,23.04,20,46.8,2082.0,,0,2,City,118.6,0.09,2.63,118.31,18.065
CAR126,19.43,0,39.5,1891.0,20.5,0,1,City,349.5,0.71,1.5,58.07,6.946
CAR100,24.56,85,52.6,2972.0,25.0,1,2,Rural,246.3,0.73,3.63,198.38,23.331999999999997
CAR025,41.22,0,40.4,1093.0,28.3,1,2,City,264.9,0.11,2.33,93.7,9.488
CAR126,22.72,85,16.2,2893.0,30.6,0,2,City,167.7,0.89,0.43,6.77,2.534
CAR195,15.67,20,71.3,3916.0,21.9,1,2,Highway,314.5,0.72,1.52,105.82,14.8865
CAR013,24.95,10,57.6,3259.0,40.3,1,2,City,75.6,0.27,2.1,120.55,18.187
CAR054,17.02,20,61.8,1543.0,26.6,1,0,City,112.7,0.55,1.11,71.29,10.615
CAR191,18.19,20,39.0,2466.0,25.1,0,2,City,274.2,0.49,1.31,47.43,8.509
CAR171,31.23,10,14.3,2582.0,35.9,1,2,City,337.1,0.66,2.55,34.6,5.769
CAR014,17.77,10,44.1,1573.0,31.8,0,0,City,228.0,0.63,3.26,122.84,14.788
CAR115,38.66,10,71.4,2202.0,42.1,1,0,City,240.5,0.35,3.98,295.96,36.727
CAR173,31.48,10,78.6,4059.0,14.7,0,0,City,355.1,0.9,1.45,106.34,14.473
CAR173,32.55,0,72.2,2340.0,26.5,0,1,Highway,110.9,0.32,1.84,127.63,10.39
CAR048,33.44,10,49.0,9800.454737393457,32.0,0,1,City,147.0,0.54,0.84,38.8,4.709
CAR179,21.42,20,31.0,1629.0,19.1,0,2,Highway,309.7,0.57,4.44,134.7,20.182
CAR131,31.56,85,53.4,1469.0,33.0,1,2,City,274.0,0.63,4.27,211.12,29.981999999999996
CAR171,9.35,20,89.7,3107.0,16.5,1,0,Highway,265.7,0.58,3.76,313.83,8.882499999999999
CAR036,13.34,10,16.4,1410.0,33.9,1,1,Highway,79.5,0.14,2.84,46.94,4.876
CAR132,25.88,20,70.7,1841.0,14.0,0,0,City,302.4,0.81,2.84,176.15,24.586
CAR118,37.03,10,60.7,1389.0,34.1,1,1,,91.9,0.84,2.58,136.32,18.273
CAR043,34.22,10,58.8,1915.0,32.2,1,2,Rural,271.1,0.45,1.23,71.56,10.743
CAR006,24.75,0,32.4,3148.0,26.0,1,1,Highway,106.5,0.86,2.25,63.0,6.05
CAR158,15.19,10,49.5,1311.0,,0,2,City,419.2,0.2,3.78,189.46,14.430499999999999
CAR130,2.37,10,47.1,1683.0,20.0,1,1,City,409.1,0.5,1.66,73.22,2.2515
CAR031,23.25,85,91.7,2478.0,20.1,1,1,City,191.6,0.34,1.2,111.06,22.0875
CAR068,41.42,0,60.7,1448.0,19.4,1,2,City,388.2,0.26,2.28,123.9,13.224
CAR054,38.47,20,41.9,2617.0,44.3,1,0,Rural,387.8,0.34,1.96,82.24,13.585
CAR014,33.77,0,53.4,2714.0,48.0,1,2,Highway,365.9,0.16,2.05,105.74,12.732
CAR172,28.66,20,26.0,1842.0,30.4,0,0,Highway,378.9,0.82,2.26,59.67,8.648
CAR028,26.58,20,24.4,1889.0,29.1,1,2,Highway,235.3,0.46,2.26,50.12,7.973
CAR071,40.66,20,81.3,2322.0,34.5,0,1,,111.2,0.09,2.23,175.69,21.883
CAR052,43.56,10,76.8,2137.0,21.2,1,1,Rural,130.3,0.83,3.67,266.09,34.683
CAR048,33.39,10,74.8,1689.0,25.3,1,1,City,284.2,0.22,4.45,321.86,31.720499999999998
CAR148,10.62,10,79.6,2063.0,23.2,1,1,City,349.2,0.71,1.81,148.45,10.088999999999999
CAR030,40.73,20,37.0,1626.0,23.9,0,1,City,178.0,0.21,3.68,120.47,16.898
CAR152,2.79,10,25.1,2615.0,19.1,1,0,City,284.7,0.28,2.4,62.68,2.6505
CAR120,39.18,20,58.5,2387.0,23.9,1,1,City,287.6,0.53,2.53,153.25,24.824
CAR152,3.45,0,48.1,2275.0,30.6,1,1,City,249.3,0.78,3.05,130.72,3.2775
CAR150,44.77,0,29.9,1281.0,12.0,0,0,Highway,437.4,0.41,4.24,121.99,8.511
CAR044,18.89,10,38.7,1996.0,34.5,1,0,Rural,173.7,0.89,2.3,89.23,12.099
CAR186,30.16,20,55.4,2706.0,41.3,1,0,Rural,264.5,0.6,3.43,183.67,28.651999999999997
CAR156,5.49,20,60.8,1176.0,17.8,1,1,City,96.6,0.59,0.96,54.02,5.2155
CAR166,11.96,10,80.8,2242.0,42.7,1,2,Highway,180.7,0.88,2.84,236.77,11.362
CAR142,15.56,20,55.7,1535.0,26.9,0,0,City,,0.42,3.65,183.05,14.782
CAR063,4.2,10,52.3,2920.0,24.0,1,1,Highway,155.8,0.14,0.46,23.56,2.575
CAR090,18.91,10,61.5,2346.0,27.2,0,1,City,417.5,0.26,4.39,246.32,17.9645
CAR036,32.21,0,82.0,1953.0,38.8,1,0,City,196.9,0.9,2.7,226.79,27.31
CAR056,44.76,10,14.8,700.0,27.6,1,2,,94.0,0.14,1.31,20.12,2.609
CAR154,28.62,10,69.1,1807.0,48.0,1,1,City,84.4,0.87,4.43,281.38,27.189
CAR134,36.63,10,46.5,2050.0,28.1,0,2,,215.6,0.33,0.97,45.12,5.892
CAR099,35.37,20,75.1,,43.6,1,0,Highway,218.5,0.37,1.66,127.01,17.228
CAR110,15.97,0,48.1,1447.0,35.3,1,0,Rural,415.5,0.86,1.78,85.24,8.882
CAR073,17.28,10,28.4,857.0,29.0,1,2,City,85.2,0.41,3.01,82.57,11.182
CAR099,20.58,20,86.5,2512.0,,0,0,City,416.3,0.41,4.08,333.42,19.551
CAR164,42.93,10,43.0,2188.0,39.4,0,1,City,314.1,0.07,2.65,114.74,14.043
CAR022,31.71,85,48.9,2281.0,17.9,0,0,City,446.3,0.56,0.29,14.34,4.739
CAR155,16.69,0,28.2,2634.0,15.9,1,1,Highway,392.5,0.41,1.48,42.45,3.784
CAR183,16.15,20,34.4,3416.0,10.1,1,1,City,167.8,0.46,1.65,53.33,9.088
CAR047,11.37,10,43.5,2316.0,34.4,1,0,Highway,326.5,0.14,1.85,71.05,6.844
CAR173,6.65,20,38.6,,22.9,0,0,City,93.9,0.27,3.94,129.46,6.3175
CAR007,4.78,85,63.5,,37.6,1,0,Highway,301.6,0.42,0.68,37.23,4.541
CAR125,24.65,20,32.0,1995.0,40.1,0,2,City,113.9,0.48,3.63,98.78,17.1
CAR067,24.26,20,59.4,2076.0,25.0,0,2,City,,0.89,0.56,31.24,5.833
CAR098,32.25,20,41.5,1723.0,29.4,1,2,City,106.0,0.42,3.24,124.65,21.731
CAR099,37.65,10,81.2,2321.0,32.4,0,2,City,324.7,0.67,2.38,183.01,27.262
CAR188,21.73,20,13.3,2177.0,24.4,1,2,Rural,388.5,0.68,3.75,46.31,8.514
CAR119,34.99,10,99.4,736.0,39.5,0,1,City,82.6,0.57,2.9,284.09,33.2405
CAR012,4.44,10,76.2,2303.0,38.8,1,1,Rural,239.5,0.52,4.41,318.54,4.218
CAR032,33.97,0,84.8,3231.0,30.0,0,2,Rural,146.0,0.22,0.68,53.83,5.197
CAR170,19.55,20,67.0,2104.0,38.9,1,2,City,111.0,0.08,3.69,250.76,18.5725
CAR033,14.71,20,42.8,1860.0,28.6,1,1,Highway,235.8,0.19,4.31,170.2,13.9745
CAR184,27.66,20,39.8,2555.0,26.2,1,2,City,330.8,0.31,2.5,89.22,16.38
CAR155,4.6,20,10.9,,28.8,0,1,Highway,222.8,0.65,2.98,27.81,3.759
CAR076,10.26,20,39.5,2973.0,41.6,0,1,City,233.3,0.7,4.07,160.84,9.747
CAR110,36.97,10,51.7,2836.0,36.2,1,1,Rural,185.1,0.49,4.44,199.66,26.43
CAR080,12.01,20,13.6,11332.773393402857,40.2,1,2,City,350.5,0.4,1.24,17.37,3.205
CAR010,30.54,0,79.3,1786.0,43.8,1,1,City,150.3,0.12,2.34,173.59,19.708
CAR168,9.67,85,29.1,1626.0,42.6,0,0,City,112.9,0.14,3.3,96.43,9.186499999999999
CAR144,28.86,20,16.7,2368.0,32.0,1,0,City,448.3,0.07,4.13,66.21,9.803
CAR176,7.21,20,46.7,2487.0,18.9,0,0,city,300.6,0.21,4.37,190.55,6.8495
CAR129,27.12,20,69.8,2855.0,26.8,0,2,Highway,198.6,0.77,0.42,25.27,4.019
CAR091,28.78,85,35.9,2328.0,23.3,1,2,City,93.4,0.44,1.47,52.87,18.541
CAR136,36.42,0,20.5,2438.0,23.8,1,2,Highway,132.9,0.54,4.31,78.46,7.632
CAR091,35.09,85,44.9,2957.0,29.7,1,1,City,222.0,0.08,1.0,40.24,13.877
CAR178,31.21,20,73.8,3066.0,26.8,1,1,Highway,300.4,0.2,0.84,59.94,7.865
CAR128,27.22,20,71.5,1101.0,24.0,1,1,City,232.5,0.37,1.7,104.78,16.496
CAR179,18.85,20,64.3,956.0,38.1,1,1,Highway,238.1,0.33,2.22,147.34,17.9075
CAR124,8.29,0,5.0,2474.0,21.9,1,1,City,402.6,0.57,0.99,4.44,0.538
CAR106,9.89,20,46.5,2713.0,27.8,1,0,City,144.4,0.55,4.47,194.98,9.3955
CAR172,25.25,20,47.5,1125.0,35.3,0,2,,334.7,0.45,0.7,28.36,3.791
CAR069,18.87,10,57.0,2448.0,31.4,0,1,City,306.5,0.37,3.87,204.03,17.9265
CAR104,39.5,20,37.7,2389.0,33.2,0,0,,194.3,0.45,2.8,106.18,13.536
CAR065,7.45,10,34.8,2469.0,33.4,1,1,City,265.5,0.18,4.21,138.3,7.0775
CAR092,34.3,20,50.1,,35.8,1,0,Highway,165.8,0.37,4.13,197.15,27.152
CAR192,34.75,10,38.3,2191.0,25.5,1,2,City,279.6,0.32,3.54,134.01,19.053
CAR189,25.37,20,60.7,1897.0,29.9,0,2,City,314.0,0.59,4.18,241.09,24.1015
CAR037,44.62,10,,1773.0,23.6,1,1,Highway,282.6,0.88,3.17,101.71,13.043
CAR130,22.74,20,51.7,1610.0,26.7,0,0,City,294.5,0.45,2.64,131.15,18.152
CAR097,4.74,85,46.3,2947.0,41.9,0,1,Highway,,0.77,0.82,34.72,4.503
CAR043,31.54,10,30.8,2606.0,28.6,0,2,City,434.7,0.25,3.74,111.66,16.586
CAR054,20.8,10,57.9,2480.0,38.4,1,1,City,316.2,0.23,3.63,218.44,19.759999999999998
CAR150,6.32,20,67.5,2689.0,25.8,1,2,City,428.1,0.49,2.02,139.67,6.004
CAR048,25.25,20,43.6,1584.0,32.0,1,2,City,400.2,0.72,0.68,28.19,5.199
CAR108,40.11,20,64.8,2277.0,32.6,0,0,City,282.1,0.48,1.05,63.26,9.923
CAR112,34.6,10,27.1,2314.0,20.4,0,1,City,124.0,0.5,4.24,118.19,15.36
CAR159,8.79,10,90.0,2054.0,20.5,0,2,Highway,71.8,0.37,0.91,85.23,8.350499999999998
CAR145,40.32,20,59.4,2029.0,25.2,1,1,Rural,224.1,0.21,2.27,114.61,16.223
CAR197,31.74,0,68.7,1942.0,24.8,1,1,City,282.2,0.63,3.52,228.62,23.823
CAR084,17.76,10,50.9,2082.0,43.1,1,0,,317.0,0.38,1.46,73.9,10.766
CAR112,5.86,10,64.5,1383.0,29.9,0,2,Highway,442.4,0.67,2.44,159.54,5.567
CAR059,38.39,20,36.9,1907.0,34.0,1,1,,365.1,0.71,2.42,92.63,16.504
CAR160,9.08,10,58.9,1943.0,,1,1,City,339.7,0.1,0.28,15.21,2.032
CAR020,14.94,10,54.0,2803.0,23.0,0,2,Highway,152.0,0.4,1.69,80.9,10.323
CAR161,17.76,85,22.4,2750.0,31.8,0,1,Highway,237.0,0.59,3.15,64.99,16.872
CAR162,13.02,20,46.4,,31.1,1,1,Rural,299.8,0.84,4.41,214.77,12.369
CAR086,19.78,85,59.1,1440.0,23.9,1,2,City,200.2,0.64,1.6,90.65,18.791
CAR166,15.46,85,73.2,1122.0,29.0,0,1,City,434.5,0.1,2.26,166.0,14.687
CAR163,12.22,20,45.6,2148.0,34.3,1,1,City,291.9,0.07,1.35,61.68,10.087
CAR165,17.18,0,45.5,1942.0,33.4,0,1,City,380.4,0.18,0.93,43.6,4.157
CAR164,29.85,20,34.0,3163.0,20.3,0,2,Rural,386.1,0.39,2.26,80.22,13.431
CAR177,18.73,20,6.9,2197.0,21.4,1,0,City,414.0,0.44,0.41,2.93,0.479
CAR148,20.94,10,62.4,1460.0,17.5,1,1,Highway,440.8,0.71,0.9,52.59,6.277
CAR075,29.28,20,48.3,3829.0,19.3,1,2,Rural,153.9,0.2,1.52,74.41,12.769
CAR123,22.03,10,22.1,2836.0,34.2,1,1,Highway,292.4,0.39,4.04,89.72,11.455
CAR019,9.23,10,33.3,1439.0,23.7,0,1,City,297.7,0.4,2.54,72.29,8.7685
CAR153,30.63,10,94.5,1191.0,39.0,1,0,Rural,300.0,0.33,4.17,372.58,29.098499999999998
CAR101,30.8,0,58.8,2898.0,20.4,1,1,Rural,292.5,0.39,1.59,88.53,8.971
CAR109,17.91,10,48.9,1915.0,29.2,1,2,Highway,136.6,0.08,4.27,208.57,17.014499999999998
CAR018,36.54,10,49.8,3013.0,20.3,1,1,Highway,304.5,0.39,4.01,181.5,21.989
CAR002,9.63,10,64.7,1279.0,29.8,1,0,,,0.43,3.84,215.53,9.1485
CAR160,24.84,10,41.5,2274.0,38.7,1,2,Highway,106.0,0.49,3.19,118.27,16.228
CAR089,43.87,10,26.3,1626.0,9.0,1,1,City,184.5,0.49,0.74,18.39,2.542
CAR105,15.59,20,72.4,,34.2,1,1,Rural,222.2,0.34,2.26,160.47,14.8105
CAR099,27.39,10,50.6,2041.0,33.6,0,0,City,418.1,0.06,4.31,193.03,21.038
CAR006,29.3,10,51.4,1826.0,8.0,0,2,city,120.9,0.4,2.64,133.2,17.937
CAR087,16.03,20,36.0,2044.0,12.3,1,0,City,443.9,0.77,3.63,112.54,15.2285
CAR104,13.82,10,49.7,7442.120555878988,27.0,0,2,City,371.9,0.45,4.14,185.83,13.129
CAR015,8.26,20,29.4,914.0,29.1,1,2,City,221.8,0.75,2.03,61.71,7.8469999999999995
CAR192,44.29,20,70.0,1856.0,26.0,0,1,Rural,81.1,0.51,3.32,213.35,31.864
CAR055,30.9,20,265.53676472812407,1905.0,27.8,0,2,Highway,322.8,0.45,0.3,14.88,2.108
CAR122,7.39,20,34.7,1507.0,23.4,0,2,,321.4,0.07,3.37,117.41,7.020499999999999
CAR145,12.39,0,45.1,2687.0,19.2,0,1,City,411.5,0.06,2.32,102.71,9.43
CAR136,24.7,10,53.1,3567.0,31.2,1,1,City,298.1,0.5,0.84,38.67,6.062
CAR056,21.28,85,,2170.0,33.3,1,1,Rural,218.4,0.06,3.37,121.47,20.216
CAR067,6.79,20,32.8,2260.0,40.2,1,0,City,112.1,0.38,1.62,48.35,6.4505
CAR175,14.7,20,35.7,1865.0,,1,0,Highway,87.4,0.43,3.53,120.94,13.964999999999998
CAR160,31.23,10,63.7,2741.0,24.4,1,0,Rural,410.1,0.83,1.7,105.38,13.323
CAR022,23.31,20,49.3,1956.0,43.0,1,1,Highway,250.1,0.89,2.78,126.75,21.643
CAR070,37.26,20,48.3,2015.0,19.6,0,0,Rural,268.9,0.23,3.4,166.82,20.104
CAR145,39.57,20,44.4,3448.0,35.1,1,0,City,82.9,0.56,2.31,95.49,15.987
CAR116,15.66,10,48.0,2247.0,48.0,1,0,Rural,405.7,0.18,1.33,57.54,7.932
CAR058,44.77,85,47.0,2723.0,31.9,0,0,City,170.0,0.88,2.33,96.0,33.417
CAR122,20.15,20,52.9,2845.0,24.8,1,0,City,298.0,0.06,2.99,150.26,19.1425
CAR173,5.64,20,73.5,1076.0,29.7,1,1,City,207.1,0.53,4.38,332.25,5.358
CAR026,27.33,20,24.1,1480.0,23.1,1,0,Rural,316.2,0.4,3.09,69.72,10.247
CAR118,7.5,20,74.8,1285.0,29.0,1,1,City,368.9,0.47,4.44,283.84,7.125
CAR154,31.35,85,24.5,1610.0,28.7,1,2,Rural,,0.23,2.41,58.21,19.667
CAR187,14.7,20,52.8,2133.0,26.0,0,1,City,,0.11,1.82,98.07,13.964999999999998
CAR081,32.18,20,49.4,2148.0,10.8,1,1,rural,114.9,0.12,0.2,8.55,1.313
CAR172,19.42,10,48.4,2457.0,32.9,1,1,Highway,112.9,0.15,1.75,75.84,7.396
CAR138,6.39,20,55.6,1391.0,40.5,1,0,City,305.7,0.2,4.18,230.0,6.070499999999999
CAR117,14.63,20,14.1,854.0,34.4,1,0,Rural,140.5,0.83,0.37,4.78,0.686
CAR031,34.89,10,46.0,2203.0,37.3,0,2,Rural,233.6,0.27,4.39,195.18,25.782
CAR167,28.42,20,64.1,2027.0,14.9,0,2,Highway,147.5,0.47,0.76,45.61,6.932
CAR141,44.24,85,30.4,2511.0,29.3,1,0,City,,0.32,3.16,89.37,30.077
CAR145,27.71,20,15.3,2035.0,28.2,0,1,City,351.5,0.23,3.2,51.19,7.905
CAR198,14.22,20,45.3,2397.0,27.2,1,1,City,242.8,0.82,0.61,24.4,4.428
CAR180,19.26,0,74.0,2155.0,33.1,1,1,City,213.4,0.44,0.9,62.67,6.94
CAR047,25.13,10,26.4,2106.0,28.1,0,1,Highway,196.1,0.79,0.8,19.31,2.479
CAR022,20.25,10,64.1,1927.0,24.9,0,1,City,161.3,0.83,4.42,255.28,19.2375
CAR171,10.33,10,40.4,2775.0,16.4,1,1,City,350.0,0.62,3.53,134.81,9.8135
CAR028,6.53,85,45.1,2762.0,33.6,1,1,City,422.4,0.35,2.43,111.88,6.2035
CAR041,9.69,10,28.1,2381.0,14.9,1,1,City,139.7,0.39,4.16,105.72,9.205499999999999
CAR001,10.02,10,55.0,2763.0,28.4,0,0,Highway,362.3,0.52,0.92,47.26,5.003
CAR074,22.3,0,72.4,2721.0,18.1,0,2,Rural,104.2,0.43,3.82,268.15,21.185
CAR005,21.32,85,75.6,1986.0,27.2,1,0,Highway,168.3,0.3,0.87,66.7,20.253999999999998
CAR052,6.88,20,34.3,1054.0,19.3,1,2,Highway,153.2,0.51,3.93,125.55,6.536
CAR162,16.43,0,75.5,1459.0,31.3,1,0,City,255.8,0.44,3.66,259.63,15.6085
CAR024,38.01,85,43.5,2149.0,17.2,1,2,Rural,331.1,0.33,2.55,103.69,36.1095
CAR101,27.01,20,68.2,2781.0,18.6,1,2,Rural,194.1,0.12,0.95,64.34,10.772
CAR175,30.97,0,56.6,1590.0,14.2,1,1,Rural,191.3,0.87,2.66,131.31,13.25
CAR190,30.21,85,61.4,2010.0,22.0,0,0,Highway,227.9,0.31,0.7,43.12,12.934
CAR103,39.74,10,61.5,1678.0,23.2,1,2,Rural,162.3,0.19,3.28,210.59,26.983
CAR153,2.54,0,10.1,2722.0,27.6,1,1,Highway,78.8,0.65,1.32,12.99,1.162
CAR001,17.04,10,55.9,1246.0,,0,2,Highway,209.4,0.78,3.51,205.04,16.188
CAR025,37.13,10,26.4,2422.0,21.2,0,2,Rural,282.4,0.07,2.09,51.19,5.969
CAR113,42.2,10,16.5,1633.0,30.0,1,1,Rural,118.9,0.48,0.33,4.9,0.604
CAR058,25.45,0,29.3,2855.0,43.2,0,1,Highway,144.1,0.77,3.8,114.06,11.845
CAR063,32.65,85,84.3,1325.0,28.5,0,1,City,142.4,0.76,2.9,241.37,31.0175
CAR055,22.81,10,48.1,2743.0,30.8,1,1,Rural,429.9,0.69,2.81,138.72,20.096
CAR025,32.68,0,54.6,,28.1,1,1,City,158.4,0.31,4.12,219.65,23.721
CAR090,9.55,10,101.8,2824.0,28.2,1,1,City,215.6,0.13,2.27,235.58,9.0725
CAR119,20.21,85,,1223.0,,0,1,City,239.6,0.6,4.09,119.78,19.1995
CAR139,40.95,10,71.2,2289.0,32.2,1,1,City,146.0,0.69,2.62,194.1,27.761
CAR108,37.77,10,48.2,1920.0,30.3,1,0,Highway,238.8,0.55,2.05,86.93,9.772
CAR085,35.23,10,7.1,1520.0,19.5,0,1,City,332.3,0.68,0.85,5.23,0.67
CAR125,35.01,0,26.5,3260.0,31.5,0,1,Highway,,0.18,0.47,12.03,0.895
CAR198,18.67,10,23.8,3164.0,17.7,1,1,Highway,255.4,0.59,2.05,46.51,5.477
CAR132,35.98,10,86.9,1203.0,9.2,1,2,Highway,412.2,0.5,1.07,83.13,10.865
CAR188,4.56,0,48.0,1683.0,32.3,1,0,Highway,349.5,0.32,3.69,169.59,4.332
CAR199,13.95,0,45.4,2590.0,31.3,1,1,,159.9,0.48,1.11,44.87,3.418
CAR005,25.22,10,34.9,1634.0,32.4,1,0,Highway,420.9,0.5,2.06,65.14,6.505
CAR051,29.85,20,79.6,3098.0,13.2,1,0,City,142.3,0.22,0.27,21.36,3.238
CAR098,31.62,0,70.1,1605.0,28.2,1,2,City,265.8,0.11,2.94,216.26,21.953
CAR079,32.67,20,107.2,3923.0,39.5,1,1,highway,143.1,0.27,1.99,188.72,31.0365
CAR068,10.5,20,84.3,2867.0,19.0,0,0,,224.2,0.49,1.47,108.61,9.975
CAR039,34.23,0,66.7,2331.0,28.2,1,0,Highway,86.3,0.56,0.56,31.94,2.578
CAR005,4.75,10,65.4,1914.0,22.1,1,0,Highway,123.0,0.53,3.98,262.69,4.5125
CAR041,14.21,0,82.5,2393.0,36.2,1,1,City,264.4,0.12,2.58,207.88,13.4995
CAR117,29.53,85,42.2,700.0,36.2,1,2,Highway,325.8,0.61,1.03,40.28,13.557
CAR100,21.56,20,65.2,1479.0,47.3,0,0,Rural,374.1,0.57,0.46,27.33,4.493
CAR170,43.94,20,21.2,1325.0,33.8,0,1,City,154.4,0.78,4.1,86.88,14.427
CAR050,16.9,85,52.5,2002.0,34.5,1,2,City,425.4,0.61,2.92,140.9,16.054999999999996
CAR155,25.64,0,81.8,2442.0,34.2,1,0,City,225.6,0.54,3.95,318.69,24.358
CAR158,13.16,85,61.5,3017.0,47.1,0,2,,331.7,0.51,2.05,120.12,12.501999999999999
CAR038,6.96,10,42.2,2420.0,27.1,0,2,City,247.2,0.73,4.26,187.93,6.612
CAR023,15.45,0,73.6,3913.0,38.9,1,1,Rural,72.6,0.81,1.95,140.68,14.677499999999998
CAR138,10.65,10,33.4,2358.0,24.1,1,1,City,86.8,0.61,1.27,41.26,5.427
CAR194,10.77,20,94.6,1391.0,18.9,1,0,Rural,403.4,0.38,2.52,225.55,10.231499999999999
CAR028,33.56,10,54.1,1857.0,30.7,0,1,Highway,141.3,0.2,0.42,20.38,1.974
CAR008,25.09,85,59.2,2023.0,29.1,0,2,Highway,204.8,0.22,0.98,55.66,17.973
CAR042,20.5,0,53.7,2191.0,16.2,0,0,Highway,126.2,0.49,3.85,213.45,13.745
CAR121,10.66,85,50.5,700.0,22.8,0,0,City,152.4,0.51,2.43,117.3,10.126999999999999
CAR109,41.7,20,60.5,3022.0,36.1,0,2,Rural,369.7,0.81,4.1,247.13,39.615
CAR041,8.9,10,51.4,3168.0,25.5,0,2,Rural,239.1,0.21,1.01,44.57,5.806
CAR093,19.4,20,46.2,2086.0,12.9,1,1,Rural,386.0,0.59,1.2,50.42,7.708
CAR055,30.06,20,17.9,2435.0,45.3,0,1,Highway,393.1,0.71,3.22,54.54,9.153
CAR134,4.09,10,42.6,2292.0,23.0,1,1,City,234.6,0.35,0.29,12.84,1.705
CAR131,16.57,85,46.6,2412.0,23.3,0,1,Highway,368.8,0.39,4.36,191.66,15.7415
CAR025,26.87,20,67.5,1936.0,25.8,1,2,Highway,441.5,0.23,2.92,198.51,25.5265
CAR172,25.99,10,91.4,2396.0,26.3,1,1,Highway,346.1,0.41,3.68,296.09,24.690499999999997
CAR088,12.41,85,76.5,1880.0,45.1,1,1,City,314.3,0.75,3.41,229.93,11.7895
CAR055,15.18,20,14.6,2390.0,18.6,0,0,Rural,168.1,0.51,1.21,15.44,2.047
CAR158,2.85,20,29.9,1627.0,,1,0,,412.5,0.47,2.68,77.72,2.7075
CAR167,40.86,20,72.6,2329.0,37.0,0,2,Rural,213.1,0.83,1.01,66.08,11.643
CAR068,11.16,10,49.6,2260.0,32.5,1,1,Rural,256.3,0.88,4.25,199.51,10.602
CAR050,15.48,20,38.0,2992.0,36.0,1,1,Highway,387.1,0.12,3.37,113.07,14.706
CAR070,38.38,10,59.2,1514.0,31.4,1,1,Highway,,0.53,4.13,226.05,27.595
CAR049,10.81,10,47.9,1351.0,47.3,0,2,rural,419.6,0.11,2.52,103.33,10.2695
CAR090,35.18,20,,2214.0,15.7,1,0,City,412.0,0.39,1.58,50.12,8.111
CAR077,29.42,10,66.9,2496.0,25.7,1,0,City,126.6,0.42,4.24,276.51,27.949
CAR099,36.62,10,65.1,2166.0,17.5,0,0,Highway,246.0,0.31,0.45,28.56,2.69
CAR069,9.11,20,37.8,,16.5,1,1,Highway,110.8,0.43,0.58,19.24,2.896
CAR181,9.01,10,55.1,2312.0,17.4,0,1,,222.0,0.18,0.87,46.67,5.7
CAR026,25.76,10,53.7,2084.0,24.7,1,2,City,253.2,0.12,4.09,192.67,24.472
CAR157,22.85,85,38.8,2289.0,26.0,0,2,City,137.4,0.9,0.31,11.09,4.132
CAR102,10.77,10,92.9,2702.0,36.6,0,2,Rural,161.1,0.12,4.48,367.88,10.231499999999999
CAR109,26.59,10,42.9,2859.0,5.1,0,1,Highway,372.4,0.73,1.17,45.9,5.704
CAR192,12.91,20,46.6,2079.0,31.5,1,1,City,432.2,0.87,1.17,47.07,8.272
CAR079,18.46,20,59.4,2818.0,31.9,1,2,Highway,274.4,0.62,3.22,173.84,17.537
CAR008,36.5,20,39.5,2556.0,,0,0,City,143.7,0.76,2.54,87.71,13.813
CAR136,43.08,0,37.7,2654.0,40.4,1,0,Rural,214.6,0.63,3.49,112.11,12.316
CAR101,31.15,20,31.0,1620.0,30.6,1,1,City,181.8,0.53,1.24,40.09,7.239
CAR024,39.49,20,81.9,2802.0,21.7,1,1,City,154.7,0.46,0.24,17.28,2.924
CAR117,21.57,20,89.6,2909.0,23.0,1,2,Rural,160.5,0.08,0.5,45.81,7.603
CAR135,33.56,10,20.2,1555.0,29.7,0,0,Highway,424.9,0.44,1.27,22.45,2.065
CAR169,27.13,0,39.3,3208.0,27.2,1,1,City,446.8,0.49,0.91,35.77,4.417
CAR065,26.46,85,49.2,1920.0,30.1,1,0,City,279.4,0.75,3.12,132.62,25.137
CAR111,36.35,20,75.2,2974.0,26.6,1,0,Highway,102.5,0.18,1.26,98.44,13.258
CAR168,18.64,10,54.6,1102.0,41.3,1,2,City,447.6,0.64,3.63,187.78,17.708
CAR119,6.46,20,72.0,2439.0,28.3,1,1,Highway,208.5,0.86,0.9,58.63,6.137
CAR116,7.71,20,23.2,1600.0,11.7,1,2,City,,0.13,2.87,61.46,7.3245
CAR063,7.49,10,57.1,2185.0,22.4,1,0,City,171.7,0.15,3.57,192.6,7.1155
CAR126,10.17,20,85.9,1673.0,28.0,1,0,City,86.1,0.38,0.4,32.02,4.635
CAR101,9.61,10,53.1,3274.0,22.7,0,1,,110.9,0.67,0.94,44.38,6.488
CAR071,35.57,20,81.2,1881.0,34.7,1,1,rural,383.9,0.61,1.21,97.33,15.564
CAR002,26.48,85,48.8,3292.0,43.7,0,1,City,440.8,0.79,4.33,198.98,25.156
CAR013,36.72,20,63.3,2395.0,25.1,1,1,City,77.5,0.34,2.02,113.05,17.999
CAR069,38.24,20,25.1,2289.0,28.1,1,1,Highway,228.5,0.85,1.47,31.46,5.107
CAR124,39.34,10,63.9,2654.0,27.1,0,1,Rural,237.9,0.52,3.37,218.85,25.387
CAR145,11.82,10,75.2,1765.0,30.4,1,0,City,182.1,0.48,2.3,165.63,11.229
CAR036,4.74,0,84.0,1706.0,21.6,1,1,City,155.0,0.37,3.83,303.15,4.503
CAR156,27.71,0,19.1,2571.0,24.4,1,1,City,360.7,0.55,0.87,16.69,1.903
CAR190,21.44,10,28.7,1923.0,23.4,0,0,Rural,446.9,0.76,0.85,21.86,2.634
CAR171,42.24,20,26.4,1942.0,18.1,0,1,City,435.4,0.65,4.15,93.89,15.566
CAR025,40.34,0,56.9,2420.0,26.4,0,2,City,85.3,0.09,4.08,233.54,23.184
CAR073,32.63,0,61.7,2596.0,34.5,0,0,Rural,338.4,0.42,1.52,96.25,7.846
CAR087,12.43,20,53.1,2149.0,15.4,0,2,City,298.3,0.27,2.48,126.55,11.808499999999999
CAR195,12.57,20,29.5,2021.0,40.7,0,1,City,103.5,0.6,3.74,94.7,11.9415
CAR113,13.69,0,66.4,2729.0,26.1,0,2,City,179.0,0.11,3.98,240.74,13.0055
CAR123,40.96,20,74.0,2107.0,26.4,0,2,city,132.2,0.89,0.62,42.16,7.492
CAR187,14.09,20,50.7,1951.0,48.0,1,2,City,219.8,0.33,3.1,145.74,13.385499999999999
CAR010,20.94,10,5.0,2408.0,28.1,0,2,Rural,221.8,0.14,0.44,2.07,0.283
CAR044,12.68,0,54.6,,31.9,0,2,City,264.1,0.86,0.67,38.35,4.932
CAR091,6.46,20,61.5,1911.0,35.8,0,2,Highway,,0.8,2.86,161.6,6.137
CAR081,8.82,0,51.5,2644.0,19.2,1,1,Rural,354.1,0.69,1.79,78.85,8.276
CAR019,37.65,10,39.3,2093.0,23.5,0,1,Highway,444.9,0.65,0.5,20.58,2.397
CAR118,16.08,20,47.7,1461.0,34.8,1,1,Highway,99.8,0.72,3.88,169.49,15.275999999999998
CAR008,20.29,20,29.2,2661.0,27.3,0,0,Highway,74.7,0.29,1.4,41.35,4.678
CAR176,8.7,10,37.4,1670.0,23.6,1,0,City,265.6,0.24,2.23,72.8,8.264999999999999
CAR116,20.47,0,48.8,1665.0,,0,0,City,269.0,0.61,3.43,145.74,12.977
CAR083,6.11,0,72.1,1739.0,39.9,0,2,City,413.3,0.13,3.41,248.34,5.8045
CAR047,7.54,85,58.5,,15.9,1,1,City,253.3,0.16,2.12,111.93,7.162999999999999
CAR127,30.37,0,51.2,3146.0,38.7,1,0,Highway,344.1,0.79,1.6,79.16,7.958
CAR107,32.92,10,50.1,2858.0,31.3,0,2,Rural,322.9,0.87,1.06,49.82,7.505
CAR150,3.54,20,73.5,2497.0,23.0,0,2,Rural,221.3,0.52,1.58,114.56,3.363
CAR193,32.33,20,55.9,2053.0,34.1,0,0,Highway,103.1,0.55,1.3,63.59,8.145
CAR154,13.22,20,54.0,2908.0,,0,0,Highway,328.6,0.56,2.37,127.55,12.559
CAR141,43.58,0,57.4,1664.0,30.9,1,1,Rural,423.2,0.39,1.55,87.36,7.279
CAR054,14.28,10,48.5,2734.0,23.9,1,1,City,407.3,0.18,2.19,103.19,13.565999999999999
CAR076,39.87,10,71.2,2260.0,43.7,0,1,Rural,203.1,0.24,0.33,23.52,2.818
CAR194,11.05,0,31.1,2430.0,28.3,1,1,,156.2,0.14,0.49,15.97,1.421
CAR180,20.79,20,21.9,1208.0,29.7,1,1,City,371.2,0.18,4.15,90.34,14.07
CAR026,36.48,20,78.1,3212.0,26.3,1,2,Highway,364.2,0.85,2.42,198.01,34.656
CAR034,13.29,20,79.6,2194.0,30.3,1,1,Highway,259.7,0.35,0.83,57.69,8.625
CAR175,36.9,0,64.1,1999.0,18.3,1,0,Highway,355.1,0.69,3.27,213.63,17.957
CAR017,9.92,20,28.3,10490.796215231025,23.3,1,2,Rural,323.1,0.44,3.02,77.89,9.424
CAR052,26.95,20,52.4,2249.0,29.2,1,1,Highway,445.3,0.44,1.08,58.08,8.136
CAR119,31.08,10,46.0,2779.0,21.6,1,0,City,335.2,0.18,3.71,150.13,20.137
CAR049,25.63,0,40.0,1857.0,39.2,1,1,Highway,72.6,0.83,1.99,69.19,7.651
CAR134,16.8,20,74.5,2554.0,37.2,0,2,,182.5,0.2,3.42,255.69,15.959999999999999
CAR187,28.55,10,,2920.0,32.0,0,1,City,117.2,0.08,2.23,148.93,17.681
CAR162,19.25,85,55.6,2369.0,9.8,0,1,City,302.2,0.35,3.46,167.42,18.287499999999998
CAR196,13.12,0,,2518.0,22.5,0,0,Highway,176.9,0.33,3.03,204.84,11.744
CAR053,4.9,10,47.5,3285.0,22.4,0,0,City,348.7,0.08,1.15,47.65,4.655
CAR055,44.6,20,31.9,2624.0,23.4,0,2,City,247.9,0.82,4.08,121.5,23.258
CAR168,19.14,85,5.0,2276.0,18.8,0,2,City,135.2,0.28,4.18,21.25,7.372
CAR024,37.46,10,42.3,1578.0,10.7,0,0,Highway,106.8,0.41,2.18,85.47,8.463
CAR137,41.33,10,78.9,1266.0,26.4,1,2,Rural,395.2,0.87,1.18,92.74,14.113
CAR043,26.32,0,56.4,2870.0,26.2,1,0,City,263.8,0.19,1.16,61.01,5.696
CAR039,36.49,10,13.5,1975.0,42.3,0,1,Highway,253.8,0.17,2.86,34.51,3.911
CAR027,42.06,10,88.5,2147.0,33.2,1,1,City,108.0,0.08,1.87,151.8,18.576
CAR153,32.53,0,75.5,2689.0,23.8,1,1,Highway,228.1,0.67,0.28,18.79,1.747
CAR078,13.52,0,63.5,1076.0,38.5,1,0,Rural,94.4,0.77,2.94,159.51,12.844
CAR052,25.35,20,57.1,1734.0,21.2,0,1,Rural,317.0,0.59,0.49,29.13,4.705
CAR134,43.99,10,50.8,2989.0,,0,1,City,,0.34,3.8,190.55,24.943
CAR059,10.5,10,53.9,2644.0,33.4,0,1,City,285.4,0.5,1.56,76.81,9.975
CAR185,20.6,85,30.2,2510.0,35.1,1,1,,145.5,0.85,0.63,17.38,6.035
CAR158,31.08,10,5.0,3146.0,23.7,1,1,Highway,428.1,0.44,0.23,1.07,0.119
CAR089,9.72,10,58.6,1665.0,23.3,1,2,City,231.0,0.22,1.41,77.56,9.234
CAR069,37.07,0,27.2,2139.0,30.8,0,0,Rural,367.7,0.38,1.46,37.33,2.608
CAR024,41.18,10,84.5,2208.0,31.5,0,2,City,160.6,0.33,1.86,150.64,20.893
CAR134,7.48,10,54.5,1387.0,37.5,0,2,City,110.2,0.28,1.99,102.11,7.106
CAR169,14.06,0,43.8,2287.0,,1,1,City,181.8,0.64,1.81,71.83,8.053
CAR185,6.92,20,82.2,3437.0,27.7,1,2,city,158.7,0.77,3.49,286.02,6.574
CAR134,17.79,85,71.2,1486.0,29.3,1,2,Rural,374.7,0.89,3.66,231.06,16.900499999999997
CAR137,20.18,10,,2180.0,29.9,1,1,Highway,296.7,0.36,2.76,120.0,13.295
CAR128,18.16,10,19.3,2917.0,16.9,1,1,Rural,198.2,0.53,0.39,6.75,0.911
CAR004,15.52,20,61.2,2217.0,19.5,0,2,Rural,156.9,0.36,3.52,196.06,14.744
CAR131,28.27,10,61.3,2567.0,25.5,1,0,Highway,447.2,0.27,0.71,42.52,4.452
CAR074,24.85,10,44.0,1723.0,40.3,0,1,Highway,128.2,0.17,2.72,111.17,12.186
CAR144,6.31,85,34.8,1932.0,29.6,1,0,,148.0,0.73,3.03,102.53,5.9944999999999995
CAR022,18.06,20,82.0,1663.0,35.2,1,1,Highway,398.8,0.65,0.53,37.77,5.768
CAR049,37.19,85,28.9,1896.0,48.0,1,0,City,349.8,0.58,0.69,17.93,6.737
CAR161,17.42,0,81.1,2172.0,33.1,1,1,Rural,428.5,0.58,1.23,101.51,10.28
CAR024,44.41,0,43.1,2608.0,32.1,0,1,Rural,234.1,0.3,1.01,44.48,3.968
CAR078,30.18,20,52.4,2549.0,31.1,1,1,City,283.6,0.15,1.68,87.9,13.847
CAR027,25.33,10,36.8,2751.0,40.4,0,1,City,435.9,0.26,3.82,139.32,19.34
CAR055,41.13,0,19.5,2745.0,26.5,1,0,City,96.0,0.66,2.89,54.06,5.879
CAR196,14.43,0,55.1,2163.0,5.8,0,2,City,301.0,0.72,2.48,141.33,13.708499999999999
CAR023,16.11,10,58.6,11727.824296905279,35.3,0,0,City,438.9,0.53,3.79,202.83,15.304499999999999
CAR191,42.63,0,49.7,1800.0,19.6,1,2,Rural,177.4,0.17,3.82,181.03,18.169
CAR108,9.65,20,,2222.0,35.0,1,0,City,360.4,0.65,2.04,81.41,9.1675
CAR156,17.8,85,64.3,1076.0,34.9,1,0,City,247.6,0.68,2.12,125.43,16.91
CAR161,27.85,10,41.5,3021.0,20.4,1,0,Rural,,0.89,3.16,127.9,16.227
CAR133,8.82,20,49.1,2157.0,39.9,1,0,City,281.8,0.83,3.84,180.72,8.379
CAR026,25.09,20,40.3,3046.0,30.2,1,1,Highway,357.0,0.29,3.2,128.46,18.288
CAR106,9.63,20,262.74653602695287,2722.0,26.0,0,1,Highway,351.6,0.87,1.29,71.2,9.1485
CAR142,44.25,20,47.4,2522.0,21.7,1,2,Highway,139.0,0.11,0.4,16.66,2.432
CAR100,43.03,10,52.2,1702.0,,1,2,City,215.7,0.88,4.38,197.68,30.167
CAR179,39.86,10,65.7,1798.0,29.3,0,1,Rural,151.2,0.35,1.74,114.29,12.065
CAR149,12.46,0,55.4,2193.0,18.9,0,0,City,293.6,0.56,0.62,35.45,3.303
CAR164,22.49,10,32.3,2435.0,39.3,1,1,Rural,323.4,0.19,0.7,20.99,2.737
CAR113,23.08,85,64.4,2381.0,34.0,0,1,Highway,102.8,0.58,1.5,98.59,21.926
CAR042,42.89,20,74.4,1339.0,19.3,1,1,Highway,128.7,0.4,3.96,274.18,40.516
CAR095,26.73,10,59.4,2337.0,35.5,1,0,Highway,305.5,0.35,2.14,126.11,14.42
CAR136,44.16,85,50.0,1958.0,24.1,1,1,Rural,437.2,0.75,3.57,178.8,41.952
CAR054,13.03,10,23.8,1944.0,28.0,0,0,City,73.0,0.2,3.06,65.66,6.836
CAR194,22.97,0,43.3,1535.0,26.0,1,1,City,77.0,0.73,2.57,116.5,11.98
CAR149,5.47,10,41.4,2503.0,18.4,1,1,City,206.9,0.42,0.94,39.71,5.1964999999999995
CAR141,13.01,10,41.8,2377.0,35.8,0,0,,138.4,0.35,1.43,52.74,5.839
CAR168,15.87,20,52.0,3107.0,21.2,1,1,Highway,329.5,0.87,0.22,10.82,1.836
CAR048,11.65,10,48.3,2144.0,22.4,0,2,City,131.0,0.9,2.57,109.98,11.067499999999999
CAR100,42.39,20,59.2,3100.0,35.5,1,2,City,436.9,0.21,1.89,111.81,19.887
CAR119,13.65,0,68.3,2129.0,15.0,0,2,City,427.9,0.81,3.95,269.84,12.9675
CAR020,8.4,10,51.6,1050.0,32.1,1,1,City,219.2,0.53,3.82,183.74,7.9799999999999995
CAR062,9.92,85,60.4,2273.0,31.0,0,2,City,,0.85,3.78,234.48,9.424
CAR131,16.56,10,63.3,2731.0,22.6,0,1,Highway,273.8,0.56,0.96,61.16,6.312
CAR178,3.48,10,70.9,3132.0,32.9,0,1,Rural,397.8,0.1,1.25,78.73,3.306
CAR033,41.62,0,76.8,3107.0,35.0,1,1,,146.1,0.07,3.57,234.98,22.791
CAR195,17.62,10,65.9,3178.0,38.9,1,1,City,359.1,0.36,0.82,55.33,8.793
CAR022,34.77,0,42.5,2006.0,27.9,1,1,Highway,,0.79,3.48,140.21,14.17
CAR114,33.53,10,56.7,2363.0,24.0,0,2,Rural,259.7,0.2,4.25,220.24,28.192
CAR131,35.98,20,9.9,2369.0,22.7,0,1,City,111.9,0.21,2.16,21.95,3.222
CAR128,37.8,0,48.0,1931.0,29.2,1,1,City,293.1,0.66,0.91,43.13,4.927
CAR183,11.17,20,61.7,2358.0,19.0,0,2,Rural,318.5,0.25,0.99,57.93,8.93
CAR145,34.51,20,27.7,2362.0,32.4,1,0,City,278.3,0.41,2.97,79.51,11.685
CAR176,27.98,0,57.4,2673.0,15.4,0,2,City,243.8,0.55,4.02,236.57,26.581
CAR148,9.57,10,47.4,2618.0,41.1,1,1,Highway,200.8,0.4,0.41,18.93,2.53
CAR123,39.44,10,86.5,1944.0,32.2,0,2,,215.0,0.82,2.19,190.11,24.304
CAR142,36.26,20,47.0,2476.0,32.0,0,2,City,87.1,0.54,4.05,170.98,29.931
CAR077,42.26,20,45.3,2107.0,38.7,1,1,Rural,125.2,0.6,1.71,74.41,12.518
CAR099,5.43,85,67.6,1073.0,42.1,0,0,City,187.6,0.77,3.99,273.98,5.158499999999999
CAR108,19.11,10,61.7,2721.0,29.8,0,2,Rural,76.8,0.37,0.93,52.99,6.727
CAR064,41.83,10,66.1,1632.0,26.6,0,2,Rural,427.8,0.17,0.31,19.61,2.37
CAR097,38.2,20,61.3,2458.0,23.9,1,0,City,71.6,0.23,3.55,202.14,32.028
CAR188,7.16,20,49.6,1326.0,17.8,1,1,Rural,233.3,0.12,2.37,120.77,6.802
CAR144,5.14,20,60.8,3148.0,28.2,1,0,Highway,128.4,0.23,3.25,176.05,4.882999999999999
CAR128,15.5,10,37.6,1974.0,39.6,1,1,Rural,93.3,0.45,1.98,75.28,9.025
CAR032,6.99,10,51.7,1592.0,,0,2,City,238.4,0.85,3.94,175.08,6.6405
CAR120,5.54,20,55.0,1915.0,22.6,1,0,City,317.5,0.66,1.82,101.17,5.263
CAR038,42.5,10,89.1,2153.0,27.8,1,1,Highway,116.6,0.89,4.37,406.29,40.375
CAR161,24.38,10,58.3,2247.0,,0,0,Highway,394.1,0.81,3.74,216.41,23.160999999999998
CAR149,29.1,20,68.7,2864.0,11.7,0,0,Highway,182.8,0.56,2.39,166.46,24.998
CAR075,38.15,0,74.3,2306.0,36.2,1,1,City,154.9,0.33,0.62,47.93,4.863
CAR122,23.45,20,62.1,2789.0,27.9,0,1,Rural,257.8,0.17,0.89,51.19,7.323
CAR169,40.22,10,74.6,1546.0,11.5,1,1,Rural,315.4,0.1,3.32,222.06,26.09
CAR197,13.17,10,11.4,2361.0,,1,1,City,178.0,0.42,2.68,30.09,4.131
CAR158,20.94,10,28.9,1696.0,24.8,1,2,,308.5,0.09,2.4,70.31,9.977
CAR066,2.42,0,36.8,2130.0,30.6,1,1,City,255.4,0.74,2.95,98.48,2.299
CAR131,25.48,85,72.6,1317.0,28.3,1,2,Highway,372.0,0.21,2.86,217.77,24.206
CAR047,13.51,0,55.6,2425.0,30.7,0,2,rural,197.7,0.08,3.83,204.6,12.834499999999998
CAR059,23.38,10,82.3,2415.0,18.2,0,0,City,88.4,0.33,1.42,113.93,12.965
CAR103,13.85,20,37.5,2249.0,23.0,0,0,Rural,431.1,0.57,1.97,64.0,9.102
CAR200,30.56,20,,1862.0,39.4,1,0,Highway,299.6,0.22,1.77,101.63,14.239
CAR039,41.8,20,53.1,2766.0,30.1,1,2,Rural,238.3,0.71,0.76,36.53,6.726
CAR169,5.44,0,45.4,2972.0,25.6,0,1,City,440.5,0.42,3.91,168.96,5.168
CAR148,34.71,0,70.6,1903.0,35.1,0,1,Highway,139.6,0.35,1.2,84.23,6.548
CAR019,35.83,0,65.5,2176.0,26.4,0,1,Highway,356.9,0.79,3.29,217.38,22.056
CAR109,39.91,20,47.1,3406.0,16.5,0,1,Highway,420.3,0.47,2.83,122.18,18.89
CAR023,19.73,20,85.0,2854.0,18.6,1,1,Rural,82.0,0.24,1.7,133.47,18.7435
CAR122,24.44,10,25.0,2141.0,,0,1,Rural,366.2,0.15,3.12,80.87,8.766
CAR001,20.03,10,24.5,1531.0,36.8,0,2,City,,0.41,1.48,30.84,4.213
CAR150,15.52,20,32.0,2452.0,25.2,1,0,City,256.1,0.76,1.24,38.46,6.3
CAR154,43.03,10,27.5,3024.0,37.3,1,2,Highway,156.6,0.85,3.91,111.49,15.407
CAR179,18.06,0,73.1,1414.0,32.3,1,1,Highway,170.9,0.47,0.88,63.26,5.411
CAR115,18.02,20,34.6,2809.0,16.8,0,2,Rural,280.8,0.77,0.84,30.01,5.2
CAR027,30.38,20,12.5,2352.0,26.9,1,1,Highway,319.7,0.57,1.62,20.27,2.998
CAR074,10.43,20,33.0,1036.0,28.5,1,2,City,237.6,0.15,2.22,72.62,9.9085
CAR106,12.54,10,38.1,2344.0,22.8,1,0,Highway,348.1,0.75,4.41,164.73,11.912999999999998
CAR123,22.92,10,34.4,2522.0,31.0,1,1,City,280.3,0.14,2.32,82.99,12.292
CAR035,4.98,20,73.2,1151.0,37.4,1,1,City,169.4,0.58,2.87,198.34,4.731
CAR178,32.47,0,38.9,1820.0,31.9,1,0,Rural,425.2,0.21,1.41,49.12,4.085
CAR057,41.23,0,59.3,1761.0,28.4,0,0,City,187.8,0.45,1.0,51.44,5.235
CAR061,5.67,85,40.3,2564.0,23.6,1,1,Rural,79.4,0.37,1.15,43.09,5.3865
CAR082,34.44,10,37.2,2124.0,36.9,0,2,Highway,206.9,0.37,3.11,120.48,15.497
CAR077,8.17,10,47.6,1491.0,28.3,1,2,City,423.6,0.63,4.11,202.36,7.7615
CAR048,2.25,85,43.5,2202.0,14.4,0,1,,133.2,0.81,3.37,130.97,2.1374999999999997
CAR142,24.91,20,53.5,1742.0,25.3,0,2,City,135.2,0.65,0.34,16.36,3.06
CAR161,33.32,85,5.0,1511.0,10.1,0,0,Highway,,0.72,4.04,18.11,5.535
CAR094,29.63,20,28.9,2012.0,39.9,0,0,City,285.2,0.54,2.55,72.92,12.033
CAR156,3.62,20,67.1,3754.0,,0,1,City,138.3,0.84,2.89,170.55,3.439
CAR119,41.76,20,89.0,1848.0,29.5,1,2,City,,0.86,2.2,168.08,32.649
CAR050,34.02,10,65.1,1709.0,26.6,0,2,Highway,151.1,0.4,2.15,138.51,15.916
CAR143,41.19,20,61.5,2302.0,,0,2,City,176.1,0.83,2.3,130.23,24.451
CAR136,31.92,85,,2057.0,26.1,1,2,Highway,361.5,0.47,3.38,85.14,29.057
CAR114,21.54,20,34.3,2282.0,27.0,1,2,City,164.1,0.71,0.44,14.02,2.569
CAR014,6.83,10,48.2,2572.0,25.6,0,1,Highway,194.9,0.68,2.67,132.49,6.4885
CAR019,26.51,10,107.9,2376.0,46.1,0,2,Highway,142.4,0.66,2.73,270.06,25.1845
CAR113,26.59,10,69.0,1839.0,31.3,1,1,City,315.6,0.69,2.52,180.08,25.139
CAR175,5.85,20,29.5,2690.0,32.6,0,2,Highway,194.1,0.61,4.24,118.78,5.557499999999999
CAR047,12.27,20,53.6,2463.0,24.3,0,0,Highway,393.2,0.68,4.34,229.0,11.6565
CAR050,11.93,10,50.7,2338.0,16.9,1,1,City,214.5,0.05,0.61,31.43,4.554
CAR014,4.16,85,78.5,2171.0,32.5,1,2,City,242.3,0.74,1.96,154.04,3.952
CAR183,6.22,10,57.5,1243.0,28.8,1,0,Highway,409.9,0.47,0.24,12.19,1.251
CAR141,29.8,20,56.1,2664.0,27.2,0,0,Highway,111.1,0.35,2.49,137.76,17.536
CAR029,26.08,20,49.7,2115.0,22.1,0,2,Rural,334.7,0.43,2.2,105.13,16.993
CAR068,14.51,20,54.1,1288.0,,1,1,Highway,342.3,0.56,4.0,196.09,13.7845
CAR170,10.43,10,60.6,1647.0,20.2,0,2,Rural,393.6,0.4,2.06,128.56,9.9085
CAR014,25.72,0,52.4,1923.0,32.2,0,1,Rural,300.0,0.26,3.12,143.74,12.735
CAR160,31.1,20,60.3,2182.0,38.4,0,2,Highway,383.4,0.43,1.19,69.73,11.529
CAR190,12.36,20,33.7,,34.5,1,0,City,367.4,0.06,3.97,139.82,11.741999999999999
CAR069,2.73,10,46.8,2186.0,27.5,1,1,City,366.2,0.35,3.5,153.03,2.5934999999999997
CAR062,33.73,20,70.9,2351.0,25.4,1,0,,76.8,0.59,3.55,263.14,32.043499999999995
CAR083,12.3,10,82.7,,25.9,0,2,City,306.1,0.52,2.11,155.46,11.685
CAR070,7.62,20,52.4,2339.0,36.8,0,2,City,74.3,0.41,2.77,143.21,7.239
CAR111,33.87,0,38.9,1919.0,18.9,1,2,Rural,135.0,0.23,0.74,27.1,2.66
CAR084,34.89,20,60.9,1950.0,30.3,1,2,City,219.7,0.54,3.58,191.31,33.1455
CAR004,28.38,10,61.6,1692.0,33.9,0,1,,228.8,0.64,4.36,277.7,26.961
CAR146,32.77,10,67.0,2022.0,17.0,0,1,Highway,114.2,0.17,1.28,73.08,6.686
CAR004,6.28,20,41.7,1298.0,25.7,0,0,Rural,312.2,0.17,2.05,86.68,5.966
CAR011,13.77,10,54.1,2701.0,25.5,0,1,Highway,425.3,0.25,3.37,175.7,13.081499999999998
CAR020,17.38,20,40.9,1565.0,22.1,0,1,City,312.6,0.67,3.18,122.58,16.511
CAR073,26.92,20,9.7,1497.0,32.8,1,1,Rural,256.5,0.18,1.05,9.02,1.341
CAR010,14.74,10,43.9,949.0,24.4,1,0,City,369.4,0.64,3.29,129.91,14.003
CAR130,38.09,10,44.6,2580.0,36.8,1,2,City,230.7,0.8,3.75,161.77,25.738
CAR063,44.75,10,66.0,1954.0,24.0,1,1,City,259.3,0.7,3.69,223.39,32.403
CAR064,25.33,20,55.4,3123.0,30.5,1,0,City,103.6,0.72,3.35,174.02,24.063499999999998
CAR054,13.23,10,54.9,2114.0,37.5,1,0,Rural,249.5,0.65,4.1,225.21,12.5685
CAR037,13.55,10,40.9,2348.0,33.1,0,1,City,222.5,0.67,3.32,125.53,12.8725
CAR126,24.33,20,77.9,1779.0,32.0,1,0,Highway,164.1,0.85,1.24,99.15,14.048
CAR141,2.56,10,41.9,2576.0,34.0,1,2,highway,,0.62,4.19,168.13,2.432
CAR114,3.27,20,41.0,2546.0,25.7,1,2,Highway,419.4,0.46,1.07,45.94,3.1065
CAR074,43.42,20,43.9,,27.8,1,1,Highway,90.6,0.22,2.13,94.09,13.513
CAR057,20.88,20,49.5,1933.0,29.2,0,1,City,150.9,0.8,0.9,42.37,7.448
CAR079,40.17,20,57.9,1414.0,32.6,1,0,,216.6,0.52,3.07,159.11,23.508
CAR091,32.28,10,48.9,2300.0,37.2,0,1,Rural,366.7,0.84,2.78,128.37,16.457
CAR149,16.97,10,14.8,2209.0,45.3,0,2,City,237.2,0.51,3.42,46.97,7.88
CAR166,14.71,10,58.3,2092.0,23.2,0,1,Rural,236.9,0.7,3.77,206.92,13.9745
CAR011,29.83,0,51.1,2171.0,34.7,1,2,,393.4,0.68,3.76,164.71,17.38
CAR116,32.03,20,59.0,2393.0,33.0,0,0,,406.0,0.85,1.66,92.99,15.231
CAR061,15.83,10,45.4,2429.0,35.8,1,1,City,377.6,0.6,1.56,70.23,10.279
CAR147,24.28,10,82.1,2106.0,27.3,0,0,Highway,204.3,0.18,2.11,163.82,14.795
CAR109,29.96,20,63.0,2848.0,36.8,0,2,Highway,206.3,0.87,3.99,248.59,28.462
CAR018,26.76,10,55.2,14289.669549920995,20.4,0,2,,392.4,0.18,1.6,89.88,11.927
CAR169,33.24,10,49.5,2776.0,32.9,1,1,Rural,331.7,0.63,4.16,177.65,25.503
CAR062,13.67,20,41.0,2850.0,35.2,0,2,City,182.2,0.82,1.79,69.48,12.097
CAR052,10.19,10,21.6,2934.0,29.8,0,0,City,143.5,0.85,2.24,49.41,6.608
CAR024,22.86,10,40.0,1821.0,38.3,1,2,City,98.5,0.32,4.35,162.46,21.717
CAR109,6.59,20,14.3,2355.0,30.8,0,2,City,136.8,0.64,3.34,45.04,6.2604999999999995
CAR137,3.1,10,40.8,4218.0,30.2,0,1,City,138.1,0.78,1.01,37.78,2.945
CAR170,19.3,20,45.7,1987.0,,1,2,City,211.9,0.48,0.65,29.97,5.181
CAR017,19.2,0,34.4,2528.0,,1,2,Highway,446.0,0.6,0.38,13.33,1.828
CAR045,33.21,20,68.2,2045.0,24.3,0,0,Highway,195.5,0.59,2.61,158.13,19.635
CAR012,41.1,20,72.6,2846.0,28.3,1,0,City,195.7,0.4,3.67,263.14,39.045
CAR004,19.16,20,52.9,1949.0,24.2,1,2,Highway,118.1,0.21,3.85,186.67,18.201999999999998
CAR042,27.86,0,68.1,2107.0,19.0,0,1,City,92.5,0.59,1.91,136.17,12.076
CAR024,33.09,20,83.1,3011.0,21.1,0,1,City,344.6,0.69,0.47,37.24,6.5
CAR176,22.72,10,11.9,2765.0,36.0,1,0,,94.2,0.29,2.94,33.97,3.538
CAR128,42.09,10,40.7,1962.0,34.9,1,0,City,72.1,0.08,1.39,52.11,5.691
CAR106,17.09,85,42.3,1718.0,28.9,1,2,Highway,227.1,0.29,2.1,76.64,16.2355
CAR003,9.38,20,51.5,2407.0,35.2,1,1,Rural,169.3,0.6,2.06,107.94,8.911
CAR124,25.72,10,13.2,2887.0,25.1,0,0,Highway,137.8,0.58,1.46,20.21,2.097
CAR182,3.2,10,74.7,2904.0,21.3,1,1,City,325.6,0.69,1.02,75.5,3.04
CAR151,6.8,10,23.2,2012.0,37.3,1,0,Rural,291.5,0.3,3.04,66.55,6.46
CAR099,43.27,20,46.4,2724.0,27.7,1,1,City,328.0,0.59,2.01,83.37,14.743
CAR170,32.52,10,94.3,2549.0,29.6,0,2,City,383.3,0.79,1.47,127.82,20.752
CAR043,3.3,10,45.7,2200.0,36.4,1,2,City,270.3,0.09,1.93,76.98,3.135
CAR107,11.67,20,58.0,2469.0,33.4,0,1,City,,0.55,2.23,120.48,11.0865
CAR166,26.51,10,37.3,1800.0,14.6,1,2,City,145.0,0.86,4.06,141.72,21.21
CAR136,6.15,85,66.7,2393.0,34.3,0,1,City,108.4,0.86,3.79,226.86,5.8425
CAR151,25.86,20,207.40700012039113,1454.0,25.5,0,2,City,360.9,0.78,1.26,58.08,9.541
CAR067,7.3,20,12.0,1832.0,27.4,1,2,Rural,202.7,0.7,1.16,13.43,2.354
CAR196,4.62,20,66.9,1793.0,24.3,0,1,City,218.5,0.1,4.32,297.04,4.389
CAR198,6.77,10,75.9,2999.0,,0,0,City,265.3,0.61,3.45,239.89,6.431499999999999
CAR022,6.33,10,232.05402031406987,1667.0,24.6,1,1,Highway,116.7,0.66,1.77,78.03,6.0135
CAR131,27.15,10,,2759.0,37.3,1,2,City,279.7,0.68,2.52,83.89,13.399
CAR052,27.88,10,87.8,2591.0,,1,1,City,76.0,0.49,2.18,167.74,23.468
CAR053,6.62,20,,2456.0,24.6,0,1,Highway,397.1,0.47,1.7,112.15,6.289
CAR135,29.34,10,43.8,1961.0,23.4,1,1,Highway,224.7,0.53,1.44,58.93,7.344
CAR197,14.31,20,45.4,2881.0,33.2,1,1,City,152.3,0.06,3.09,135.29,13.5945
CAR074,29.78,20,36.8,2333.0,36.3,0,1,,167.0,0.56,1.55,49.0,7.4
CAR071,33.26,20,33.8,2525.0,30.8,0,2,Highway,417.0,0.38,2.88,93.93,15.019
CAR034,23.24,10,19.6,2906.0,25.0,1,2,Rural,80.1,0.68,0.29,5.74,0.844
CAR121,27.23,0,20.8,2917.0,36.6,1,2,City,285.8,0.59,2.83,53.59,7.47
CAR013,29.23,20,17.5,1613.0,16.7,1,2,Rural,72.6,0.64,2.73,48.7,7.967
CAR148,21.88,10,60.8,2128.0,23.0,0,0,City,268.2,0.77,0.72,42.43,5.434
CAR141,29.45,85,91.6,2318.0,18.1,1,1,City,186.2,0.56,0.75,60.65,20.69
CAR177,40.06,20,82.5,2793.0,24.3,1,0,City,221.7,0.7,2.45,194.11,30.853
CAR091,39.86,10,13.9,2574.0,31.8,1,2,Highway,365.9,0.07,3.81,51.4,6.214
CAR132,4.08,20,46.7,1541.0,23.5,1,2,Highway,336.9,0.43,4.11,168.29,3.876
CAR030,23.96,0,,2668.0,28.7,0,0,Rural,424.1,0.29,2.31,85.67,7.847
CAR100,26.01,20,17.3,2709.0,14.3,0,2,Highway,257.1,0.62,1.2,17.95,2.856
CAR192,24.84,0,50.4,994.0,21.7,1,0,City,231.9,0.78,3.97,171.42,16.692
CAR057,20.8,20,,2467.0,21.1,0,0,City,201.8,0.2,0.2,12.33,1.781
CAR173,30.01,20,33.2,1650.0,36.4,1,1,City,330.7,0.27,2.92,94.36,16.087
CAR143,6.47,10,34.3,1696.0,26.6,0,2,City,352.9,0.82,3.63,127.0,6.1465
CAR158,21.05,20,47.2,2747.0,12.0,0,2,City,156.9,0.65,1.08,52.49,8.736
CAR168,34.99,20,28.8,1304.0,22.7,0,2,highway,315.5,0.42,1.18,32.62,4.712
CAR006,19.14,85,52.6,2409.0,27.6,1,1,Rural,135.2,0.67,2.03,104.52,18.183
CAR159,5.87,10,55.6,2657.0,18.6,0,0,City,140.7,0.83,1.87,88.8,5.5765
CAR164,32.27,20,41.2,1626.0,28.7,1,1,City,149.7,0.24,3.46,138.51,21.395
CAR182,23.0,0,89.6,2057.0,29.5,1,2,Highway,249.2,0.46,0.56,45.03,4.417
CAR162,21.21,20,22.3,3119.0,21.8,1,1,Rural,228.4,0.85,1.44,32.03,5.655
CAR166,29.47,20,54.4,1746.0,18.4,1,0,Rural,94.0,0.4,3.84,218.53,27.996499999999997
CAR091,17.77,20,39.4,1938.0,15.9,1,2,Rural,303.6,0.78,0.65,26.57,4.541
CAR022,41.77,20,46.8,2763.0,20.8,1,0,City,234.7,0.15,2.36,97.79,14.921
CAR164,6.21,0,54.0,3895.0,30.5,0,2,City,264.7,0.57,1.95,105.89,5.8995
CAR037,7.44,10,76.8,2278.0,32.0,1,1,City,181.1,0.33,4.2,320.86,7.068
CAR044,32.13,20,64.2,2154.0,22.6,0,1,City,270.8,0.42,2.34,154.0,22.167
CAR001,25.2,20,73.5,2324.0,21.4,1,1,City,381.6,0.52,3.24,243.98,23.939999999999998
CAR111,6.92,20,,,27.5,0,0,,343.7,0.47,1.61,98.45,6.574
CAR118,16.15,10,37.6,1708.0,32.5,1,1,Highway,316.2,0.58,0.41,15.83,1.839
CAR004,16.41,20,39.3,2379.0,21.7,0,2,City,163.8,0.14,2.78,100.26,14.304
CAR190,32.13,10,56.2,2363.0,11.3,0,1,,434.4,0.67,2.25,112.89,16.279
CAR069,7.19,10,61.0,1627.0,40.4,1,2,Highway,166.4,0.29,4.16,257.7,6.8305
CAR032,40.93,10,5.0,1199.0,35.4,1,1,Rural,137.3,0.27,4.29,18.73,2.141
CAR124,11.86,10,94.5,1256.0,26.4,1,0,Highway,89.6,0.35,3.69,328.94,11.267
CAR136,40.06,10,25.3,1709.0,31.3,1,2,Highway,298.6,0.29,3.13,74.83,8.927
CAR167,41.49,85,40.8,1844.0,29.3,1,2,Rural,328.3,0.36,0.74,27.4,9.529
CAR053,15.95,85,14.8,2313.0,23.2,1,0,City,153.5,0.45,2.98,45.37,15.152499999999998
CAR141,26.41,10,39.5,,25.7,0,0,City,238.4,0.51,1.12,41.78,5.239
CAR174,39.95,10,49.2,2600.0,18.1,0,1,Highway,358.3,0.47,3.94,183.76,22.551
CAR108,21.4,10,47.3,2758.0,27.6,1,0,Rural,345.1,0.27,4.08,182.89,19.633
CAR003,7.92,85,57.5,2811.0,37.6,1,0,Rural,369.3,0.59,0.96,52.67,7.524
CAR042,37.51,20,55.4,1159.0,48.0,1,1,City,276.7,0.81,2.61,136.31,27.002
CAR001,32.9,10,76.6,1153.0,28.8,0,0,Highway,200.7,0.54,3.66,274.34,22.894
CAR138,29.3,20,52.3,2331.0,29.6,0,1,Rural,145.5,0.35,0.31,14.95,1.973
CAR159,7.7,20,83.4,1628.0,,0,2,City,105.3,0.18,2.02,149.87,7.3149999999999995
CAR047,6.34,0,45.2,3334.0,32.5,1,1,Rural,263.6,0.42,3.57,167.16,6.023
CAR172,20.85,10,41.1,1911.0,22.8,0,1,Highway,348.8,0.54,3.8,153.89,16.414
CAR139,7.74,85,77.0,1780.0,25.7,1,1,Rural,215.6,0.14,3.83,293.33,7.353
CAR105,4.98,20,,3064.0,29.2,0,2,City,139.1,0.7,1.03,89.39,4.731
CAR177,3.54,10,11.7,2231.0,,1,1,Highway,449.4,0.43,3.3,37.96,3.363
CAR083,28.51,20,44.1,1461.0,28.1,0,1,Rural,422.9,0.56,2.93,130.29,20.298
CAR147,14.6,20,28.9,,21.6,0,2,City,428.4,0.29,2.54,69.9,11.814
CAR038,6.49,10,50.0,2836.0,21.5,0,2,City,160.4,0.47,4.04,191.12,6.1655
CAR056,29.29,20,39.5,2893.0,25.8,1,1,City,148.8,0.74,3.91,147.42,24.97
CAR017,20.92,0,46.5,3155.0,20.8,1,2,City,234.3,0.38,1.58,64.19,7.679
CAR126,11.91,20,18.0,1782.0,29.5,0,2,,321.6,0.63,2.5,38.9,6.213
CAR004,32.99,20,45.3,2113.0,22.7,1,2,City,157.5,0.19,2.17,95.22,15.533
CAR025,16.94,0,47.5,,31.0,1,1,City,326.6,0.27,1.12,45.69,4.495
CAR014,26.24,10,68.2,2029.0,39.9,0,1,City,88.5,0.1,4.25,263.99,24.927999999999997
CAR052,44.39,10,73.7,1796.0,36.2,0,0,Highway,88.4,0.7,1.07,67.3,6.312
CAR124,9.67,0,61.7,2278.0,38.4,1,0,City,150.6,0.84,0.81,45.19,5.256
CAR041,36.78,10,85.1,2712.0,20.3,0,0,Rural,159.5,0.68,0.94,73.59,8.452
CAR121,42.55,0,41.3,2509.0,24.8,1,0,City,278.3,0.81,1.3,54.9,5.946
CAR094,10.97,85,,1977.0,13.0,1,2,Highway,304.0,0.76,3.11,159.5,10.4215
CAR061,27.98,20,75.8,2820.0,30.4,0,2,City,75.4,0.6,2.66,201.92,26.581
CAR156,8.06,20,24.5,2506.0,23.6,0,0,Rural,75.3,0.1,2.68,64.15,7.633
CAR122,36.26,20,51.7,2323.0,19.6,1,0,Highway,88.6,0.76,1.34,67.6,9.511
CAR029,24.7,10,43.1,1528.0,31.0,0,0,City,326.0,0.33,3.3,127.7,13.045
CAR129,6.65,20,46.1,1946.0,18.3,1,1,City,300.2,0.27,2.56,101.32,6.3175
CAR125,44.06,10,53.0,3028.0,17.6,1,2,Highway,383.6,0.84,1.77,85.92,11.644
CAR063,43.91,10,67.3,2477.0,28.5,0,1,Highway,360.2,0.23,2.65,177.28,18.015
CAR139,29.64,10,16.3,3339.0,32.9,0,0,Rural,156.0,0.39,2.96,44.39,5.192
CAR030,13.81,10,11.1,1799.0,9.3,0,0,Rural,73.8,0.81,2.08,24.0,2.65
CAR023,11.85,85,74.9,2648.0,30.1,0,2,City,154.2,0.45,1.3,87.36,11.257499999999999
CAR060,12.68,85,47.7,1892.0,33.4,1,2,City,361.1,0.53,0.71,31.29,11.038
CAR113,32.22,10,70.4,2133.0,26.7,0,0,Rural,332.7,0.82,0.55,35.25,4.279
CAR187,17.75,10,35.7,1944.0,23.2,0,1,City,256.7,0.88,1.73,64.19,9.66
CAR103,11.88,20,67.7,2818.0,26.0,1,0,City,97.1,0.56,2.63,159.77,11.286
CAR079,23.96,20,,2739.0,23.6,0,2,Highway,192.1,0.55,0.6,40.4,6.013
CAR021,23.38,20,31.8,2462.0,25.3,1,0,City,274.7,0.4,0.46,14.98,2.43
CAR137,15.46,85,78.7,7541.8808850462665,29.6,0,0,city,75.3,0.86,4.0,283.94,14.687
CAR138,9.23,0,40.4,2712.0,27.7,1,0,City,,0.72,1.62,63.63,6.19
CAR087,7.68,20,36.3,2115.0,30.2,1,2,City,109.1,0.29,3.09,113.9,7.295999999999999
CAR176,8.96,10,39.9,2289.0,24.0,1,2,City,379.0,0.27,3.46,123.42,8.512
CAR187,16.2,10,5.0,2832.0,31.5,1,2,City,162.1,0.88,1.0,4.42,0.708
CAR173,13.77,20,30.4,3103.0,27.8,0,2,City,427.1,0.57,4.36,132.74,13.081499999999998
CAR135,31.66,10,22.9,3070.0,31.5,1,1,City,137.7,0.84,1.09,22.99,3.75
CAR118,13.62,10,13.7,2722.0,25.0,1,1,City,88.3,0.12,1.19,16.05,1.99
CAR056,2.01,20,77.1,2516.0,22.8,1,1,City,377.7,0.53,0.21,16.69,1.9094999999999998
CAR002,37.94,20,71.0,2236.0,31.6,0,2,City,,0.37,3.43,211.87,36.043
CAR105,12.53,10,41.7,1787.0,41.5,0,0,Highway,227.5,0.68,0.84,32.72,3.463
CAR061,42.13,10,39.7,2054.0,23.3,1,0,City,381.1,0.58,3.77,138.58,18.226
CAR059,16.85,10,40.8,1810.0,34.1,0,1,Highway,354.4,0.65,2.63,99.53,11.478
CAR033,15.39,10,23.2,2384.0,20.9,0,0,City,88.9,0.8,1.98,46.75,5.726
CAR088,23.21,0,47.1,1572.0,37.4,1,1,City,336.7,0.06,1.2,54.78,5.22
CAR119,29.16,10,86.0,2236.0,43.1,1,1,Highway,429.8,0.3,4.43,343.56,27.701999999999998
CAR156,13.29,20,35.6,3367.0,22.3,1,1,City,108.7,0.71,1.16,38.55,7.16
CAR044,25.88,20,85.3,1851.0,35.1,1,1,City,322.8,0.66,2.43,201.59,24.586
CAR188,22.49,20,76.2,1604.0,,0,2,City,364.6,0.25,0.62,40.2,6.435
CAR064,5.0,20,72.2,2307.0,25.4,1,2,City,362.9,0.36,0.31,21.16,3.949
CAR015,40.14,20,44.9,2054.0,36.8,0,0,City,156.0,0.39,0.71,32.49,4.504
CAR015,39.37,0,36.5,2479.0,15.0,1,0,City,308.2,0.79,0.58,19.43,1.93
CAR039,27.06,0,5.0,1670.0,34.7,0,1,Highway,176.5,0.8,3.72,16.16,1.52
CAR051,17.14,85,75.5,1508.0,32.5,0,2,Highway,282.3,0.75,0.67,43.33,14.945
CAR082,34.48,20,57.1,2931.0,34.8,0,1,City,276.9,0.39,2.54,144.41,23.632
CAR058,23.05,20,47.4,,25.0,0,1,City,201.6,0.57,2.75,116.16,18.695
CAR039,26.36,20,55.2,2369.0,22.8,0,2,Rural,404.7,0.82,4.24,203.23,25.041999999999998
CAR024,21.54,10,59.9,1788.0,41.8,0,0,,357.4,0.86,2.49,142.17,19.468
CAR153,26.27,0,61.8,1153.0,19.6,1,0,Rural,306.5,0.35,2.29,146.1,11.634
CAR145,24.65,10,32.3,2101.0,22.4,1,0,City,282.0,0.36,4.4,147.55,16.805
CAR105,33.41,20,26.3,1518.0,21.2,1,1,City,380.8,0.34,3.24,81.13,13.497
CAR037,38.72,0,55.9,1978.0,36.1,1,1,City,,0.29,2.54,133.99,15.326
CAR127,16.94,0,42.8,1982.0,34.7,0,1,City,159.7,0.23,1.45,63.01,5.835
CAR063,40.82,0,57.1,2127.0,28.7,1,2,City,403.1,0.5,2.31,116.96,13.965
CAR176,17.78,10,31.0,1935.0,5.5,1,2,Highway,386.7,0.66,3.68,108.37,14.75
CAR024,35.97,10,62.9,1969.0,29.8,1,1,City,423.0,0.07,3.12,170.33,21.135
CAR006,24.03,20,42.2,2635.0,21.9,1,2,Highway,290.3,0.61,2.8,109.23,18.764
CAR186,14.9,10,43.8,2074.0,18.9,1,2,City,79.8,0.17,0.38,17.17,2.365
CAR062,34.82,20,37.6,1347.0,31.4,0,1,Rural,379.7,0.09,2.53,91.23,12.788
CAR186,34.15,20,12.2,1810.0,43.2,1,1,Rural,239.7,0.25,4.01,43.5,6.719
CAR175,3.91,20,15.8,918.0,25.8,1,1,City,376.6,0.5,4.23,69.35,3.7145
CAR186,16.77,20,71.8,2138.0,17.4,1,1,City,,0.47,2.61,171.28,15.931499999999998
CAR022,34.61,0,22.5,,36.7,1,2,City,294.5,0.61,2.88,67.51,7.814
CAR098,2.54,85,30.8,2979.0,43.7,1,1,City,400.8,0.57,1.83,54.03,2.413
CAR028,22.22,20,37.6,2740.0,12.5,1,1,City,206.2,0.7,0.52,20.49,3.626
CAR032,36.79,0,26.1,2831.0,25.0,1,0,City,181.1,0.74,2.87,73.05,7.751
CAR126,28.5,0,57.2,1994.0,28.2,0,2,Rural,376.2,0.79,1.32,69.97,7.909
CAR090,6.09,10,23.1,2784.0,24.5,1,0,City,83.0,0.52,1.38,29.69,4.248
CAR172,22.79,20,51.9,1606.0,39.0,1,2,City,247.8,0.1,1.75,77.93,13.558
CAR043,36.91,20,60.5,1891.0,26.9,1,2,City,76.4,0.22,2.17,118.08,18.976
CAR187,10.25,10,29.7,1874.0,7.5,1,0,City,260.0,0.15,3.92,107.82,9.737499999999999
CAR007,29.89,10,36.1,1279.0,36.7,1,2,City,144.7,0.59,0.58,21.27,3.18
CAR126,36.71,10,51.4,2800.0,39.8,1,1,City,383.1,0.83,2.06,100.08,16.204
CAR079,44.58,0,36.5,2823.0,17.6,1,1,Rural,368.5,0.73,2.73,97.97,12.073
CAR015,6.49,10,51.7,2151.0,22.5,1,2,Highway,271.4,0.77,2.78,136.83,6.1655
CAR014,19.28,20,41.5,2244.0,33.4,0,2,Rural,270.2,0.58,3.8,165.02,18.316
CAR063,35.09,10,89.5,2001.0,48.0,1,0,Highway,248.7,0.28,0.86,72.52,9.128
CAR052,23.24,10,33.4,,29.9,0,1,City,390.1,0.88,1.48,51.71,7.269
CAR129,2.75,0,,1876.0,25.9,0,2,Highway,380.6,0.34,3.02,111.99,2.6125
CAR022,5.18,10,50.1,1701.0,11.4,1,1,Highway,279.5,0.5,2.0,96.35,4.920999999999999
CAR065,17.49,20,24.8,2969.0,27.9,0,1,City,404.1,0.06,2.72,64.55,10.161
CAR011,4.41,10,36.6,1605.0,28.4,1,2,,224.1,0.64,3.21,101.14,4.1895
CAR037,30.24,20,63.2,1784.0,17.4,1,0,City,140.5,0.22,3.69,236.99,28.727999999999998
CAR031,4.53,0,80.3,2334.0,28.6,1,1,City,308.8,0.1,0.6,42.53,4.3035
CAR035,24.7,0,52.4,2404.0,13.7,0,0,City,402.4,0.57,3.14,166.95,16.87
CAR093,7.1,20,42.6,2783.0,9.4,1,2,Rural,125.2,0.12,0.94,38.93,6.434
CAR017,43.33,0,92.2,2108.0,36.2,1,1,Highway,167.1,0.4,2.44,205.86,19.361
CAR094,30.84,0,16.0,3135.0,9.5,0,1,City,435.6,0.49,1.26,20.92,2.275
CAR078,20.96,10,75.2,1461.0,5.0,1,1,Rural,319.8,0.38,0.22,15.54,1.863
CAR136,13.23,0,68.2,3109.0,24.6,1,1,City,155.4,0.77,2.79,172.0,12.5685
CAR001,3.24,20,78.4,1563.0,37.7,0,0,Highway,121.8,0.66,3.22,217.98,3.078
CAR044,22.44,20,96.8,2099.0,23.5,1,1,City,91.6,0.42,1.78,174.12,21.318
CAR140,28.68,10,54.4,2102.0,33.4,0,2,Highway,110.3,0.07,2.81,136.8,13.774
CAR054,3.93,0,43.1,2199.0,31.0,1,0,City,285.5,0.08,0.21,8.07,0.596
CAR097,41.32,10,88.7,1264.0,22.7,1,2,Rural,239.7,0.56,2.21,179.48,24.655
CAR042,20.02,20,428.76514374663816,2310.0,18.0,1,2,Rural,342.8,0.65,0.48,37.88,7.158
CAR184,40.89,10,40.9,3024.0,20.8,0,0,City,72.5,0.25,1.27,52.73,5.587
CAR110,41.96,85,46.7,1613.0,32.5,0,1,Highway,396.9,0.18,0.78,37.74,11.539
CAR193,20.54,20,70.8,2586.0,23.1,0,2,Rural,365.5,0.53,1.02,75.0,12.542
CAR175,8.2,0,59.9,2329.0,23.6,1,1,City,116.2,0.21,3.89,238.84,7.789999999999999
CAR062,36.43,0,79.1,1703.0,21.1,0,2,City,375.6,0.72,2.39,171.23,20.592
CAR116,25.61,85,41.4,2062.0,27.9,0,2,City,296.0,0.61,3.67,147.27,24.3295
CAR080,14.93,20,78.1,2797.0,23.0,1,1,Rural,344.6,0.58,0.69,52.66,9.122
CAR112,16.23,10,35.3,2329.0,33.7,1,1,Highway,206.9,0.49,0.52,18.94,2.276
CAR037,18.76,10,22.8,2788.0,32.2,0,0,City,277.1,0.35,1.67,37.82,4.429
CAR139,11.66,0,48.7,1455.0,38.3,0,2,Highway,436.7,0.41,1.02,44.87,4.353
CAR013,30.69,10,51.2,2205.0,17.2,1,1,City,332.0,0.61,2.06,96.61,13.131
CAR088,34.93,10,21.1,,35.2,0,2,city,412.6,0.59,4.38,92.6,13.575
CAR022,42.46,10,33.1,1914.0,30.0,0,1,Rural,104.9,0.09,1.94,57.76,6.428
CAR164,20.7,10,41.4,2750.0,44.8,1,1,Highway,130.2,0.61,1.71,67.61,10.105
CAR025,21.62,10,72.8,1442.0,22.6,0,1,City,311.7,0.22,0.28,19.59,2.463
CAR078,13.96,20,18.4,1463.0,28.5,1,1,City,196.2,0.19,1.32,24.82,3.791
CAR169,24.79,10,73.9,2519.0,,1,1,City,260.2,0.24,2.58,169.55,20.49
CAR163,29.27,20,33.2,2920.0,21.9,1,1,City,270.3,0.74,1.28,42.69,7.596
CAR049,24.88,20,43.4,2462.0,14.8,1,0,Rural,106.9,0.77,2.61,103.7,16.179
CAR052,23.76,20,25.0,933.0,29.1,0,0,Rural,265.7,0.63,1.3,33.63,4.418
CAR096,19.46,10,29.8,2441.0,33.5,1,0,City,223.1,0.7,3.85,109.21,14.394
CAR072,35.13,10,60.0,3600.0,43.6,1,1,Highway,202.4,0.35,2.25,124.17,18.529
CAR147,23.44,85,54.5,2028.0,20.4,0,1,Highway,190.5,0.37,1.84,101.68,22.268
CAR044,16.97,20,29.5,1844.0,23.1,1,1,,128.7,0.1,0.67,17.05,2.746
CAR084,5.45,20,58.0,2890.0,37.9,1,1,City,276.5,0.63,1.28,73.26,5.1775
CAR043,14.16,10,34.7,1261.0,22.6,0,1,Highway,91.2,0.77,2.11,75.48,8.036
CAR052,16.9,20,24.1,817.0,35.9,1,0,Highway,289.9,0.65,2.66,60.16,7.868
CAR093,35.92,0,48.6,2966.0,25.1,0,1,Highway,213.9,0.17,0.41,18.3,1.29
CAR111,31.12,20,,2019.0,22.2,0,1,City,,0.12,2.8,63.78,8.835
CAR006,31.82,10,60.3,3133.0,26.5,1,2,Highway,116.1,0.86,2.5,131.83,17.411
CAR010,39.36,0,40.3,2671.0,25.9,1,0,City,393.8,0.18,2.45,95.76,8.59
CAR085,38.53,20,57.4,3170.0,,0,1,Rural,401.8,0.26,4.16,216.31,33.765
CAR099,8.52,10,52.5,2338.0,28.6,0,1,City,157.6,0.67,0.24,11.99,1.65
CAR013,4.8,0,50.0,2587.0,21.0,0,1,City,331.1,0.17,0.45,22.76,2.067
CAR154,42.12,20,70.3,2247.0,13.6,1,2,Highway,284.3,0.61,1.66,107.58,16.836
CAR128,18.25,20,31.2,2518.0,15.1,1,1,City,327.9,0.7,1.51,43.7,8.202
CAR092,19.64,10,80.4,3179.0,22.9,1,1,Rural,120.7,0.88,3.79,275.64,18.658
CAR060,28.88,10,44.7,1967.0,34.2,1,2,Highway,124.9,0.84,2.69,111.47,15.51
CAR004,25.66,20,55.4,2544.0,38.2,0,0,City,154.4,0.55,2.32,119.66,18.818
CAR064,5.85,20,44.7,2546.0,32.2,0,1,City,420.4,0.33,0.77,33.52,5.25
CAR075,3.73,0,24.5,2231.0,32.8,0,0,City,167.3,0.41,1.22,28.83,2.442
CAR070,3.04,0,61.1,2037.0,31.5,1,0,City,423.9,0.81,3.45,210.77,2.888
CAR147,28.02,10,78.1,2999.0,16.9,1,1,City,187.9,0.55,3.77,301.17,26.619
CAR180,35.74,20,43.4,1705.0,34.2,0,1,Highway,225.6,0.75,4.4,166.57,25.126
CAR100,11.23,0,23.8,700.0,23.5,1,0,Highway,215.1,0.07,3.26,80.53,4.532
CAR058,2.16,20,93.8,,24.0,1,1,Highway,361.8,0.8,1.06,103.75,2.052
CAR082,24.75,20,74.8,3039.0,,1,0,City,,0.51,0.77,58.09,9.581
CAR161,14.29,20,103.9,2374.0,25.3,1,1,City,183.1,0.85,3.45,309.77,13.575499999999998
CAR008,21.82,10,59.1,1473.0,39.6,1,0,Rural,223.6,0.42,0.92,51.31,5.95
CAR066,28.87,20,50.6,2746.0,37.5,0,2,Highway,262.5,0.21,3.64,181.82,24.781
CAR141,16.72,10,35.4,2595.0,27.5,1,1,Highway,321.6,0.23,2.72,83.96,9.576
CAR117,22.23,10,25.7,2697.0,,1,1,Rural,230.0,0.12,4.22,111.29,11.542
CAR194,30.53,20,50.2,2696.0,26.7,0,1,Highway,270.4,0.2,1.57,77.2,10.63
CAR105,31.56,10,27.6,1304.0,27.2,0,2,City,106.1,0.32,2.65,63.47,8.612
CAR025,30.69,20,24.4,1971.0,26.5,0,1,Rural,411.9,0.7,3.83,92.39,15.422
CAR185,24.87,85,39.9,2908.0,20.3,1,1,City,322.5,0.41,1.41,51.71,18.146
CAR184,3.43,85,65.7,1175.0,17.3,1,2,City,263.3,0.74,1.55,89.82,3.2585
CAR136,11.27,20,65.7,2386.0,13.2,1,1,City,305.8,0.85,3.04,203.49,10.706499999999998
CAR016,36.66,0,54.5,2299.0,28.7,1,0,Highway,441.1,0.58,2.09,111.55,9.004
CAR166,22.5,20,39.6,1524.0,41.5,0,1,City,341.9,0.36,0.47,16.71,2.644
CAR138,2.84,20,27.4,1149.0,32.5,0,0,City,421.9,0.34,0.49,13.94,1.842
CAR133,13.03,20,68.9,1430.0,36.4,1,0,City,105.4,0.14,2.52,151.47,12.378499999999999
CAR067,33.14,10,81.3,2024.0,19.5,0,1,City,320.3,0.74,1.38,99.37,14.862
CAR196,39.79,0,40.7,3284.0,29.0,1,0,City,,0.44,2.17,77.13,7.642
CAR195,23.33,10,36.8,2403.0,37.6,1,0,Rural,249.3,0.14,4.06,147.64,17.038
CAR056,11.42,10,43.7,1342.0,31.6,0,2,Highway,196.8,0.1,2.48,107.87,10.849
CAR062,5.34,10,54.2,1109.0,24.7,1,2,Rural,283.3,0.62,3.8,186.05,5.0729999999999995
CAR182,40.09,85,58.9,1761.0,22.3,0,2,Rural,312.9,0.68,1.29,77.59,26.2
CAR075,8.21,10,49.9,2894.0,31.5,0,1,,188.9,0.31,1.44,66.04,7.428
CAR006,13.28,10,87.4,1165.0,32.4,1,1,City,154.7,0.23,0.49,41.01,4.834
CAR135,23.4,10,,2425.0,8.2,1,2,city,162.2,0.37,3.39,224.34,22.229999999999997
CAR036,36.49,10,64.3,2527.0,18.8,1,0,Rural,275.8,0.21,0.85,49.85,4.919
CAR061,2.18,10,90.2,2518.0,25.2,0,1,Rural,89.6,0.62,3.35,274.79,2.071
CAR176,30.99,10,65.9,2037.0,22.8,0,1,Highway,414.9,0.61,2.41,161.84,19.089
CAR052,17.45,20,61.1,2416.0,25.8,1,1,Highway,116.2,0.51,1.56,83.77,11.851
CAR098,3.35,10,57.8,1949.0,,0,1,City,352.2,0.86,2.57,147.67,3.1825
CAR063,6.93,85,78.9,2909.0,31.4,0,0,Highway,227.7,0.55,3.12,237.59,6.583499999999999
CAR182,16.75,10,68.7,2969.0,31.6,0,1,Highway,382.4,0.53,1.47,100.2,11.194
CAR144,16.65,10,45.9,2073.0,22.1,0,0,City,405.3,0.61,3.72,155.3,15.817499999999997
CAR198,4.7,10,50.8,1724.0,36.4,1,1,City,282.1,0.45,1.88,83.34,4.465
CAR146,9.29,20,66.6,2485.0,40.0,0,2,Highway,149.4,0.67,1.38,84.75,8.825499999999998
CAR091,19.26,20,34.6,2039.0,21.4,0,2,City,184.9,0.39,3.45,124.94,18.297
CAR187,19.52,20,60.0,2083.0,29.6,0,2,Highway,138.2,0.29,2.16,126.67,17.605
CAR182,19.97,10,120.4,1447.0,45.3,1,2,Highway,382.0,0.31,2.18,271.44,18.9715
CAR041,41.38,10,72.6,2074.0,18.9,0,1,City,77.1,0.66,3.45,241.22,29.794
CAR175,12.93,0,53.8,1738.0,25.6,1,2,City,129.1,0.45,2.22,116.4,11.756
CAR189,10.28,20,39.9,1364.0,31.4,0,1,Rural,186.8,0.57,0.66,23.45,3.353
CAR136,2.05,10,77.5,3148.0,18.9,1,1,City,400.4,0.69,2.71,182.9,1.9474999999999998
CAR098,8.19,20,68.2,2002.0,12.9,0,2,City,177.4,0.36,1.63,112.68,7.780499999999999
CAR061,2.69,20,27.1,2416.0,36.1,1,1,Highway,236.9,0.19,3.12,72.65,2.5555
CAR036,2.67,10,73.5,1653.0,34.7,1,2,City,145.3,0.68,0.55,37.48,2.5364999999999998
CAR150,16.66,10,40.8,2308.0,22.0,1,2,Highway,368.1,0.07,4.34,155.72,15.827
CAR052,31.19,20,39.7,2507.0,33.7,0,1,City,262.8,0.2,2.08,73.99,11.614
CAR004,16.05,20,39.5,2285.0,32.5,1,1,City,295.0,0.65,2.27,86.1,14.251
CAR062,8.1,10,43.5,1900.0,21.7,0,0,Rural,373.9,0.1,4.4,182.88,7.694999999999999
CAR187,33.42,20,78.2,,19.2,0,2,Rural,262.7,0.33,1.24,101.34,16.389
CAR075,19.95,10,25.9,2478.0,,1,1,Highway,336.2,0.56,2.6,59.89,7.844
CAR109,14.08,10,67.8,2536.0,25.0,1,2,Highway,385.6,0.45,3.73,241.95,13.376
CAR099,3.61,0,23.2,1722.0,32.7,1,2,City,162.0,0.49,2.72,54.24,3.4294999999999995
CAR022,5.68,20,45.2,2564.0,35.4,1,2,City,411.7,0.23,3.2,143.83,5.396
CAR023,13.31,85,25.3,2404.0,28.9,1,1,City,127.8,0.19,2.52,65.18,12.6445
CAR167,18.63,0,80.4,1868.0,31.9,1,1,City,313.0,0.39,0.25,20.65,2.261
CAR103,11.79,10,63.1,1778.0,31.3,1,1,City,169.4,0.33,3.06,171.12,11.200499999999998
CAR120,15.86,10,24.3,2112.0,27.3,0,1,highway,158.0,0.26,1.13,24.41,2.376
CAR006,24.44,10,48.6,2492.0,29.9,0,0,City,396.3,0.68,0.75,32.32,4.064
CAR100,6.45,20,83.2,2612.0,32.4,1,2,Highway,91.3,0.57,0.57,46.25,6.1274999999999995
CAR033,42.8,20,77.1,1393.0,22.0,1,0,,131.9,0.6,1.66,126.23,17.813
CAR061,43.11,10,67.0,1797.0,35.6,1,1,City,331.0,0.19,1.66,104.33,13.357
CAR165,9.79,20,43.0,2605.0,24.4,0,2,City,184.5,0.07,0.44,19.58,3.157
CAR189,34.64,20,91.5,2954.0,20.1,1,2,Highway,363.1,0.7,4.39,400.17,32.908
CAR070,36.0,20,45.4,1893.0,21.3,1,1,City,212.2,0.7,4.15,178.95,30.132
CAR090,4.63,20,56.2,2572.0,29.3,0,0,City,391.5,0.23,1.33,71.5,4.398499999999999
CAR076,16.95,10,52.6,3243.0,9.1,1,2,Rural,240.1,0.34,3.07,169.48,16.1025
CAR037,34.62,10,32.8,2122.0,23.3,0,0,Rural,79.4,0.41,3.18,94.98,8.9
CAR199,41.59,20,57.6,2283.0,26.9,1,1,City,73.9,0.85,3.08,178.83,32.219
CAR128,7.45,20,37.3,2426.0,24.7,0,0,Rural,99.3,0.57,2.64,91.71,7.0775
CAR009,30.98,10,49.1,2722.0,32.1,1,1,Highway,438.2,0.76,2.05,92.88,12.775
CAR107,8.96,20,58.8,2354.0,37.2,1,2,Highway,366.2,0.16,2.35,142.26,8.512
CAR150,33.2,20,45.5,2630.0,28.1,1,0,City,214.9,0.31,3.69,160.12,25.046
CAR174,23.75,20,89.5,2569.0,40.6,0,0,Rural,221.6,0.15,0.88,80.28,12.214
CAR018,31.84,0,69.3,1828.0,28.6,0,0,highway,149.9,0.78,4.26,261.3,17.139
CAR141,11.06,0,80.6,2895.0,20.6,0,1,Rural,115.3,0.77,4.15,311.92,10.507
CAR012,2.89,10,67.2,1904.0,30.8,1,1,City,377.7,0.18,2.3,146.3,2.7455
CAR153,42.51,85,93.5,2120.0,30.6,1,0,City,139.9,0.46,0.69,56.32,18.941
CAR192,21.1,10,70.1,2216.0,25.9,1,0,Highway,195.7,0.65,1.35,83.04,8.819
CAR186,24.79,10,59.0,2399.0,45.2,1,0,City,115.6,0.69,4.37,230.18,23.5505
CAR106,23.02,10,32.6,2251.0,24.4,1,2,City,268.2,0.4,3.23,90.28,13.338
CAR197,42.64,10,12.5,1641.0,24.4,1,0,City,81.6,0.86,3.59,44.64,6.213
CAR002,2.28,20,59.8,2245.0,9.7,0,1,City,75.5,0.83,4.43,243.62,2.166
CAR064,39.85,10,51.0,2200.0,32.4,0,1,City,126.6,0.14,1.49,72.44,8.485
CAR123,36.03,20,45.1,2941.0,29.6,1,1,,211.1,0.48,1.3,55.86,8.676
CAR011,40.9,85,17.2,2165.0,36.8,1,0,Highway,379.8,0.28,2.61,45.07,14.572
CAR032,38.54,10,38.0,2273.0,32.4,1,1,Highway,312.3,0.61,3.99,135.41,17.22
CAR001,10.76,20,42.6,2626.0,,0,1,City,223.0,0.52,2.24,81.64,10.222
CAR093,6.65,10,54.7,3030.0,22.3,0,0,,141.9,0.15,3.73,180.91,6.3175
CAR149,27.78,10,51.3,2424.0,22.4,1,0,Rural,169.4,0.58,2.28,103.5,12.933
CAR107,4.31,10,35.1,1788.0,10.8,1,1,City,377.4,0.22,4.09,143.61,4.094499999999999
CAR159,13.56,85,55.5,2403.0,27.5,0,0,Highway,215.1,0.32,2.2,126.22,12.882
CAR096,6.64,20,32.7,700.0,12.8,0,0,City,293.2,0.42,0.74,22.55,3.147
CAR146,21.3,0,51.4,2513.0,32.6,1,1,Rural,358.6,0.21,1.57,73.57,7.288
CAR089,30.77,85,26.4,3239.0,39.9,0,0,City,447.5,0.47,2.16,53.19,17.783
CAR124,34.74,0,69.1,1840.0,21.4,0,1,City,180.6,0.84,4.05,283.63,30.123
CAR025,12.58,20,23.7,2912.0,34.3,1,1,Highway,,0.19,3.18,68.5,10.112
CAR115,13.15,20,32.4,2682.0,25.8,1,0,Highway,122.9,0.51,2.86,86.22,12.198
CAR138,4.26,10,56.3,2547.0,38.9,0,1,City,139.5,0.63,3.61,194.67,4.047
CAR186,33.09,20,10.7,1822.0,33.6,1,2,Rural,100.7,0.6,1.25,13.78,2.359
CAR156,27.55,20,30.2,1929.0,19.9,1,1,City,371.6,0.55,3.57,101.5,17.646
CAR050,21.38,10,56.5,2043.0,6.1,1,0,Rural,434.1,0.59,2.24,109.99,13.477
CAR095,10.21,20,66.6,1649.0,36.9,1,2,City,334.7,0.79,2.01,125.05,9.6995
CAR115,9.97,85,59.2,736.0,25.2,1,2,City,99.3,0.48,3.55,208.8,9.4715
CAR131,44.06,0,64.0,1996.0,32.9,0,1,City,168.1,0.53,1.19,76.67,7.744
CAR142,2.48,10,63.4,2212.0,13.2,1,1,Highway,394.4,0.66,3.1,198.73,2.356
CAR017,5.35,0,35.2,,22.4,1,1,Rural,212.9,0.11,0.7,25.84,2.197
CAR141,19.96,20,54.5,3002.0,29.5,0,0,Highway,263.7,0.07,0.66,35.6,4.132
CAR196,30.3,0,29.4,2403.0,25.6,0,1,City,74.5,0.65,3.85,113.77,10.686
CAR078,20.45,10,65.6,3526.0,23.8,1,2,City,443.7,0.05,3.63,226.49,19.4275
CAR151,10.84,10,56.8,2651.0,33.4,0,1,Highway,100.7,0.25,3.34,194.06,10.298
CAR152,12.51,20,49.7,2785.0,31.8,1,1,Highway,89.7,0.15,3.15,143.49,11.8845
CAR012,19.79,20,17.5,2277.0,16.7,0,1,City,203.9,0.12,1.94,32.57,5.076
CAR003,10.82,85,57.3,1060.0,37.1,0,0,City,213.3,0.12,2.83,138.17,10.279
CAR014,15.0,10,17.5,1856.0,14.9,0,2,Highway,223.9,0.34,2.55,43.99,4.887
CAR035,26.02,0,60.5,1869.0,31.1,0,1,City,273.9,0.82,3.43,217.41,23.08
CAR138,35.98,20,44.6,2309.0,29.1,1,2,Rural,443.9,0.17,4.03,182.02,29.593
CAR107,35.34,0,58.3,2087.0,22.9,1,1,City,108.2,0.12,1.91,108.35,10.829
CAR115,26.69,20,72.5,2159.0,35.4,0,1,Rural,337.1,0.71,4.29,311.59,25.3555
CAR122,42.7,10,60.7,1904.0,21.3,1,0,,361.7,0.4,0.52,27.13,3.501
CAR039,9.12,85,41.6,2121.0,48.0,0,0,Highway,187.6,0.71,1.21,43.54,8.664
CAR021,31.04,10,26.8,700.0,16.4,0,1,Highway,427.5,0.05,2.81,74.44,7.431
CAR032,42.9,10,77.2,,27.7,0,0,City,215.7,0.82,0.74,57.04,7.154
CAR181,26.88,10,79.4,1243.0,30.1,0,2,highway,113.1,0.08,3.34,270.46,25.535999999999998
CAR047,44.6,10,52.9,2953.0,40.6,0,1,City,337.6,0.46,3.49,174.37,24.206
CAR012,4.13,20,46.8,2553.0,22.5,1,2,City,321.9,0.35,0.55,26.41,3.9234999999999998
CAR157,20.23,0,73.2,2199.0,11.3,0,1,Highway,320.9,0.7,2.57,171.46,16.482
CAR131,37.38,85,5.0,2239.0,40.8,0,2,City,80.8,0.48,0.52,2.66,0.939
CAR084,43.31,20,46.8,2585.0,39.0,0,2,,388.1,0.57,0.52,22.3,3.831
CAR057,40.17,85,40.2,1790.0,24.8,1,1,City,241.0,0.67,3.39,135.31,38.1615
CAR188,8.73,10,54.9,1014.0,39.2,0,2,Highway,122.2,0.24,0.9,51.39,5.716
CAR029,6.43,10,,2845.0,27.6,0,0,Rural,115.8,0.73,0.35,15.86,1.843
CAR050,35.53,10,5.0,2471.0,27.7,1,0,City,308.4,0.23,3.23,13.77,1.648
CAR059,10.68,20,84.7,1824.0,31.6,0,1,Rural,169.3,0.39,0.95,83.28,10.145999999999999
CAR192,42.83,0,30.5,1875.0,29.4,0,1,Highway,88.2,0.42,3.97,117.24,8.646
CAR100,6.7,85,66.7,2195.0,23.3,1,0,Rural,268.0,0.58,2.28,153.35,6.365
CAR184,11.98,0,31.5,1718.0,19.3,1,1,Highway,124.7,0.29,4.29,141.85,10.804
CAR085,9.74,20,,2803.0,19.0,1,1,Highway,154.3,0.44,3.91,116.55,9.253
CAR028,6.7,20,46.8,1146.0,24.8,1,2,Rural,327.8,0.08,2.71,111.48,6.365
CAR074,4.5,0,52.2,2663.0,,0,2,Highway,315.1,0.45,4.34,215.62,4.2749999999999995
CAR003,18.26,20,59.2,1160.0,25.3,1,2,Highway,155.7,0.19,2.28,129.7,17.347
CAR064,38.26,20,53.9,4099.0,27.6,1,2,City,187.7,0.64,0.73,38.99,7.359
CAR168,32.37,10,62.2,1422.0,24.2,1,0,City,208.3,0.51,4.25,226.21,26.28
CAR137,7.52,20,23.8,2191.0,19.7,0,2,Highway,323.9,0.26,3.38,80.36,7.143999999999999
CAR018,12.69,0,40.3,2397.0,36.6,0,0,Rural,254.8,0.5,3.27,118.36,9.87
CAR186,30.86,85,29.5,2603.0,25.8,0,2,City,344.3,0.87,4.24,131.08,29.316999999999997
CAR154,42.69,20,105.1,2029.0,20.7,0,2,Highway,251.3,0.82,0.38,37.43,6.144
CAR054,40.08,20,12.4,2473.0,35.6,1,1,City,169.2,0.4,0.28,2.96,0.51
CAR179,7.69,10,47.2,1223.0,25.3,0,1,Rural,272.4,0.87,2.04,88.26,7.3055
CAR054,34.53,20,40.2,2562.0,30.1,1,0,Highway,114.7,0.51,1.93,79.13,11.516
CAR068,31.54,10,53.7,2641.0,28.7,0,1,Rural,363.5,0.47,2.05,105.0,12.417
CAR070,40.76,20,52.8,,20.1,0,1,City,137.5,0.59,0.23,12.03,1.979
CAR178,2.56,20,76.8,1970.0,20.1,1,0,Highway,402.4,0.34,1.33,94.59,2.432
CAR054,8.11,0,54.0,2713.0,24.4,1,1,,76.6,0.13,2.17,119.51,7.7044999999999995
CAR046,3.54,20,70.5,1887.0,40.3,0,1,,235.3,0.06,2.86,189.33,3.363
CAR076,20.79,20,23.9,3037.0,20.0,1,0,Rural,243.4,0.5,1.41,31.12,4.704
CAR057,43.51,20,67.7,2103.0,30.4,1,1,Highway,196.4,0.4,4.21,244.62,36.046
CAR184,34.78,20,76.4,2919.0,33.8,0,1,city,105.5,0.24,0.64,49.35,7.519
CAR013,37.87,20,60.9,1975.0,28.9,1,0,City,358.4,0.43,2.86,152.19,24.671
CAR075,33.59,20,46.4,2101.0,35.5,0,1,City,199.9,0.09,1.39,56.07,8.631
CAR059,26.16,20,82.5,1463.0,37.9,1,2,City,164.4,0.84,2.18,175.61,24.852
CAR083,16.99,20,5.0,1612.0,13.2,0,2,Rural,144.4,0.46,3.72,16.81,2.678
CAR072,42.71,85,26.2,2878.0,37.3,0,0,Highway,204.1,0.44,3.17,85.36,27.682
CAR134,9.77,85,64.9,3351.0,19.9,0,2,Rural,373.5,0.1,1.47,87.09,9.2815
CAR100,5.36,0,44.7,1830.0,31.4,0,2,Rural,366.2,0.75,3.58,148.3,5.092
CAR061,31.82,10,80.2,1534.0,23.5,1,1,Rural,191.5,0.72,0.59,49.4,6.701
CAR182,13.3,10,20.3,1006.0,13.1,1,1,Highway,433.3,0.73,3.42,59.39,7.353
CAR156,38.63,0,51.1,2875.0,20.7,0,0,Highway,213.3,0.71,3.91,196.38,15.362
CAR130,5.84,10,88.1,2251.0,32.6,1,2,City,383.1,0.19,3.54,303.08,5.548
CAR187,19.68,20,37.9,2326.0,48.0,1,1,City,117.1,0.51,0.62,22.04,4.287
CAR077,30.57,20,52.4,3827.0,24.2,1,1,Rural,302.0,0.58,1.0,47.62,7.842
CAR113,26.3,20,59.1,2505.0,30.5,1,2,Highway,230.9,0.66,1.83,102.11,16.865
CAR032,21.33,20,54.4,1992.0,35.0,0,1,Rural,444.5,0.41,1.16,59.11,9.201
CAR013,26.49,0,40.7,2893.0495458510813,21.7,1,1,City,136.8,0.4,2.53,93.07,9.674
CAR086,11.97,20,58.9,2428.0,28.5,1,2,Highway,155.1,0.77,1.24,62.43,10.812
CAR111,38.41,20,20.1,1821.0,17.3,1,1,City,79.2,0.05,2.26,46.13,6.8
CAR048,24.03,10,39.8,,35.2,1,1,Rural,169.0,0.08,3.71,132.2,15.105
CAR188,39.3,10,298.08943290845446,1594.0,36.8,0,0,,127.9,0.24,3.3,184.86,19.677
CAR090,39.58,20,63.0,2297.0,28.3,0,2,Highway,433.6,0.23,4.47,251.29,37.601
CAR052,14.37,10,55.2,2228.0,29.1,0,1,City,286.2,0.2,1.29,60.69,7.075
CAR013,10.52,20,27.4,3976.0,29.4,1,1,City,157.6,0.88,3.73,105.44,9.994
CAR004,21.75,20,29.9,1394.0,23.1,0,0,City,211.5,0.18,0.81,24.72,3.355
CAR104,20.3,10,66.7,1783.0,25.6,0,0,Highway,335.6,0.11,0.21,12.56,1.065
CAR096,38.95,10,13.4,1989.0,18.3,0,0,,351.1,0.43,2.76,37.89,3.828
CAR077,2.08,10,22.2,2053.0,24.6,0,2,City,407.2,0.33,2.78,56.81,1.976
CAR197,15.96,20,49.0,1367.0,35.2,1,1,City,228.4,0.07,1.61,75.69,11.783
CAR015,5.21,20,59.9,1988.0,25.2,1,1,Highway,317.8,0.9,2.15,127.4,4.9495
CAR192,36.11,10,72.8,2804.0,28.9,0,2,City,420.5,0.06,3.51,241.27,32.324
CAR087,11.56,10,51.1,2176.0,27.5,0,2,Highway,116.9,0.76,2.61,135.38,10.982
CAR144,39.85,20,58.6,2566.0,17.7,0,1,City,226.4,0.55,1.9,111.12,17.532
CAR041,19.38,0,26.3,2565.0,31.9,1,1,Highway,110.6,0.85,3.96,91.65,8.817
CAR034,5.41,10,55.3,2932.0,21.9,1,1,Rural,95.5,0.39,0.63,31.83,3.728
CAR110,28.53,10,39.7,3211.0,31.2,1,1,Rural,93.9,0.48,2.83,99.53,12.689
CAR136,12.49,10,94.3,3360.0,34.7,0,1,Rural,338.7,0.35,3.05,249.11,11.865499999999999
CAR199,8.74,20,30.4,3287.0,36.1,1,1,City,240.9,0.54,1.47,42.7,7.849
CAR124,27.61,20,52.7,2577.0,41.5,1,1,Highway,83.3,0.85,3.38,174.95,26.229499999999998
CAR119,44.88,20,50.8,3028.0,30.7,0,2,Highway,158.2,0.35,1.86,93.0,14.239
CAR188,44.05,10,7.3,1124.0,21.8,0,0,City,333.4,0.42,2.58,19.24,2.226
CAR108,13.43,20,14.4,2537.0,30.2,0,2,Rural,279.4,0.54,3.43,48.61,7.851
CAR063,12.52,10,45.7,2450.0,25.9,1,1,City,378.6,0.14,2.04,92.2,11.893999999999998
CAR080,9.66,10,47.1,1782.0,24.5,1,1,City,,0.78,1.67,74.79,9.177
CAR168,4.26,20,18.2,1909.0,26.7,1,1,Highway,100.6,0.12,2.73,43.25,4.047
CAR147,16.77,20,24.0,2793.0,31.6,1,2,City,238.6,0.09,2.6,65.16,11.906
CAR157,28.48,10,52.5,2649.0,26.0,0,1,City,277.5,0.14,1.21,65.87,7.793
CAR098,28.88,20,96.5,2863.0,35.3,1,1,City,301.9,0.25,0.44,43.66,7.261
CAR114,7.41,0,83.4,2555.0,26.2,0,2,City,186.9,0.32,1.15,81.93,7.039499999999999
CAR111,18.85,20,52.8,1475.0,14.5,0,0,City,153.8,0.78,4.17,210.8,17.9075
CAR026,27.39,85,70.9,2222.0,,0,2,Rural,,0.59,4.11,261.76,26.0205
CAR130,39.92,20,57.4,2783.0,20.9,0,2,City,265.5,0.5,3.32,172.19,29.951
CAR109,18.35,0,61.9,2485.0,32.2,0,2,,248.4,0.84,0.92,50.07,7.458
CAR152,42.04,10,175.78440817378439,1258.0,35.2,0,0,,272.8,0.67,0.65,25.41,2.766
CAR038,34.17,0,36.3,1700.0,28.3,1,1,,289.7,0.8,2.37,85.26,9.691
CAR131,19.16,20,59.3,1402.0,,1,1,Highway,395.5,0.54,3.48,212.75,18.201999999999998
CAR030,10.07,10,32.3,2140.0,14.4,0,2,Rural,323.2,0.21,2.45,78.7,9.5665
CAR164,9.45,20,15.7,2109.0,,0,0,Highway,88.2,0.36,1.76,28.98,3.421
CAR007,9.59,20,38.7,3131.0,39.5,1,1,Highway,286.4,0.31,3.48,125.4,9.1105
CAR066,42.16,10,62.4,2412.0,33.1,0,0,City,295.4,0.72,2.58,142.82,20.157
CAR018,44.44,0,56.6,1826.0,43.0,1,2,City,371.8,0.45,3.59,200.58,26.274
CAR111,13.35,0,33.1,1952.0,32.0,0,2,City,156.8,0.66,2.72,93.82,11.29
CAR038,35.76,85,82.8,3035.0,20.4,0,1,Highway,286.3,0.59,2.88,240.04,33.971999999999994
CAR106,39.67,20,5.0,1934.0,48.0,0,2,Rural,400.6,0.19,1.08,5.33,1.005
CAR180,42.44,20,39.6,2131.0,30.0,0,2,City,380.6,0.38,1.72,63.13,10.702
CAR100,23.66,0,48.5,2263.0,23.0,1,0,City,445.8,0.87,3.2,154.71,18.063
CAR039,17.43,20,5.6,2741.0,19.9,1,0,Rural,272.8,0.44,0.77,4.02,0.602
CAR114,21.59,10,91.0,1636.0,38.0,0,1,Highway,207.0,0.6,3.88,356.29,20.5105
CAR033,18.89,10,61.2,1868.0,12.2,1,1,City,79.0,0.57,0.44,28.08,3.847
CAR153,21.11,20,102.9,2071.0,30.4,1,2,City,100.2,0.84,3.84,382.12,20.054499999999997
CAR164,28.21,85,74.2,2679.0,8.5,0,1,,393.7,0.68,0.54,37.0,12.325
CAR023,4.24,85,78.4,785.0,38.7,0,1,Highway,389.6,0.09,2.65,203.18,4.028
CAR089,37.94,10,74.8,2245.0,24.8,0,0,City,297.9,0.67,3.9,304.15,36.043
CAR137,3.11,0,42.1,2084.0,11.2,0,2,Highway,447.3,0.69,3.57,146.54,2.9545
CAR016,22.19,20,70.5,1509.0,,1,1,Rural,426.7,0.19,0.78,52.06,8.323
CAR057,7.38,20,29.2,2077.0,29.7,1,2,City,390.1,0.79,2.53,66.51,7.010999999999999
CAR117,23.77,85,64.9,1523.0,20.6,1,1,City,,0.35,2.1,116.32,22.5815
CAR175,36.45,20,53.1,2477.0,14.2,1,0,City,214.9,0.17,1.32,62.75,9.213
CAR006,10.11,85,45.1,2380.0,38.2,0,1,City,221.8,0.51,0.9,38.01,9.6045
CAR137,28.93,0,38.7,1079.0,26.3,0,2,Rural,338.0,0.22,4.29,149.3,12.35
CAR081,37.9,10,62.8,1918.0,11.6,1,0,City,333.5,0.08,1.2,73.8,8.644
CAR167,8.26,10,53.1,1991.0,23.0,0,1,City,345.9,0.83,1.39,65.58,7.8469999999999995
CAR043,4.81,10,76.8,3034.0,32.2,0,2,Highway,325.6,0.71,3.33,230.99,4.5695
CAR068,37.13,20,59.2,1827.0,31.9,0,0,Highway,365.1,0.54,4.37,261.86,34.275
CAR067,23.24,20,94.7,1842.0,33.0,1,1,Rural,409.8,0.57,0.84,70.68,12.03
CAR057,33.85,20,49.9,2923.0,22.0,1,1,City,155.6,0.16,1.25,53.45,8.402
CAR040,32.44,20,33.1,2534.0,33.3,0,2,Rural,283.8,0.82,0.79,24.18,4.085
CAR012,19.66,20,53.1,2658.0,35.0,1,1,,74.0,0.6,2.33,114.93,18.677
CAR014,19.96,10,26.3,2702.0,24.8,0,2,Highway,418.6,0.26,2.95,74.5,9.372
CAR073,15.37,20,105.8,,19.7,1,2,Highway,382.0,0.67,1.78,189.26,14.601499999999998
CAR144,20.74,20,66.5,1102.0,34.3,0,2,City,428.8,0.17,1.59,91.96,15.239
CAR131,37.38,85,5.0,2239.0,40.8,0,2,City,80.8,0.48,0.52,2.66,0.939
CAR049,19.9,10,50.6,2709.0,24.6,0,1,Highway,,0.79,2.37,111.0,12.515
CAR021,41.69,20,70.6,2110.0,26.3,1,0,City,222.3,0.47,3.48,237.95,36.02
CAR062,23.6,20,30.8,2478.0,20.7,0,1,City,,0.38,2.26,72.73,10.752
CAR033,4.95,85,72.5,1204.0,21.5,0,2,,299.0,0.65,2.6,183.63,4.7025
CAR115,37.37,20,95.6,,26.8,1,1,Rural,372.9,0.07,2.54,229.91,35.488
CAR043,4.64,85,52.1,2631.0,18.7,1,2,Highway,326.1,0.2,1.63,76.66,4.4079999999999995
CAR079,2.97,85,49.1,,20.1,1,0,,265.5,0.51,1.34,57.31,2.8215
CAR075,29.51,20,42.7,2440.0,16.7,1,0,City,176.3,0.86,0.99,43.51,7.258
CAR104,12.15,85,81.3,2918.0,27.8,1,2,City,399.3,0.27,3.35,283.7,11.5425
CAR114,29.9,20,22.0,3055.0,30.7,0,2,City,220.2,0.2,2.05,39.66,6.886
CAR013,27.53,20,5.0,2191.0,36.4,1,0,City,222.8,0.8,4.3,19.33,3.369
CAR012,35.68,10,13.3,1266.0,22.3,1,2,City,448.5,0.74,0.21,2.57,0.424
CAR052,26.3,10,47.5,2650.0,42.5,1,2,City,312.5,0.15,3.62,174.37,24.985
CAR172,14.91,0,49.8,2010.0,35.7,1,1,City,273.6,0.81,1.28,62.86,7.851
CAR064,2.65,10,39.7,2915.0,32.4,1,1,City,438.8,0.68,3.06,104.52,2.5174999999999996
CAR091,34.23,20,81.5,1998.0,26.6,0,1,City,285.7,0.34,3.8,299.28,32.518499999999996
CAR094,3.43,20,34.7,2031.0,42.4,0,2,City,197.5,0.7,0.56,16.69,3.2585
CAR046,12.99,10,30.4,2617.0,27.6,0,1,City,409.2,0.62,3.73,106.68,12.3405
CAR050,44.41,20,59.8,3137.0,33.3,0,0,Highway,233.5,0.37,1.19,71.62,9.377
CAR095,19.32,20,16.1,1930.0,29.5,0,1,Rural,197.3,0.33,1.9,31.7,4.423
CAR017,25.9,20,65.6,2930.0,30.9,0,0,City,161.7,0.12,3.93,223.6,24.604999999999997
CAR021,13.31,20,67.6,2532.0,21.1,0,1,,233.2,0.48,0.34,21.19,2.846
CAR129,35.07,0,20.4,2648.0,29.5,0,1,Rural,89.4,0.36,3.74,79.91,7.61
CAR128,32.08,20,86.0,1575.0,,1,0,Highway,209.2,0.26,4.27,371.0,30.475999999999996
CAR180,10.92,0,17.4,1858.0,36.7,1,0,Rural,445.7,0.83,1.85,28.79,3.063
CAR104,38.59,20,33.4,13547.452700916441,35.1,0,1,City,375.1,0.73,2.16,62.01,11.058
CAR008,14.58,10,75.0,2341.0,22.7,1,2,City,101.8,0.84,4.33,322.92,13.850999999999999
CAR078,14.99,10,55.0,2315.0,16.9,0,1,Rural,174.0,0.56,3.28,160.14,14.240499999999999
CAR183,7.79,85,57.7,,19.0,0,2,Highway,100.9,0.87,2.02,106.19,7.4005
CAR084,43.54,0,32.1,1439.0,27.8,1,0,City,436.3,0.27,3.76,119.62,11.008
CAR042,20.19,10,87.7,2780.0,34.8,0,0,City,137.5,0.65,3.59,268.33,19.1805
CAR017,23.91,10,30.9,2239.0,30.4,1,2,City,262.2,0.26,2.1,66.81,9.939
CAR119,42.37,20,16.2,2033.0,33.4,0,1,City,258.5,0.8,3.83,59.2,9.741
CAR124,23.5,20,45.9,,36.7,0,2,,333.7,0.73,4.22,176.03,22.325
CAR027,31.38,10,48.8,917.0,35.9,1,2,City,263.8,0.86,1.77,74.66,11.816
CAR112,36.27,85,36.8,1594.0,22.0,1,2,Rural,149.4,0.43,3.31,104.02,34.4565
CAR175,5.85,20,29.5,2690.0,32.6,0,2,Highway,194.1,0.61,4.24,118.78,5.557499999999999
CAR089,41.25,10,5.0,1774.0,14.4,0,2,Rural,115.0,0.78,2.82,14.32,1.813
CAR144,28.01,10,52.8,1855.0,35.6,1,0,Rural,132.9,0.23,1.77,83.83,8.608
CAR035,30.35,20,195.78104719884453,2831.0,22.2,0,0,City,73.1,0.57,0.57,22.25,3.436
CAR199,11.41,0,12.1,2754.0,48.0,1,1,,396.3,0.06,2.7,31.98,3.253
CAR070,28.92,20,64.9,1677.0,17.6,1,0,Highway,218.1,0.61,1.6,88.6,12.599
CAR115,16.89,0,47.9,2010.0,44.3,0,0,Rural,371.2,0.73,0.32,16.0,1.638
CAR069,37.39,0,26.8,2758.0,16.9,1,0,City,280.5,0.2,0.68,16.67,1.421
CAR139,24.8,0,65.3,,42.3,0,1,City,71.3,0.78,3.76,253.28,23.56
CAR069,22.58,10,78.0,1744.0,39.2,1,1,Highway,415.4,0.54,1.24,83.79,10.992
CAR112,42.33,85,48.7,1144.0,25.5,1,0,City,108.4,0.51,1.19,57.3,19.188
CAR005,30.33,85,41.0,1976.0,28.0,1,0,Rural,252.9,0.34,2.12,90.03,28.813499999999998
CAR065,21.91,10,6.9,2641.0,14.2,0,2,Rural,,0.21,1.19,8.51,1.136
CAR199,8.83,85,37.7,2701.0,37.9,1,2,City,203.2,0.76,3.92,145.62,8.3885
CAR194,34.25,85,39.2,1789.0,23.1,0,1,City,362.5,0.8,2.13,73.17,24.878
CAR138,14.22,20,38.0,1854.0,29.2,1,0,Highway,148.3,0.28,3.11,112.78,13.509
CAR141,24.97,10,64.4,1840.0,,1,1,Rural,250.7,0.09,2.69,173.49,19.208
CAR108,13.68,10,57.0,2778.0,27.2,1,2,Highway,203.6,0.26,0.24,14.07,1.864
CAR036,5.4,10,5.0,1768.0,30.8,0,2,City,291.1,0.06,4.17,18.94,2.451
CAR172,12.42,20,36.0,2046.0,13.1,1,2,City,405.3,0.18,0.54,18.23,3.016
CAR125,15.72,20,48.0,2185.0,32.2,1,1,Highway,148.0,0.64,1.57,78.29,12.085
CAR014,34.43,20,,1893.0,30.0,1,2,City,420.8,0.84,1.43,69.71,12.999
CAR181,29.48,85,34.2,,19.5,1,1,City,104.8,0.68,2.89,98.2,28.006
CAR111,38.19,20,76.1,2539.0,36.2,0,0,Highway,343.4,0.66,1.77,136.92,19.487
CAR074,22.56,20,11.0,2237.0,32.7,0,2,Rural,314.4,0.57,4.11,38.47,6.525
CAR177,12.2,20,48.0,1593.0,34.9,1,2,Rural,320.4,0.84,1.84,89.79,11.589999999999998
CAR195,40.74,10,28.1,1694.0,34.2,1,1,Highway,394.3,0.63,3.02,83.3,10.63
CAR027,33.27,85,266.46684096184777,2180.0,22.5,1,1,City,90.4,0.16,2.06,119.76,31.6065
CAR185,11.09,10,104.1,1418.0,19.0,1,2,City,137.8,0.41,1.5,145.24,10.535499999999999
CAR059,23.59,20,20.1,1598.0,35.0,1,1,Highway,401.1,0.63,1.26,22.31,3.58
CAR153,26.3,10,39.0,1992.0,23.3,1,2,City,222.9,0.49,2.43,81.46,12.136
CAR138,13.12,20,8.1,2938.0,33.8,0,1,City,445.3,0.75,3.53,29.55,5.335
CAR113,38.96,20,21.1,2298.0,31.4,0,0,Rural,256.7,0.22,2.27,44.29,5.614
CAR130,43.32,0,12.4,,13.5,0,0,City,418.3,0.08,2.54,30.55,2.565
CAR017,29.3,20,79.9,2959.0,32.3,0,0,,376.1,0.26,3.49,243.19,27.835
CAR011,25.72,10,36.2,2386.0,12.0,0,1,Highway,83.6,0.8,3.32,108.2,13.154
CAR101,25.5,0,51.2,2186.0,40.3,1,1,Rural,397.8,0.6,2.65,129.09,14.364
CAR174,21.31,20,65.6,3387.0,32.6,0,0,City,277.2,0.5,0.62,39.33,6.57
CAR003,23.76,20,53.5,3143.0,29.2,0,0,Highway,401.4,0.72,2.54,118.04,15.1
CAR124,16.85,20,63.8,2827.0,34.2,1,2,City,151.0,0.58,1.88,109.74,16.0075
CAR067,22.53,85,50.6,2387.0,20.6,1,1,Highway,399.5,0.86,0.97,44.65,15.237
CAR186,12.0,20,63.7,1872.0,22.0,1,0,Rural,306.9,0.1,1.71,106.09,11.399999999999999
CAR035,19.95,20,52.4,2608.0,36.6,1,1,Rural,153.8,0.71,3.11,152.42,18.952499999999997
CAR097,15.97,10,72.2,1654.0,28.7,1,1,City,390.5,0.44,2.22,165.02,15.1715
CAR170,8.54,20,56.4,1831.0,22.0,0,1,City,438.5,0.6,2.19,114.21,8.113
CAR109,28.86,10,54.8,2267.0,27.6,0,2,Highway,418.5,0.19,0.26,12.55,1.433
CAR093,32.4,10,47.7,1492.0,47.6,1,0,Rural,348.3,0.77,4.01,164.55,23.824
CAR138,7.8,20,42.8,2044.0,26.4,1,1,City,173.9,0.38,4.0,156.31,7.409999999999999
CAR131,14.8,0,59.4,2080.0,27.8,0,2,City,112.8,0.22,3.65,225.27,14.06
CAR197,20.76,85,48.8,2322.0,35.9,1,1,Highway,81.2,0.75,1.01,48.2,16.597
CAR125,16.08,20,15.3,2454.0,32.6,0,2,City,201.2,0.07,3.01,46.86,7.809
CAR066,38.95,20,28.5,2544.0,17.4,1,0,Highway,447.9,0.2,3.28,96.05,13.853
CAR078,10.51,10,26.9,1886.0,31.2,0,0,Highway,115.9,0.12,1.82,44.35,3.72
CAR191,25.36,20,80.2,1905.0,31.9,0,2,Highway,420.4,0.31,2.18,162.32,22.978
CAR173,7.45,20,63.9,1900.0,36.7,0,0,Rural,186.1,0.48,1.09,66.95,7.0775
CAR109,5.9,10,43.6,1831.0,43.2,0,2,Highway,270.5,0.84,0.98,36.77,5.366
CAR196,38.74,0,33.3,1769.0,25.7,0,0,,358.4,0.31,1.92,56.7,4.054
CAR130,43.73,20,39.6,1411.0,36.2,1,0,City,154.7,0.58,2.82,109.21,18.029
CAR011,22.43,10,76.0,2439.0,31.2,0,0,Rural,293.7,0.6,0.63,42.76,4.827
CAR148,23.14,20,69.6,1323.0,28.8,0,0,Rural,202.0,0.3,2.94,176.98,21.847
CAR051,30.36,20,66.2,2303.0,28.3,0,0,Highway,,0.51,3.04,185.95,24.697
CAR080,42.51,20,59.9,2869.0,30.4,0,1,Rural,124.1,0.11,0.59,36.02,4.864
CAR112,30.11,20,72.2,3004.0,24.0,1,1,,329.3,0.8,1.54,111.23,21.217
CAR176,14.77,20,61.7,2042.0,31.3,0,2,City,267.7,0.8,2.66,162.95,14.0315
CAR098,19.5,10,35.8,3278.0,16.1,1,1,City,157.3,0.22,3.58,131.15,18.525
CAR117,37.8,10,31.6,1706.0,27.7,1,1,Highway,388.6,0.23,3.78,122.81,13.596
CAR181,2.26,10,19.6,1183.0,31.1,1,2,City,95.3,0.18,0.61,10.16,1.389
CAR091,18.01,10,56.2,1691.0,16.9,1,0,City,164.1,0.33,2.24,110.38,12.795
CAR069,34.03,20,26.9,2403.0,21.3,1,1,City,351.8,0.65,1.41,37.02,6.446
CAR026,40.54,20,46.0,1497.0,24.5,1,0,City,336.3,0.09,0.41,18.78,2.628
CAR146,14.92,10,72.4,1480.0,44.7,1,2,City,403.0,0.69,3.97,262.31,14.174
CAR195,7.49,20,21.0,1766.0,25.6,0,0,City,239.9,0.89,0.65,12.09,1.978
CAR146,18.08,0,31.6,940.0,29.1,1,0,Rural,281.4,0.78,1.26,40.98,3.643
CAR160,2.62,10,5.0,1775.0,31.1,1,1,City,297.3,0.69,1.68,8.01,1.159
CAR102,29.38,0,22.4,2684.0,22.0,0,2,Rural,423.8,0.44,0.36,8.45,0.867
CAR086,3.49,10,167.41372207027086,2338.0,43.3,0,1,Highway,283.5,0.52,3.55,120.72,3.3155
CAR068,24.33,10,71.7,2183.0,23.2,1,0,Highway,319.4,0.23,4.09,280.93,23.1135
CAR002,16.67,20,50.0,2670.0,22.7,1,0,Highway,347.0,0.21,1.46,75.15,10.585
CAR063,23.96,10,40.1,1764.0,24.5,0,0,City,131.5,0.67,0.78,31.29,3.321
CAR051,28.34,20,48.8,1896.0,45.4,0,1,City,142.0,0.9,2.07,97.32,18.087
CAR173,26.31,20,49.6,2795.0,35.5,0,2,Rural,439.1,0.44,0.68,28.69,5.003
CAR076,27.53,20,36.8,1960.0,35.7,1,1,City,126.2,0.14,3.35,127.39,19.203
CAR038,33.45,20,42.4,2728.0,48.0,1,1,Highway,,0.81,1.31,57.74,10.881
CAR087,6.16,20,38.1,2269.0,26.8,0,1,Rural,138.8,0.59,3.17,126.72,5.851999999999999
CAR076,36.48,20,21.3,2516.0,20.6,1,0,City,208.7,0.31,0.56,10.67,1.676
CAR153,19.8,85,57.1,2446.0,35.8,1,1,City,436.2,0.1,2.6,152.75,18.81
CAR046,29.97,10,58.0,2324.0,8.7,0,1,Highway,328.2,0.45,2.27,116.74,13.159
CAR114,38.45,10,42.7,2706.0,27.0,1,2,City,400.5,0.65,3.35,132.54,20.415
CAR114,37.24,10,82.7,2955.0,30.1,1,1,Highway,74.7,0.28,4.1,304.4,33.915
CAR182,41.84,10,24.7,1871.0,21.2,1,1,Rural,121.7,0.08,0.43,10.03,1.176
CAR023,26.35,0,31.3,,36.8,1,2,City,334.5,0.64,1.81,51.6,6.757
CAR167,43.5,20,67.6,3194.0,33.2,1,1,Rural,267.8,0.79,3.94,271.55,41.324999999999996
CAR164,33.47,20,51.4,1756.0,27.2,1,2,Rural,426.7,0.36,0.42,20.84,3.489
CAR001,2.2,10,32.5,1409.0,27.5,1,1,Highway,393.0,0.33,3.75,126.23,2.09
CAR102,15.9,85,76.0,1679.0,19.8,1,0,Rural,267.8,0.49,1.11,80.1,15.105
CAR131,22.62,0,22.1,2112.0,20.8,1,2,City,374.7,0.3,3.39,66.3,8.418
CAR035,5.65,10,56.4,1902.0,17.6,0,0,City,197.1,0.78,1.43,80.84,5.3675
CAR134,5.7,20,51.2,1972.0,32.1,1,1,City,147.4,0.45,1.71,87.22,5.415
CAR182,38.83,20,46.0,1614.0,34.2,0,1,Rural,428.7,0.77,4.46,183.82,28.21
CAR156,35.34,20,61.6,2082.0,16.6,0,1,Rural,357.8,0.81,2.05,127.78,19.589
CAR023,26.84,20,68.6,3049.0,35.7,0,0,Rural,,0.68,3.14,220.39,25.497999999999998
CAR183,19.3,10,50.1,1329.0,22.9,1,0,Highway,320.7,0.57,1.64,75.89,8.91
CAR183,33.16,85,62.5,2760.0,17.4,0,1,,264.7,0.13,3.2,198.49,31.501999999999995
CAR090,36.06,10,58.5,2178.0,19.9,0,1,,166.2,0.27,0.48,25.66,3.281
CAR159,34.57,0,106.5,2834.0,34.5,1,2,City,172.8,0.74,0.44,47.21,6.404
CAR018,19.13,20,40.8,2314.0,27.0,1,2,Highway,312.9,0.59,3.19,120.1,18.173499999999997
CAR048,5.86,20,95.9,1595.0,42.2,1,0,Rural,398.7,0.73,0.46,43.63,5.567
CAR088,32.36,10,14.2,2078.0,35.9,0,0,City,299.4,0.84,1.22,17.55,2.052
CAR034,40.3,0,43.2,1650.0,31.1,1,1,City,318.1,0.29,3.39,129.08,12.626
CAR060,10.91,0,53.2,2222.0,29.9,1,2,City,221.9,0.16,3.16,150.2,10.3645
CAR096,41.74,10,40.0,2492.0,17.5,0,1,City,231.3,0.63,1.62,63.23,8.649
CAR186,22.26,20,31.7,2682.0,19.3,1,2,Rural,304.2,0.29,2.33,77.51,12.761
CAR169,31.24,10,84.9,2169.0,29.2,1,1,Rural,374.8,0.15,1.4,120.98,15.427
CAR061,34.35,20,67.9,2089.0,43.1,0,0,City,256.2,0.66,4.1,278.33,32.6325
CAR165,29.89,0,59.3,1907.0,25.3,1,1,Highway,396.1,0.8,0.79,43.98,4.545
CAR077,14.75,10,78.3,2538.0,26.3,1,1,City,300.3,0.4,0.84,56.67,7.828
CAR046,15.98,10,56.5,789.0,34.5,1,1,City,228.9,0.06,4.19,213.05,15.181
CAR145,35.0,20,35.1,2861.0,35.4,1,2,Rural,92.3,0.77,1.37,47.35,7.953
CAR055,44.14,0,51.4,2563.0,22.1,0,1,City,204.1,0.85,4.09,217.58,23.689
CAR104,9.9,20,40.2,,32.6,1,1,Rural,226.5,0.56,3.95,146.03,9.405
CAR072,34.71,85,10.6,2462.0,5.0,0,0,City,238.9,0.45,1.42,13.17,4.331
CAR164,40.07,20,76.4,1560.0,24.0,0,0,City,,0.63,4.03,279.83,38.0665
CAR187,28.56,20,20.8,2376.0,32.6,0,0,city,326.5,0.35,4.39,89.24,13.125
CAR181,5.12,20,48.5,2327.0,26.9,0,1,City,390.3,0.56,1.3,60.34,4.864
CAR068,35.63,10,60.5,1964.0,24.5,1,1,Rural,383.6,0.4,2.17,121.5,15.252
CAR152,27.21,0,,2523.0,18.7,0,0,Rural,85.7,0.4,2.21,191.89,12.549
CAR139,6.28,10,42.3,2754.0,39.9,0,1,City,378.5,0.26,3.54,154.83,5.966
CAR089,42.33,20,27.2,2337.0,33.6,1,0,Highway,,0.36,2.56,68.99,9.245
CAR053,33.75,85,61.4,2385.0,42.4,1,2,City,135.2,0.42,2.51,159.66,32.0625
CAR011,19.69,10,38.9,2629.0,37.7,1,2,Highway,139.7,0.39,3.24,109.01,13.903
CAR019,6.3,20,22.4,2369.0,30.2,0,0,Highway,443.0,0.19,4.25,86.1,5.984999999999999
CAR098,34.63,10,53.1,2226.0,31.5,1,2,City,149.2,0.12,1.69,81.37,11.477
CAR110,3.73,20,50.2,2080.0,12.5,1,0,,420.5,0.71,4.1,192.92,3.5435
CAR034,19.6,85,30.1,2197.0,28.9,0,2,Rural,169.6,0.43,1.46,45.86,15.533
CAR115,15.61,20,62.5,1509.0,25.5,0,0,Highway,259.8,0.56,3.79,234.54,14.8295
CAR032,24.49,10,103.4,1465.0,23.8,1,1,Rural,254.8,0.54,3.51,366.77,23.265499999999996
CAR014,25.56,85,21.4,3128.0,26.7,1,1,rural,447.2,0.24,4.35,80.35,24.281999999999996
CAR115,13.85,20,5.0,1665.0,26.8,0,1,Highway,79.5,0.51,3.9,19.56,2.62
CAR033,16.32,20,55.6,1757.0,32.5,0,0,Highway,,0.35,2.57,124.05,15.504
CAR184,26.68,20,66.9,1631.0,29.7,1,2,City,295.9,0.37,3.79,217.88,25.346
CAR192,23.96,20,58.3,2363.0,40.6,1,0,Highway,415.0,0.61,1.22,67.23,10.192
CAR172,32.75,85,48.4,1598.0,19.4,1,0,City,322.9,0.13,3.16,154.56,31.112499999999997
CAR034,34.3,20,69.0,2165.0,27.1,1,0,,343.4,0.8,1.26,89.75,12.885
CAR011,25.75,20,45.8,2074.0,34.5,0,0,city,328.6,0.67,1.95,78.89,12.388
CAR147,8.98,85,,2622.0,15.8,0,0,Highway,359.4,0.69,2.66,123.61,8.531
CAR128,25.39,10,46.6,2797.0,10.8,1,1,City,340.6,0.82,0.99,47.93,7.467
CAR192,17.91,85,21.4,3112.0,24.4,0,2,City,186.4,0.24,0.56,12.36,4.244
CAR098,20.57,20,36.5,1702.0,41.0,1,1,City,435.8,0.28,1.28,44.2,8.018
CAR155,28.82,10,63.1,3100.0,34.2,1,2,,358.5,0.18,1.97,106.57,15.198
CAR133,16.05,0,66.3,1540.0,38.3,1,1,City,332.8,0.47,3.38,223.5,15.2475
CAR077,2.54,20,45.5,,24.7,1,1,City,346.5,0.84,2.82,118.2,2.413
CAR093,40.87,85,49.6,2013.0,,0,0,rural,131.8,0.63,1.13,58.41,18.71
CAR157,13.67,20,63.5,1152.0,24.2,1,1,City,445.3,0.82,2.4,155.2,12.9865
CAR193,41.63,0,63.7,1896.0,29.9,1,1,Highway,154.5,0.3,3.23,215.81,19.215
CAR052,5.58,0,84.4,2605.0,43.0,0,2,Rural,282.2,0.61,0.78,67.29,5.301
CAR001,39.08,0,85.4,2675.0,29.5,1,0,Rural,,0.82,1.98,146.74,13.659
CAR137,40.38,10,50.4,,13.8,0,2,Rural,83.0,0.31,3.38,154.76,21.614
CAR104,7.89,20,48.6,2059.0,27.2,0,0,highway,175.4,0.1,3.34,144.32,7.495499999999999
CAR120,38.38,10,45.6,1422.0,25.1,0,0,City,442.1,0.58,3.3,151.18,18.04
CAR061,33.06,0,42.3,,37.3,1,0,Rural,90.8,0.62,2.95,125.83,11.367
CAR166,2.5,10,63.8,2117.0,35.7,1,0,,424.1,0.4,3.93,223.58,2.375
CAR108,24.04,10,65.5,3104.0,16.9,1,1,Rural,365.5,0.38,1.93,122.28,16.757
CAR086,6.76,20,116.72456733232774,2306.0,27.7,1,1,City,259.0,0.42,1.41,30.35,4.98
CAR191,40.05,85,64.9,2380.0,22.8,0,1,Highway,234.2,0.26,3.85,258.39,38.04749999999999
CAR154,4.4,85,45.2,2257.0,37.0,1,2,Rural,314.5,0.81,3.6,163.64,4.18
CAR006,2.82,20,49.1,1255.0,38.1,1,2,City,87.1,0.87,1.34,65.89,2.679
CAR062,26.24,10,55.8,2187.0,26.8,0,1,City,,0.52,1.01,54.46,7.311
CAR075,30.2,85,50.5,2808.0,25.3,0,0,City,187.8,0.38,3.7,182.04,28.689999999999998
CAR121,34.89,20,52.8,1696.0,34.5,0,0,Highway,327.7,0.87,3.38,168.38,23.233
CAR098,32.5,20,44.5,2858.0,32.2,0,2,Rural,269.7,0.79,1.05,45.75,7.701
CAR168,29.29,0,55.6,1949.0,27.9,0,2,Rural,262.3,0.1,3.25,155.9,15.679
CAR059,19.17,20,79.2,2295.0,34.7,1,1,City,434.0,0.44,3.27,250.45,18.2115
CAR153,14.72,20,59.7,1982.0,21.5,1,1,City,439.6,0.31,4.24,244.23,13.984
CAR046,8.4,10,57.4,1364.0,15.1,1,2,Highway,92.1,0.38,0.66,38.23,4.733
CAR159,9.02,20,72.4,1405.0,22.1,1,2,Highway,424.9,0.28,1.33,98.43,8.568999999999999
CAR193,15.4,85,35.2,1995.0,22.0,0,2,Rural,386.5,0.6,0.61,20.88,7.332
CAR078,27.41,20,56.6,3098.0,17.1,1,1,City,224.2,0.32,0.28,15.46,2.513
CAR121,15.98,0,44.4,1814.0,45.4,1,1,Rural,400.4,0.16,3.67,150.71,15.181
CAR069,9.22,0,70.4,2177.0,22.8,1,2,Highway,,0.36,1.27,93.25,8.355
CAR073,38.25,10,29.9,2287.0,25.6,1,2,City,110.9,0.81,2.22,63.98,10.178
CAR182,28.89,10,54.8,2592.0,31.1,0,1,Rural,449.3,0.77,0.69,35.7,4.747
CAR169,37.11,10,41.9,2081.0,,1,1,Highway,273.9,0.66,1.24,52.54,6.131
CAR141,11.35,20,43.2,2496.0,33.0,0,1,City,149.3,0.52,1.8,71.27,10.782499999999999
CAR022,12.33,20,46.4,2657.0,18.4,1,0,Highway,110.4,0.69,0.31,12.89,1.763
CAR093,20.14,10,28.9,2111.0,38.5,1,0,City,,0.6,3.76,99.67,13.716
CAR046,16.35,10,214.38257187331908,2034.0,30.3,0,1,Highway,162.3,0.58,2.36,94.72,10.145
CAR062,7.55,10,21.6,2405.0,39.4,0,1,Highway,196.0,0.56,3.84,80.39,7.172499999999999
CAR108,8.61,85,22.3,2150.0,24.5,1,2,Highway,371.2,0.65,0.25,5.78,2.043
CAR028,34.56,20,22.6,2269.0,28.2,1,2,Highway,392.0,0.57,3.86,75.64,13.422
CAR038,28.77,10,62.9,2544.0,21.0,1,1,City,128.4,0.37,2.84,180.13,24.539
CAR051,18.87,20,86.6,2667.0,15.3,0,0,Rural,153.6,0.85,2.02,172.06,17.9265
CAR022,41.08,85,41.4,1822.0,22.1,1,2,City,317.2,0.24,2.33,90.93,32.495
CAR123,24.87,10,49.6,2700.0,29.7,0,0,Highway,149.5,0.48,1.16,57.31,4.971
CAR176,24.17,0,85.5,2885.0,29.2,1,0,City,204.2,0.87,2.0,169.97,19.121
CAR049,19.81,20,38.9,3248.0,33.8,1,1,,,0.16,0.7,26.8,4.139
CAR004,34.07,20,37.2,700.0,16.5,1,1,City,249.5,0.09,1.9,73.81,11.24
CAR016,26.11,20,49.2,2233.0,35.6,0,2,Rural,315.2,0.21,1.76,76.87,11.892
CAR053,20.13,10,55.7,2781.0,23.6,1,1,Highway,306.8,0.33,2.49,134.41,16.512
CAR194,44.04,20,64.3,1336.0,23.4,1,2,City,97.7,0.24,3.35,185.32,28.224
CAR030,16.63,20,49.1,2364.0,16.0,0,0,Highway,165.5,0.71,4.06,197.24,15.798499999999999
CAR069,40.37,10,,2353.0,26.3,1,2,Rural,233.1,0.51,1.89,95.69,13.098
CAR153,13.95,0,55.5,1774.0,28.4,1,2,City,415.6,0.9,4.17,229.6,13.2525
CAR090,29.77,85,38.0,3043.0,34.2,1,2,Highway,206.2,0.25,2.52,92.32,28.281499999999998
CAR027,10.56,10,50.7,1597.0,19.3,0,1,Rural,413.3,0.64,2.56,111.98,10.032
CAR170,30.78,10,24.8,2734.0,15.9,1,2,City,78.8,0.23,1.76,43.19,6.176
CAR183,19.64,20,47.1,2359.0,30.2,0,2,Highway,222.2,0.79,3.3,136.62,18.658
CAR078,3.13,20,56.8,2863.0,34.3,0,1,Rural,217.9,0.46,0.38,20.99,2.9734999999999996
CAR057,21.83,0,50.9,2743.0,27.5,1,0,Rural,270.4,0.28,2.68,116.87,9.279
CAR161,38.58,20,79.1,2515.0,5.0,1,0,,70.4,0.84,1.91,130.59,19.855
CAR153,28.28,10,51.3,2076.0,26.0,0,1,City,237.1,0.44,1.25,57.66,7.18
CAR139,19.06,10,5.0,1136.0,37.6,0,1,City,405.6,0.53,1.75,7.94,1.068
CAR054,3.63,0,50.3,1455.0,27.6,0,0,City,191.5,0.44,1.07,55.77,3.4484999999999997
CAR091,12.13,20,43.3,2204.0,7.9,0,1,,443.7,0.89,1.76,66.3,11.5235
CAR099,11.92,85,72.3,1804.0,15.5,0,2,Rural,179.8,0.36,2.1,144.28,11.324
CAR165,39.35,20,65.2,1848.0,34.6,1,2,Highway,358.1,0.23,0.97,64.06,9.971
CAR092,13.99,10,76.6,3411.0,22.0,1,0,City,417.0,0.84,3.61,249.39,13.2905
CAR035,15.77,10,47.9,2600.0,14.6,1,2,City,373.2,0.65,1.18,50.64,8.277
CAR120,10.49,20,36.4,2603.0,22.6,1,1,Rural,166.9,0.41,0.6,20.5,3.358
CAR120,11.99,10,45.5,2005.0,30.3,0,2,City,340.2,0.89,1.06,42.93,6.722
CAR120,4.57,10,45.8,1858.0,30.4,0,1,Highway,379.0,0.76,1.13,54.2,4.3415
CAR127,28.27,20,99.6,1094.0,29.8,1,0,City,224.4,0.15,4.33,370.89,26.856499999999997
CAR065,2.03,85,57.8,2498.0,23.2,0,2,City,327.4,0.84,1.75,98.49,1.9284999999999997
CAR016,6.96,20,89.1,2010.0,22.1,1,0,Highway,359.5,0.09,0.53,42.43,5.471
CAR003,30.07,85,33.2,1241.0,19.8,1,0,Highway,424.5,0.05,1.03,35.58,10.493
CAR173,4.14,85,69.5,2912.0,26.0,0,0,Rural,331.4,0.24,3.4,205.98,3.9329999999999994
CAR125,23.63,0,33.3,2130.0,35.8,0,0,City,245.9,0.06,1.38,45.58,3.116
CAR160,44.39,10,67.3,1793.0,30.4,1,2,City,345.5,0.45,1.65,99.22,14.984
CAR119,35.04,10,242.74989700189275,2148.0,23.5,0,1,Highway,76.2,0.2,3.12,156.84,15.635
CAR129,39.55,20,76.4,,38.3,1,1,Rural,350.9,0.54,2.03,146.35,25.705
CAR132,44.12,20,60.3,2555.0,38.3,0,2,City,259.3,0.44,2.29,139.24,24.06
CAR023,37.46,0,52.2,1541.0,26.7,1,0,City,253.8,0.44,1.08,53.84,4.901
CAR064,27.36,0,25.8,1885.0,38.2,0,2,Highway,128.0,0.61,0.33,8.18,0.817
CAR014,33.03,10,30.3,2803.0,28.2,0,0,City,127.4,0.41,1.88,49.95,5.97
CAR096,39.87,10,52.0,2248.0,28.9,1,1,City,330.8,0.84,1.2,55.46,8.748
CAR170,27.89,10,79.3,2799.0,26.7,0,2,Rural,94.7,0.28,3.57,249.8,26.4955
CAR023,33.75,85,59.0,1664.0,31.6,1,0,Highway,75.3,0.24,1.25,70.06,20.584
CAR195,17.04,85,56.8,2215.0,,1,2,Highway,74.4,0.2,3.18,189.41,16.188
CAR093,23.91,20,59.1,2709.0,31.5,1,1,City,163.9,0.75,2.75,169.71,22.714499999999997
CAR093,24.64,10,38.7,1962.0,43.7,0,2,Rural,163.3,0.41,3.9,156.96,23.407999999999998
CAR111,26.8,10,41.8,3222.0,43.0,0,0,City,102.7,0.35,0.81,29.92,3.844
CAR110,36.81,10,22.3,1541.0,28.1,0,1,Rural,322.6,0.25,3.73,77.62,8.056
CAR076,32.61,10,46.6,2716.0,34.1,1,0,City,79.5,0.06,2.81,117.06,13.078
CAR018,2.67,20,47.4,3304.0,33.3,1,0,City,130.9,0.1,3.78,152.32,2.5364999999999998
CAR018,16.94,10,40.6,1871.0,29.7,1,0,City,369.3,0.58,3.91,159.4,16.093
CAR029,30.09,10,60.9,2652.0,28.4,1,0,,354.3,0.25,2.01,123.27,12.483
CAR039,38.06,20,53.0,1738.0,20.1,1,1,City,350.0,0.63,0.72,38.5,6.291
CAR072,44.53,20,53.7,2270.0,23.4,0,1,Highway,422.7,0.5,0.4,22.03,3.045
CAR177,32.14,10,5.0,2237.0,21.8,1,1,City,193.0,0.06,3.62,18.49,2.29
CAR141,7.6,20,38.4,924.0,19.3,1,1,Rural,302.2,0.17,1.45,52.56,7.22
CAR050,22.06,20,39.0,1578.0,37.6,0,2,Highway,184.5,0.29,0.83,30.44,4.333
CAR168,18.64,10,54.6,1102.0,41.3,1,2,City,447.6,0.64,3.63,187.78,17.708
CAR034,20.68,85,24.2,1788.0,32.3,0,0,,402.3,0.46,1.59,36.16,11.197
CAR196,35.17,0,30.0,3359.0,25.6,0,1,Rural,229.1,0.7,1.13,32.11,3.134
CAR182,11.23,10,58.1,2097.0,16.0,1,0,,176.3,0.17,1.03,55.57,6.609
CAR132,21.86,0,84.6,2594.0,25.0,0,1,Highway,284.7,0.68,2.08,158.36,14.834
CAR171,11.64,10,28.7,2450.0,40.9,1,1,City,325.7,0.55,2.06,58.8,8.681
CAR156,25.29,85,52.1,2493.0,36.4,1,0,City,222.6,0.17,0.83,37.54,12.774
CAR094,2.58,10,34.2,2896.0,36.1,0,2,City,131.4,0.72,2.82,82.05,2.451
CAR073,35.38,20,22.5,1885.0,20.1,0,1,Highway,240.6,0.86,0.56,12.31,1.835
CAR160,40.19,0,36.3,1784.0,32.5,1,2,City,225.9,0.77,4.35,150.18,17.656
CAR181,30.17,85,56.6,2681.0,41.9,0,2,Highway,307.3,0.3,4.17,234.3,28.6615
CAR143,19.9,20,34.9,2759.0,17.7,1,1,City,93.9,0.44,3.52,114.49,18.904999999999998
CAR024,36.31,10,49.8,984.0,30.7,0,2,City,85.6,0.25,3.4,147.43,17.63
CAR116,16.49,20,59.3,2147.0,31.4,0,0,,354.7,0.17,2.15,127.67,15.665499999999998
CAR079,15.62,10,,1794.0,30.4,0,1,Highway,263.1,0.5,2.03,84.06,8.696
CAR117,37.93,10,47.5,2456.0,42.9,0,2,Rural,256.4,0.18,3.16,140.05,19.379
CAR084,26.72,20,63.5,2711.0,17.0,1,1,Highway,239.9,0.16,3.97,249.36,25.383999999999997
CAR026,40.71,10,73.3,1588.0,16.7,0,0,Rural,344.2,0.31,3.54,254.35,24.2
CAR051,42.84,20,88.2,2166.0,27.4,0,1,Highway,354.4,0.49,4.0,341.86,40.698
CAR004,17.17,10,55.9,2259.0,26.3,1,0,Highway,413.3,0.14,3.11,160.14,16.311500000000002
CAR067,11.7,20,40.3,2007.0,40.3,1,1,Rural,90.8,0.23,0.43,15.44,2.374
CAR071,42.16,20,36.7,1756.0,29.2,1,2,,179.2,0.22,1.47,55.09,9.224
CAR072,10.95,10,34.0,2719.0,36.8,0,2,City,72.6,0.35,3.92,118.69,10.402499999999998
CAR158,12.96,0,26.0,2360.0,29.8,0,1,City,370.3,0.84,2.98,70.48,8.502
CAR033,17.41,20,67.1,6041.485534370396,24.7,1,2,Highway,293.3,0.28,2.54,174.32,16.5395
CAR136,2.64,10,103.3,1701.0,17.5,0,2,Highway,372.9,0.18,3.72,356.08,2.508
CAR185,2.62,0,21.1,1242.0,34.8,0,1,City,220.0,0.26,0.61,12.18,1.044
CAR114,13.32,10,28.7,2500.0,39.9,0,0,City,396.2,0.23,2.99,80.32,10.401
CAR106,42.26,20,52.3,3375.0,37.7,0,1,Highway,237.0,0.14,0.95,42.84,5.705
CAR081,4.0,20,42.4,1461.0,15.1,1,1,City,154.9,0.49,0.32,12.06,1.83
CAR098,7.87,0,37.2,1408.0,48.0,0,0,City,318.3,0.49,0.81,27.17,2.966
CAR096,18.87,10,57.2,1803.0,16.0,1,1,,194.3,0.65,4.34,257.98,17.9265
CAR185,36.81,10,60.2,2583.0,38.7,0,2,Highway,174.3,0.31,0.98,59.3,7.176
CAR120,25.47,10,46.7,2570.0,22.1,0,0,City,160.9,0.12,2.7,130.7,14.129
CAR004,38.6,0,51.2,2916.0,34.8,1,2,Highway,342.3,0.57,1.85,97.66,10.395
CAR026,3.38,10,90.1,1772.0,25.3,1,1,Rural,325.6,0.18,3.67,286.54,3.211
CAR070,24.68,0,31.6,2679.0,28.6,1,1,City,185.0,0.87,1.65,53.33,5.957
CAR161,8.47,20,56.6,2805.0,25.3,1,0,City,81.7,0.11,1.88,109.07,8.0465
CAR051,19.88,20,,2513.0,26.9,1,1,Highway,413.4,0.33,4.2,149.19,18.886
CAR167,37.28,10,35.7,1892.0,29.6,1,2,City,180.0,0.37,2.24,72.9,10.929
CAR048,22.62,10,34.5,2557.0,43.0,1,0,Rural,296.5,0.13,2.67,85.65,11.021
CAR155,9.79,20,5.0,,18.4,0,0,City,293.4,0.65,3.05,15.99,2.354
CAR105,34.01,10,53.4,2621.0,18.1,0,0,City,386.5,0.89,2.42,118.04,15.035
CAR132,21.71,10,31.4,1684.0,20.5,0,1,City,383.4,0.77,0.47,14.21,1.899
CAR102,15.32,20,53.1,1376.0,31.9,1,2,Highway,227.2,0.82,3.82,195.65,14.554
CAR120,17.1,0,17.1,1640.0,26.2,0,0,Rural,130.0,0.89,1.94,34.11,2.983
CAR102,16.16,10,5.7,1586.0,29.5,0,2,Rural,343.1,0.33,3.44,19.2,2.249
CAR158,5.59,20,45.7,2668.0,20.6,1,2,City,353.9,0.44,1.15,45.41,5.310499999999999
CAR102,3.04,0,15.3,2626.0,34.4,1,2,City,116.7,0.32,3.77,59.47,2.888
CAR094,15.8,20,68.3,1954.0,35.2,1,0,City,237.4,0.8,3.72,245.21,15.01
CAR170,24.91,10,17.6,2549.0,31.0,0,2,City,190.7,0.16,0.99,14.92,1.941
CAR123,40.09,10,35.6,1953.0,33.5,0,1,City,202.2,0.39,4.26,135.33,18.922
CAR075,25.43,10,76.1,3250.0,38.7,1,1,City,341.3,0.14,2.19,166.2,23.931
CAR001,36.73,20,54.5,3328.0,20.7,0,1,City,418.9,0.06,0.71,38.11,5.828
CAR011,6.29,10,56.1,2528.0,43.5,0,1,Highway,194.1,0.18,0.26,13.96,1.728
CAR097,13.05,20,77.9,1489.0,23.8,1,1,Highway,335.1,0.13,3.33,258.98,12.3975
CAR047,19.34,10,73.0,2454.0,24.0,0,1,Rural,347.9,0.56,3.44,259.88,18.372999999999998
CAR080,38.78,20,55.5,2175.0,30.8,1,0,Highway,346.7,0.68,3.06,146.67,22.58
CAR062,9.04,20,84.1,1745.0,31.2,1,2,Rural,340.7,0.09,0.9,65.85,8.588
CAR082,17.69,20,49.6,2490.0,,1,0,Highway,308.2,0.89,1.71,78.04,12.618
CAR105,43.13,10,43.4,1496.0,29.9,0,1,,116.2,0.31,0.92,34.8,3.754
CAR184,5.14,85,93.7,2213.0,22.0,0,1,Rural,241.0,0.24,1.74,142.74,4.882999999999999
CAR146,7.62,0,70.5,2280.0,24.1,1,0,City,285.2,0.72,3.93,288.39,7.239
CAR143,7.03,20,69.8,1462.0,30.6,1,1,City,317.9,0.82,1.36,90.12,6.6785
CAR049,42.07,0,56.7,2279.0,37.0,0,1,City,90.8,0.19,4.19,219.78,20.444
CAR132,28.73,20,67.7,3336.0,38.0,0,1,City,321.9,0.86,2.54,176.23,27.293499999999998
CAR190,9.88,10,53.7,2178.0,27.4,0,1,Highway,364.5,0.83,3.79,197.08,9.386000000000001
CAR078,9.44,10,45.9,1322.0,18.6,1,0,City,201.7,0.12,1.3,51.06,5.705
CAR044,27.52,0,35.7,1350.0,27.7,0,1,City,421.8,0.65,4.21,145.77,15.542
CAR190,6.38,85,64.1,1261.0,19.5,1,1,Rural,402.1,0.81,3.43,197.28,6.061
CAR115,27.61,10,47.2,2620.0,22.6,1,2,Rural,418.5,0.07,1.61,70.4,9.126
CAR161,36.56,20,42.4,2780.0,28.7,1,1,Rural,171.0,0.16,0.95,42.03,6.571
CAR098,4.57,10,47.9,2496.0,31.0,1,1,City,247.0,0.83,1.64,71.08,4.3415
CAR117,21.4,20,65.5,1983.0,29.4,0,0,City,203.2,0.06,0.49,31.16,3.928
CAR001,10.02,10,55.0,2763.0,28.4,0,0,Highway,362.3,0.52,0.92,47.26,5.003
CAR155,14.65,20,62.7,2720.0,36.0,1,0,City,293.5,0.31,1.84,108.86,13.9175
CAR005,7.73,20,58.1,3001.0,30.6,0,1,Highway,385.4,0.13,1.19,61.55,7.3435
CAR188,25.32,20,57.4,2370.0,26.1,1,0,Highway,264.0,0.08,1.27,71.48,9.443
CAR196,20.58,20,38.8,2162.0,31.6,1,0,Rural,372.5,0.35,1.58,57.51,8.034
CAR099,33.39,10,63.9,2366.0,30.5,1,1,,98.1,0.75,2.14,130.49,19.132
CAR021,19.36,20,73.1,2807.0,21.3,1,0,City,350.0,0.21,1.42,108.39,16.685
CAR175,42.03,85,64.3,1891.0,22.8,1,0,City,191.5,0.65,1.87,116.99,39.725
CAR195,26.63,20,40.5,,27.6,0,2,City,312.8,0.78,1.27,49.35,8.688
CAR068,37.54,20,79.1,1865.0,36.8,1,0,Highway,400.0,0.36,2.35,193.68,29.011
CAR081,7.41,85,51.5,1693.0,32.2,1,2,City,149.4,0.77,2.97,154.68,7.039499999999999
CAR035,36.02,85,32.5,1303.0,28.9,1,0,Rural,123.0,0.72,0.82,23.41,7.419
CAR132,7.71,20,58.9,2358.0,12.5,0,0,Highway,391.9,0.72,3.74,224.43,7.3245
CAR113,13.93,10,58.4,2747.0,19.0,0,0,Rural,269.7,0.77,0.58,35.06,4.622
CAR189,19.49,10,15.7,3086.0,28.5,0,1,City,434.7,0.28,4.34,65.09,9.14
CAR036,23.42,20,38.2,2203.0,29.3,1,0,Highway,136.3,0.25,2.75,90.84,12.169
CAR131,36.1,20,54.3,1225.0,25.2,1,1,Highway,371.0,0.65,3.15,147.74,22.356
CAR099,4.7,10,38.4,1313.0,31.5,1,1,city,120.6,0.27,0.36,14.06,1.743
CAR078,23.02,10,53.1,2113.0,48.0,0,2,City,292.0,0.1,2.66,120.75,18.111
CAR158,20.46,10,53.9,2463.0,23.6,0,2,City,322.9,0.87,3.47,186.16,19.437
CAR016,13.53,20,41.3,2684.0,32.5,1,2,Highway,421.3,0.22,1.87,68.17,10.608
CAR027,14.61,20,52.8,2754.0,25.2,0,2,City,299.0,0.71,0.82,38.43,6.944
CAR070,17.98,20,46.2,1992.0,35.0,0,1,City,380.3,0.1,1.46,67.77,9.947
CAR197,18.1,10,43.5,2432.0,,0,0,City,313.6,0.61,1.47,66.32,8.145
CAR060,20.59,10,75.4,2094.0,21.7,0,1,Highway,366.6,0.71,0.38,28.23,3.212
CAR180,19.27,0,54.8,2773.0,15.9,1,0,City,116.2,0.78,0.29,16.13,1.902
CAR008,4.07,20,44.6,2233.0,36.9,0,2,City,448.0,0.26,1.81,73.36,3.8665000000000003
CAR175,16.17,0,58.2,2190.0,30.8,0,1,Highway,208.3,0.7,2.18,130.6,12.474
CAR199,44.11,20,31.2,1375.0,33.1,1,1,Rural,337.9,0.66,2.26,65.64,10.055
CAR084,16.59,10,37.9,2132.0,39.1,1,2,Rural,215.9,0.12,0.9,29.02,4.004
CAR064,40.66,20,51.5,869.0,34.2,1,1,City,179.2,0.21,0.31,16.67,2.61
CAR088,23.83,20,9.8,2272.0,30.2,0,2,City,353.4,0.48,4.48,40.9,7.237
CAR200,40.25,10,65.2,2614.0,,1,2,Rural,202.4,0.38,2.84,190.24,25.842
CAR113,17.26,0,68.0,2384.0,29.2,0,1,City,94.9,0.35,0.56,32.59,3.197
CAR169,12.62,20,61.6,1926.0,43.4,0,2,City,101.1,0.6,2.19,118.39,11.988999999999999
CAR065,3.51,0,40.2,1451.0,,1,2,Rural,271.7,0.85,2.25,94.88,3.3345
CAR105,39.08,0,43.5,1165.0,36.5,0,2,Highway,374.4,0.34,4.18,171.34,14.854
CAR138,19.49,20,41.1,2640.0,24.3,0,2,City,407.1,0.12,3.43,120.42,18.5155
CAR039,6.78,0,85.2,2691.0,28.9,1,0,Highway,103.9,0.41,4.13,321.91,6.441
CAR123,43.79,20,65.7,1493.0,22.8,1,0,Highway,345.0,0.43,4.38,252.16,31.666
CAR062,13.13,10,77.1,2539.0,37.9,0,2,City,392.3,0.61,1.8,134.15,12.4735
CAR171,38.44,10,30.3,2248.0,25.9,0,1,City,150.9,0.44,2.72,75.47,9.023
CAR140,8.34,10,77.6,1759.0,34.3,1,1,Rural,401.1,0.18,2.47,193.06,7.922999999999999
CAR158,44.53,20,72.3,1664.0,13.7,1,2,City,155.6,0.11,2.95,184.95,29.519
CAR097,40.12,85,51.8,3094.0,30.5,1,0,Highway,448.0,0.83,0.37,17.99,5.938
CAR161,44.25,20,59.4,1635.0,24.7,0,1,Highway,252.7,0.36,3.36,204.68,29.516
CAR141,36.1,20,58.8,1621.0,17.8,1,1,City,164.2,0.51,1.95,108.66,17.791
CAR198,17.63,20,67.1,2565.0,32.3,1,1,Highway,402.9,0.8,3.31,206.79,16.7485
CAR056,3.38,20,18.7,2183.0,21.9,1,1,City,387.2,0.47,2.44,44.92,3.211
CAR160,36.51,0,25.9,,,1,1,City,153.7,0.69,2.35,59.49,6.578
CAR015,8.95,0,60.4,1556.0,20.4,0,2,Highway,85.3,0.29,1.75,104.42,7.62
CAR169,41.72,0,63.8,2589.0,,0,0,Rural,240.3,0.73,4.36,266.89,21.159
CAR186,43.14,20,45.1,1806.0,37.0,0,1,Rural,445.3,0.52,0.22,10.21,1.67
CAR068,10.96,85,127.88548213701246,2383.0,19.3,1,0,Rural,86.6,0.4,2.66,69.8,10.412
CAR063,36.59,0,48.1,1985.0,22.9,0,1,Highway,152.9,0.23,3.87,193.71,13.402
CAR015,18.48,10,34.6,,38.9,1,1,Rural,440.9,0.4,0.52,15.93,2.301
CAR135,24.33,20,45.0,1797.0,24.6,0,2,Highway,382.9,0.77,0.79,36.24,5.788
CAR079,18.43,85,45.4,2534.0,11.3,1,1,Highway,365.8,0.83,4.18,171.1,17.508499999999998
CAR152,40.69,20,251.58562122226814,1434.0,34.1,0,1,City,370.1,0.26,2.82,149.99,23.617
CAR115,29.29,20,62.0,2837.0,40.5,1,2,City,184.6,0.3,1.72,96.1,18.275
CAR149,25.06,10,48.7,1890.0,35.4,1,2,Highway,112.7,0.55,3.6,170.93,23.807
CAR166,16.31,10,51.2,2953.0,32.0,1,1,city,431.0,0.87,4.21,183.9,15.494499999999999
CAR113,23.31,20,33.8,,16.4,1,0,Highway,135.4,0.44,4.49,153.67,20.009
CAR115,39.24,10,44.4,2607.0,24.1,1,2,City,211.3,0.23,1.5,67.31,10.02
CAR161,32.39,10,30.3,3144.0,23.9,0,1,City,300.6,0.68,3.87,104.64,15.529
CAR070,13.25,85,46.0,1947.0,33.9,1,2,city,108.4,0.21,2.52,104.06,12.587499999999999
CAR023,43.17,10,5.0,2767.0,35.5,1,0,Rural,118.5,0.05,0.82,4.28,0.433
CAR116,8.68,85,55.0,2686.0,27.7,0,1,Rural,266.2,0.43,1.45,81.34,8.245999999999999
CAR081,18.23,0,24.6,2500.0,16.5,1,1,City,212.8,0.83,1.53,33.46,3.843
CAR106,37.15,10,35.9,2375.0,28.3,1,2,,327.0,0.66,3.41,114.9,18.611
CAR194,28.35,20,20.0,3237.0,19.9,0,0,Rural,251.1,0.27,1.23,25.33,3.745
CAR166,35.95,10,51.9,2724.0,37.6,1,0,Highway,196.7,0.2,4.41,221.04,21.794
CAR038,9.84,20,26.3,1719.0,26.4,1,2,City,425.3,0.21,1.09,24.57,4.485
CAR157,27.83,10,67.3,2135.0,30.5,1,0,City,198.7,0.62,0.47,28.72,4.019
CAR049,19.68,10,55.2,3185.0,39.4,1,0,Highway,211.4,0.44,0.6,31.14,3.683
CAR191,25.1,85,61.6,2600.0,24.5,1,1,City,329.9,0.09,3.01,179.71,23.845
CAR072,41.34,10,49.4,1939.0,23.9,1,1,City,221.6,0.81,4.22,180.67,26.478
CAR183,14.46,10,5.0,1407.0,19.0,1,1,Highway,303.0,0.28,2.79,11.9,1.3
CAR066,43.99,10,78.7,1966.0,19.4,1,2,Rural,94.3,0.59,2.02,141.58,20.803
CAR061,20.54,20,58.4,2644.0,19.8,1,2,Highway,421.3,0.71,3.66,192.44,19.512999999999998
CAR171,42.82,10,39.2,,35.5,0,0,Highway,278.2,0.14,1.75,60.53,4.764
CAR092,23.8,0,83.6,2044.0,35.8,0,2,City,207.6,0.44,3.26,278.4,22.61
CAR040,4.62,0,36.5,1906.0,31.1,1,0,Rural,307.0,0.07,4.19,134.26,4.389
CAR145,30.85,85,54.8,2330.0,23.8,0,2,City,374.5,0.21,4.05,225.89,29.3075
CAR192,26.93,20,64.1,2929.0,26.4,0,0,Rural,363.0,0.27,2.01,127.1,17.808
CAR125,42.58,0,121.5,2636.0,29.2,1,1,City,356.0,0.14,4.37,485.33,40.45099999999999
CAR052,28.9,20,69.4,2282.0,40.1,0,2,Highway,439.6,0.19,1.51,89.94,14.136
CAR187,17.35,20,70.9,700.0,18.4,1,0,City,185.4,0.6,3.65,228.59,16.4825
CAR155,26.85,0,24.7,2607.0,31.4,1,0,Rural,246.5,0.6,4.26,95.44,9.27
CAR039,13.55,0,96.1,1758.0,35.0,0,1,City,294.6,0.49,1.11,104.49,9.911
CAR029,19.0,0,77.2,2365.0,19.0,0,1,City,206.3,0.52,3.24,226.41,18.05
CAR046,13.69,10,47.9,1425.0,23.1,0,0,City,346.9,0.48,1.82,91.31,10.882
CAR165,41.12,0,26.5,2621.0,28.7,0,0,Rural,187.4,0.1,0.76,19.41,1.49
CAR075,4.22,20,54.8,3399.0,33.8,1,0,Rural,165.9,0.51,4.03,227.28,4.0089999999999995
CAR146,18.55,20,,2465.0,27.1,1,0,City,347.4,0.29,2.37,123.24,17.6225
CAR067,23.28,20,43.4,1833.0,23.9,0,1,Rural,76.7,0.2,3.45,140.36,19.101
CAR162,38.87,20,12.5,1963.0,30.9,1,1,City,338.1,0.45,3.29,40.66,6.788
CAR137,19.27,10,52.7,1771.0,30.4,0,0,,306.3,0.55,3.92,186.79,15.372
CAR137,9.6,20,74.4,2234.0,,0,2,Highway,289.9,0.09,1.21,86.76,9.12
CAR131,6.53,0,41.7,2052.0,30.9,1,0,Rural,122.6,0.77,0.66,27.44,2.713
CAR049,24.1,10,67.7,2956.0,18.1,1,1,Highway,261.5,0.6,3.27,199.87,21.936
CAR068,10.11,85,40.3,2126.0,26.6,0,1,Highway,324.5,0.82,0.59,24.23,8.264
CAR173,33.13,85,5.5,2034.0,29.9,1,1,City,408.6,0.51,0.6,2.87,1.004
CAR031,17.85,85,42.6,1730.0,40.0,0,2,Highway,,0.45,1.53,62.81,16.9575
CAR118,12.56,20,59.2,2114.0,41.4,1,1,Highway,436.9,0.47,0.7,37.98,6.077
CAR116,24.7,20,47.8,2235.0,30.8,0,1,Rural,303.8,0.2,0.58,25.53,3.395
CAR148,43.55,85,26.0,1514.0,24.8,1,2,City,110.9,0.08,3.72,90.06,30.63
CAR015,19.85,0,55.7,2444.0,35.5,1,2,Highway,432.6,0.65,1.58,80.91,9.5
CAR123,19.27,20,50.4,736.0,27.7,1,1,Highway,427.6,0.18,1.93,93.16,12.001
CAR154,33.96,20,43.0,1569.0,35.4,1,2,City,71.7,0.29,0.35,14.57,2.39
CAR126,20.56,10,63.0,2350.0,28.3,1,1,City,142.4,0.82,3.28,201.27,19.531999999999996
CAR195,12.59,85,47.3,2461.0,32.5,0,2,Highway,281.5,0.55,3.76,172.79,11.9605
CAR013,32.33,20,84.3,1788.0,29.5,0,0,Rural,235.0,0.46,3.99,315.28,30.713499999999996
CAR051,10.93,20,31.0,1969.0,17.2,1,0,City,85.1,0.11,1.18,34.73,4.79
CAR008,32.05,10,45.5,1729.0,32.4,0,1,City,431.0,0.65,2.35,94.51,11.572
CAR200,12.74,20,38.1,1110.0,18.9,0,2,City,125.9,0.85,2.93,112.58,12.103
CAR145,3.94,20,41.2,2444.0,25.3,1,2,Highway,280.2,0.39,1.42,60.85,3.743
CAR029,27.02,10,58.2,2850.0,24.1,0,0,City,363.5,0.52,3.87,231.89,25.668999999999997
CAR172,30.25,0,76.7,2823.0,39.3,1,2,Rural,341.6,0.86,3.4,231.43,28.737499999999997
CAR133,6.75,10,28.6,2052.0,27.7,0,1,Highway,384.1,0.79,2.08,57.71,6.4125
CAR058,36.11,10,28.1,2080.0,22.5,1,0,City,338.3,0.67,2.96,71.43,9.066
CAR123,35.81,0,59.6,2412.0,22.7,1,0,City,405.5,0.45,4.09,248.78,25.392
CAR182,17.83,20,65.5,2320.0,36.5,1,1,City,125.7,0.74,1.2,73.99,13.269
CAR099,14.43,10,46.0,742.0,32.4,1,0,highway,397.6,0.52,2.12,87.09,9.077
CAR059,18.31,20,60.4,2278.0,27.3,1,1,City,416.0,0.72,1.12,67.38,12.073
CAR077,26.75,20,46.2,2330.0,28.1,0,1,Rural,307.3,0.87,1.36,63.2,11.042
CAR093,11.69,0,52.5,2388.0,27.9,1,0,City,374.8,0.85,4.46,241.69,11.1055
CAR134,27.85,10,57.9,2730.0,36.6,1,2,Highway,,0.14,1.76,96.87,12.561
CAR016,32.83,20,51.3,2385.0,20.5,1,1,City,127.1,0.49,1.33,68.37,12.161
CAR133,3.28,10,77.9,2290.0,25.8,0,2,Rural,199.8,0.65,4.02,298.75,3.1159999999999997
CAR158,31.3,0,36.1,2324.0,20.2,0,2,rural,388.9,0.45,1.03,31.76,3.279
CAR164,24.46,85,9.9,2111.0,14.6,0,0,City,208.7,0.13,3.04,27.75,8.698
CAR004,15.04,20,15.3,1580.0,24.2,1,1,City,432.5,0.87,4.27,59.09,10.65
CAR021,17.37,20,35.5,2836.0,26.4,1,1,City,379.6,0.28,2.25,69.46,11.652
CAR019,25.48,10,20.0,1785.0,29.5,0,0,Highway,274.1,0.38,2.17,45.24,4.079
CAR125,37.05,0,45.3,2129.0,29.2,1,2,Rural,265.9,0.37,3.29,126.83,12.482
CAR065,38.99,10,72.6,1897.0,22.7,0,2,City,222.6,0.53,1.3,81.27,10.873
CAR142,6.88,0,32.7,2167.0,32.4,1,1,City,86.5,0.15,3.8,107.48,6.536
CAR169,20.5,10,29.5,3608.0,33.2,0,1,Highway,216.7,0.29,3.63,102.65,11.322
CAR181,38.88,20,42.1,2414.0,41.8,0,1,City,291.2,0.38,0.83,33.79,5.803
CAR187,13.93,20,52.9,1747.0,29.6,1,1,City,182.5,0.84,1.5,79.41,13.2335
CAR124,25.83,0,56.5,2397.0,34.8,0,0,Highway,287.8,0.1,3.89,200.89,11.955
CAR152,38.21,10,53.4,1454.0,23.1,1,2,City,264.9,0.53,2.83,142.28,21.612
CAR170,6.04,10,63.4,2610.0,20.8,1,1,City,247.4,0.75,1.1,72.36,5.7379999999999995
CAR199,23.4,20,85.8,2366.0,29.3,1,0,Rural,385.5,0.65,2.52,202.9,22.229999999999997
CAR099,21.97,20,47.1,,23.6,0,0,Highway,160.2,0.39,2.3,110.65,13.767
CAR083,11.82,20,,2523.0,34.3,0,0,City,238.3,0.13,3.42,234.36,11.229
CAR191,11.85,20,40.8,2590.0,16.9,1,2,Rural,341.3,0.88,3.9,146.79,11.257499999999999
CAR147,35.67,85,25.1,2375.0,31.7,1,1,City,131.2,0.17,1.52,36.64,12.682
CAR081,13.35,10,64.3,2156.0,36.5,0,2,Rural,209.6,0.89,0.36,20.44,2.875
CAR118,39.0,10,51.8,2534.0,21.5,1,1,Rural,405.0,0.61,3.94,191.26,26.582
CAR015,8.57,85,53.7,,40.1,1,2,Rural,116.2,0.25,0.92,47.13,8.1415
CAR114,13.66,10,50.7,,38.0,0,2,City,181.0,0.27,2.96,132.0,12.977
CAR176,42.98,0,56.5,1781.0,21.3,0,2,Highway,262.8,0.51,2.6,135.21,12.488
CAR191,6.05,10,28.4,1808.0,35.0,0,0,City,436.9,0.2,2.49,71.95,5.7475
CAR134,18.91,0,79.7,2457.0,28.6,0,0,Highway,441.3,0.23,2.11,176.43,10.519
CAR135,17.88,20,5.0,1610.0,37.4,0,2,city,416.0,0.26,1.7,8.91,1.463
CAR038,7.93,10,70.6,,14.0,0,0,City,206.3,0.26,4.38,311.96,7.533499999999999
CAR140,21.13,20,63.6,6476.440569539731,16.3,0,0,City,444.6,0.73,4.48,270.48,20.0735
CAR188,35.44,85,30.7,1297.0,13.8,0,0,City,313.2,0.31,3.82,110.71,33.668
CAR012,12.17,10,51.2,2452.0,41.7,1,1,City,365.3,0.07,4.09,191.09,11.561499999999999
CAR149,24.87,20,19.3,2758.0,34.3,0,2,Rural,331.1,0.14,2.48,43.87,7.087
CAR169,40.2,10,41.9,1993.0,12.0,1,0,City,313.6,0.18,1.98,73.76,9.081
CAR080,24.48,10,5.0,1676.0,24.7,1,2,City,188.6,0.83,1.84,8.89,1.433
CAR004,35.43,10,39.0,1832.0,30.9,0,2,Rural,225.8,0.73,1.58,58.42,8.106
CAR185,18.96,10,52.8,2755.0,38.8,1,2,Rural,81.2,0.48,2.36,123.84,17.929
CAR093,37.07,10,40.5,1986.0,,0,0,Rural,294.5,0.66,3.52,135.98,15.283
CAR032,32.27,10,315.76088134920536,1671.0,27.3,1,0,City,248.9,0.07,1.7,100.44,10.292
CAR123,25.71,10,56.2,1765.0,36.6,1,2,Highway,147.2,0.14,3.15,160.62,19.865
CAR067,37.81,10,12.6,2371.0,32.9,1,0,City,365.6,0.78,2.84,37.22,5.341
CAR150,21.16,85,62.6,1585.0,26.7,1,2,City,431.4,0.16,1.64,92.74,20.102
CAR125,27.55,20,64.8,2793.2892166838024,26.1,1,1,City,140.9,0.2,3.26,216.92,26.1725
CAR031,19.35,10,41.4,1629.0,34.9,1,1,Highway,374.2,0.24,2.3,91.59,9.984
CAR007,19.22,20,57.0,1432.0,34.6,1,1,City,236.9,0.71,4.14,219.51,18.258999999999997
CAR062,31.96,20,45.2,1138.0,34.1,0,1,Rural,86.5,0.27,4.31,195.45,26.85
CAR008,4.37,20,36.3,2465.0,22.8,0,1,City,279.0,0.17,1.73,62.06,4.1514999999999995
CAR069,30.3,20,63.9,1666.0,20.0,0,1,City,72.1,0.54,3.36,191.73,28.785
CAR123,27.82,20,46.2,2838.0,10.5,1,2,Rural,79.1,0.35,4.24,203.93,26.429
CAR193,22.05,20,36.1,2604.0,30.3,0,1,Highway,,0.06,2.96,93.11,12.625
CAR126,33.94,20,42.9,2220.0,37.0,1,2,City,209.0,0.3,0.46,17.28,3.068
CAR162,41.37,10,67.4,3205.0,21.2,1,2,Rural,357.4,0.37,3.09,195.46,27.157
CAR071,38.99,20,60.3,1110.0,21.8,1,0,City,396.1,0.23,1.94,108.94,15.318
CAR043,30.62,20,39.5,2324.0,,0,1,City,101.1,0.82,3.3,117.75,20.316
CAR089,8.39,85,63.2,2457.0,27.0,1,1,Highway,428.8,0.86,1.16,75.81,7.9705
CAR043,19.21,85,53.1,1876.0,14.8,1,0,Rural,390.8,0.53,1.69,84.63,18.2495
CAR181,32.05,10,43.5,1586.0,,1,0,,172.1,0.52,4.31,179.71,21.505
CAR033,19.41,10,60.3,2781.0,41.7,1,0,City,,0.18,0.78,46.87,6.324
CAR001,15.98,20,30.8,1628.0,19.7,0,2,Rural,324.6,0.25,1.98,54.76,8.088
CAR052,24.34,20,51.9,,40.0,1,0,Rural,393.7,0.7,0.31,16.0,2.748
CAR010,12.85,0,67.3,2347.0,24.3,0,0,City,237.2,0.54,1.1,68.13,5.725
CAR117,29.02,10,51.4,3298.0,24.8,1,0,City,294.8,0.57,1.43,66.03,8.377
CAR128,8.75,10,98.5,2382.0,25.9,0,1,City,278.0,0.33,0.96,81.56,8.3125
CAR013,9.72,10,35.7,2057.0,39.3,0,2,Highway,382.8,0.47,4.26,158.94,9.234
CAR054,27.97,0,48.0,1329.0,21.7,1,2,Highway,304.5,0.34,1.08,50.67,4.563
CAR099,26.95,20,42.2,3417.0,27.6,0,1,City,129.0,0.69,0.69,25.97,4.213
CAR071,25.94,20,66.7,2319.0,44.6,0,0,,107.9,0.67,2.16,140.09,22.0
CAR125,26.52,20,56.0,2173.0,30.0,1,1,Highway,427.4,0.72,3.17,184.61,25.194
CAR122,5.72,10,23.2,2257.0,18.8,1,1,Rural,201.4,0.19,1.84,41.8,4.836
CAR040,15.42,20,19.5,2672.0,23.0,0,2,City,413.3,0.58,2.88,48.94,8.787
CAR130,40.55,20,49.8,2255.0,19.8,1,0,City,332.5,0.85,1.59,74.15,12.579
CAR085,16.42,20,70.7,1569.0,41.3,0,1,City,118.8,0.49,0.31,22.32,3.637
CAR083,2.39,20,80.2,2064.0,29.2,1,2,City,145.4,0.59,1.39,104.95,2.2705
CAR065,15.87,20,19.8,2314.0,32.4,0,1,City,374.5,0.4,2.37,47.25,7.389
CAR106,33.02,85,45.2,3289.0,19.3,1,1,Rural,396.1,0.18,4.1,166.5,31.369
CAR006,22.58,20,48.8,3233.0,48.0,1,0,City,103.2,0.73,1.16,53.95,10.816
CAR146,14.4,20,22.1,3341.0,20.9,1,2,City,276.5,0.8,2.05,46.1,9.277
CAR129,2.79,0,26.8,2159.0,36.3,0,2,City,105.9,0.43,3.51,82.29,2.6505
CAR121,2.74,0,49.5,1777.0,22.3,1,0,City,178.3,0.2,3.94,171.51,2.603
CAR088,22.04,20,44.9,2337.0,36.7,0,2,,439.8,0.84,4.16,188.17,20.938
CAR002,27.03,10,45.3,1997.0,25.5,0,1,City,356.1,0.73,2.67,115.02,17.033
CAR071,43.55,0,29.9,1524.0,26.1,0,0,City,,0.27,4.32,116.2,10.365
CAR106,40.13,0,88.5,3705.0,36.0,0,0,Highway,378.6,0.59,1.32,107.45,9.267
CAR066,2.78,85,67.5,2230.0,31.4,1,1,City,114.3,0.7,1.21,78.0,2.6409999999999996
CAR144,43.4,10,51.1,,22.1,1,1,Highway,418.5,0.75,3.11,142.24,19.305
CAR015,17.55,20,14.5,1833.0,32.4,1,1,City,239.6,0.5,3.73,47.61,7.423
CAR185,17.27,20,71.3,2502.0,25.5,1,1,City,229.0,0.07,1.9,141.81,16.406499999999998
CAR132,27.44,20,29.6,1217.0,27.2,1,1,City,,0.16,2.56,74.01,11.938
CAR137,35.97,10,61.1,2667.0,18.5,0,2,City,416.9,0.59,0.37,22.64,3.587
CAR008,40.95,20,72.2,2947.0,21.9,0,1,Highway,383.2,0.58,4.09,309.65,38.9025
CAR086,7.13,20,,2566.0,28.7,0,2,City,211.0,0.35,3.37,28.9,4.742
CAR177,21.35,10,51.4,3081.0,43.1,1,2,City,388.5,0.48,2.66,117.47,20.2825
CAR172,28.17,20,51.6,2202.0,26.3,0,1,Rural,436.4,0.59,4.38,230.59,26.7615
CAR001,37.22,20,38.9,2562.0,36.4,1,0,City,419.3,0.66,3.69,140.81,23.988
CAR101,9.29,0,56.1,1837.0,13.8,1,1,City,375.6,0.87,1.83,107.16,8.825499999999998
CAR080,6.7,10,46.9,2493.0,33.2,1,0,Highway,102.3,0.87,3.82,183.63,6.365
CAR136,19.91,20,64.9,2504.0,,1,1,Highway,305.1,0.4,1.99,113.27,17.516
CAR044,23.27,10,90.0,1654.0,26.3,1,2,,186.1,0.89,2.89,229.05,22.106499999999997
CAR025,15.7,10,28.9,2943.0,26.3,1,1,rural,404.8,0.31,3.93,116.52,14.915
CAR085,41.75,10,43.8,2320.0,28.2,0,1,City,179.4,0.08,1.89,83.13,8.755
CAR111,2.06,0,39.9,1935.0,39.7,0,0,City,417.0,0.69,3.2,118.19,1.9569999999999999
CAR117,30.34,0,53.5,1730.0,29.8,1,1,Highway,304.6,0.62,1.11,59.02,5.898
CAR029,8.39,0,87.6,2266.0,45.0,1,2,City,198.9,0.87,0.53,42.59,6.491
CAR162,12.65,20,55.2,2325.0,36.9,1,0,city,238.8,0.06,1.08,51.57,7.795
CAR036,25.72,10,45.0,2468.0,24.6,1,0,City,95.7,0.2,0.48,18.68,2.044
CAR174,5.09,85,42.8,3089.0,24.4,1,1,Highway,279.5,0.72,0.59,21.64,4.8355
CAR032,40.9,20,26.9,2183.0,23.5,1,1,Highway,,0.48,1.5,34.98,5.413
CAR148,8.15,20,41.0,2572.0,14.3,0,0,Rural,73.3,0.45,2.74,97.1,7.7425
CAR068,37.17,85,43.0,2320.0,18.3,0,2,City,330.1,0.38,3.82,155.1,35.3115
CAR074,29.53,20,44.0,2062.0,12.9,1,2,City,335.4,0.74,1.23,47.11,9.412
CAR079,21.67,10,65.9,1573.0,32.8,1,1,Highway,133.3,0.77,3.21,183.66,20.5865
CAR144,30.53,0,86.5,,18.7,1,0,,365.3,0.25,0.51,41.31,3.566
CAR172,40.73,0,23.4,1259.0,35.7,1,2,Highway,80.9,0.61,3.79,84.63,7.72
CAR154,31.94,85,59.8,3049.0,35.7,1,1,City,418.4,0.54,2.12,132.71,30.343
CAR145,8.09,85,36.5,1669.0,22.4,1,2,City,195.7,0.81,0.33,11.68,4.264
CAR020,42.92,85,27.7,974.0,,1,0,Highway,252.1,0.76,0.45,12.23,3.962
CAR146,25.95,10,48.7,2113.0,35.2,1,0,Highway,157.8,0.27,3.96,176.83,16.711
CAR170,21.75,85,51.5,,42.5,1,0,Rural,113.3,0.41,0.92,44.48,15.192
CAR101,17.78,10,48.3,1332.0,28.6,0,0,Highway,208.4,0.8,3.3,152.63,14.476
CAR187,3.27,20,15.0,2469.0,26.9,1,1,Highway,136.6,0.89,2.48,35.45,3.1065
CAR119,5.63,10,60.0,953.0,23.9,0,1,,297.6,0.27,1.41,87.69,5.3485
CAR026,19.98,20,36.6,2176.0,27.5,1,0,City,219.7,0.4,3.85,146.93,18.980999999999998
CAR008,2.16,20,56.0,2335.0,14.1,1,2,Rural,302.3,0.44,1.5,84.89,2.052
CAR024,15.0,10,28.3,1808.0,18.2,0,0,Highway,182.8,0.44,2.22,63.23,5.154
CAR140,6.45,10,56.4,1237.0,30.8,0,1,Highway,279.2,0.15,2.59,139.49,6.1274999999999995
CAR059,39.2,10,30.6,2629.0,26.4,0,0,Rural,444.7,0.38,3.07,82.98,9.291
CAR165,12.88,20,90.3,2097.0,24.8,1,1,City,398.7,0.12,3.75,306.06,12.236
CAR116,7.28,10,47.3,6659.999575207524,9.2,0,2,Highway,197.2,0.77,2.72,120.17,6.9159999999999995
CAR141,9.1,10,78.4,2809.0,26.0,1,0,Rural,163.9,0.41,2.08,160.8,8.645
CAR026,41.13,10,71.5,3131.0,15.4,0,2,Rural,393.4,0.12,0.42,27.03,3.312
CAR088,8.53,20,12.2,3103.0,29.4,1,0,City,326.4,0.14,0.41,5.01,0.781
CAR003,7.73,10,,1452.0,28.2,1,2,Highway,229.6,0.25,4.5,211.64,7.3435
CAR092,22.6,20,20.1,3103.0,33.1,1,1,Highway,283.9,0.12,0.75,14.93,2.226
CAR131,36.46,10,23.2,2200.0,36.9,1,0,Highway,295.9,0.61,3.5,76.81,8.599
CAR086,20.6,10,82.9,2857.0,42.6,1,2,City,366.4,0.39,1.13,84.77,14.442
CAR048,7.23,20,,3218.0,28.5,0,2,Rural,214.2,0.9,2.34,150.32,6.8685
CAR041,15.94,20,48.0,2894.0,36.2,1,0,City,438.9,0.2,0.62,27.92,4.48
CAR113,38.07,20,58.8,2717.0,21.7,0,2,City,133.2,0.36,2.67,163.41,28.125
CAR097,17.59,20,52.9,2862.0,40.1,0,0,City,205.4,0.23,2.16,114.21,16.143
CAR035,33.93,20,41.8,1813.0,31.8,0,2,Highway,389.8,0.12,3.82,149.05,19.021
CAR117,16.95,20,119.0,3114.0,35.3,0,1,Rural,157.5,0.67,3.13,361.2,16.1025
CAR053,29.14,10,55.6,2363.0,39.4,1,0,City,,0.67,2.9,146.17,20.71
CAR142,4.09,0,10.5,1614.0,35.9,0,0,City,300.5,0.25,0.5,5.32,0.525
CAR131,28.71,20,61.2,1720.0,18.9,0,1,Rural,119.3,0.37,1.55,98.47,14.384
CAR110,35.13,20,66.4,2186.0,31.4,0,1,City,245.6,0.69,3.24,195.09,33.3735
CAR177,21.59,20,52.0,1880.0,30.5,1,2,City,149.5,0.9,2.63,126.35,20.5105
CAR095,17.25,10,45.8,1393.0,21.3,0,2,Rural,328.5,0.31,2.62,117.51,12.997
CAR022,43.34,0,33.9,1452.0,27.0,0,1,Highway,,0.14,0.8,23.22,1.472
CAR172,14.59,20,66.0,1041.0,26.7,1,2,City,302.1,0.31,1.55,101.52,13.8605
CAR066,30.65,0,70.5,,20.5,0,1,City,344.2,0.59,2.66,175.35,16.652
CAR130,8.88,85,34.6,2020.0,39.3,1,1,Highway,377.9,0.77,2.3,69.83,8.436
CAR034,44.88,10,21.0,2556.0,33.2,1,1,City,442.2,0.57,4.05,79.43,11.323
CAR027,13.9,10,67.4,1782.0,16.1,1,1,Highway,91.2,0.2,3.11,178.29,13.205
CAR197,29.72,10,49.9,3248.0,31.1,1,2,Rural,209.0,0.22,2.06,90.0,11.604
CAR197,14.31,20,45.4,2881.0,33.2,1,1,City,152.3,0.06,3.09,135.29,13.5945
CAR124,22.91,10,,2187.0,28.0,1,1,Highway,345.7,0.85,1.33,76.06,10.308
CAR073,21.76,20,39.6,1566.0,25.3,1,0,Highway,202.7,0.82,4.1,141.86,17.868
CAR183,16.9,20,55.2,2223.0,16.9,1,2,City,444.5,0.08,0.95,47.15,8.046
CAR196,3.9,0,28.8,1904.0,23.8,0,1,City,384.5,0.82,3.61,92.24,3.7049999999999996
CAR151,9.21,10,243.67997323561647,1783.0,26.9,1,2,Highway,340.1,0.39,0.8,37.33,5.044
CAR045,38.25,20,51.8,2516.0,30.6,1,2,City,363.5,0.66,2.94,136.37,25.7
CAR018,41.33,10,59.8,2467.0,36.0,1,0,Highway,161.3,0.46,1.42,72.4,7.811
CAR155,9.09,10,42.7,2696.0,47.0,1,2,City,379.3,0.25,1.96,79.53,8.635499999999999
CAR125,31.65,10,61.0,1962.0,26.6,1,2,Highway,361.7,0.41,1.82,111.72,14.081
CAR168,5.59,20,113.7,1542.0,37.9,1,2,Highway,366.2,0.81,2.38,239.78,5.310499999999999
CAR044,21.57,10,64.3,700.0,13.4,1,1,City,345.3,0.78,3.34,185.45,20.4915
CAR003,29.46,10,72.5,1766.0,31.8,1,1,City,294.7,0.61,4.41,315.31,27.987
CAR200,40.06,20,,855.0,26.8,0,2,City,241.1,0.36,0.22,12.14,1.972
CAR080,34.3,10,54.5,1671.0,28.5,1,2,City,239.5,0.36,1.8,91.81,12.958
CAR022,30.97,0,45.2,2864.0,25.2,0,1,Highway,266.3,0.15,0.45,18.46,1.473
CAR162,6.09,20,48.3,5131.671332364815,24.2,0,1,Highway,134.9,0.09,0.21,10.06,1.263
CAR155,14.49,20,59.4,2347.0,34.2,0,1,Highway,109.1,0.68,0.43,24.22,3.522
CAR130,4.85,10,,2365.0,24.4,1,1,Highway,319.4,0.88,3.25,123.6,4.607499999999999
CAR175,7.5,10,48.8,1274.0,31.2,1,1,Highway,374.3,0.11,4.16,189.97,7.125
CAR104,44.82,20,34.5,2232.0,37.1,1,1,City,444.3,0.83,1.3,41.38,7.144
CAR090,7.75,10,46.6,3270.0,34.4,0,1,Rural,297.9,0.23,0.95,45.13,5.777
CAR040,37.49,20,60.5,1759.0,24.1,0,0,Highway,290.2,0.8,3.41,202.64,28.545
CAR042,36.63,10,47.1,2270.0,33.5,1,2,Highway,280.7,0.42,4.41,192.17,25.584
CAR180,9.16,0,57.3,2398.0,26.5,1,1,City,248.3,0.46,0.71,40.55,4.17
CAR182,11.07,10,45.2,2801.0,26.4,1,1,City,380.6,0.24,2.77,115.79,10.5165
CAR049,30.55,20,6.1,2040.0,22.1,0,1,Highway,168.5,0.87,3.05,18.68,2.729
CAR073,17.41,85,74.5,2997.0,34.3,1,1,Highway,291.3,0.87,3.97,307.88,16.5395
CAR042,3.04,10,52.5,1405.0,20.5,1,2,Rural,248.3,0.17,0.55,26.47,2.888
CAR070,3.78,20,85.9,1981.0,30.5,1,1,Highway,448.1,0.86,0.66,49.82,3.5909999999999997
CAR028,12.54,20,,2895.0,,1,1,Highway,238.9,0.69,3.13,147.29,11.912999999999998
CAR033,21.24,20,93.0076233723727,2099.0,29.1,1,2,Highway,93.6,0.09,3.03,58.01,8.544
CAR140,18.21,20,62.4,2426.0,35.9,1,1,City,143.8,0.57,2.93,158.75,17.2995
CAR057,21.84,0,61.9,2138.0,18.0,0,0,Rural,331.8,0.88,2.84,177.85,16.402
CAR021,31.42,20,38.5,2951.0,33.9,0,0,,190.9,0.4,4.47,178.16,25.619
CAR177,36.72,20,58.5,1072.0,28.6,0,2,City,307.0,0.23,2.26,121.32,17.832
CAR079,29.43,20,48.4,2837.0,31.6,0,1,City,363.4,0.35,2.76,136.77,21.02
CAR001,37.73,0,71.7,2168.0,14.2,1,1,City,353.3,0.21,0.88,56.85,5.621
CAR054,2.28,10,51.1,3010.0,35.3,0,0,Highway,108.9,0.5,3.04,153.59,2.166
CAR074,12.85,0,25.8,3472.0,38.5,0,1,Rural,157.8,0.21,1.29,30.72,3.083
CAR072,13.63,0,45.8,2688.0,34.3,1,2,City,377.3,0.36,2.01,90.7,10.963
CAR049,10.26,20,49.5,2357.0,37.4,1,2,City,441.4,0.56,3.66,160.27,9.747
CAR089,29.74,10,47.7,3396.0,31.8,1,0,Highway,181.5,0.08,0.64,30.79,2.821
CAR108,4.39,20,55.1,2423.0,17.8,1,1,Highway,120.2,0.25,4.1,223.26,4.1705
CAR177,14.29,20,37.4,2218.0,30.2,0,2,Rural,308.2,0.7,1.94,67.61,10.836
CAR095,16.61,20,80.1,3031.0,22.3,0,2,City,388.4,0.31,4.23,353.11,15.779499999999999
CAR126,2.11,10,25.5,2293.0,27.2,0,1,City,368.3,0.5,2.39,52.53,2.0044999999999997
CAR062,44.45,10,22.5,1821.0,29.8,1,2,Highway,250.0,0.19,3.85,79.21,10.011
CAR054,40.39,20,5.0,2636.0,31.8,0,2,City,390.3,0.1,4.25,21.29,3.371
CAR091,19.26,20,34.6,2039.0,21.4,0,2,City,184.9,0.39,3.45,124.94,18.297
CAR067,27.1,85,73.0,2679.0,31.4,1,1,Rural,384.1,0.31,3.0,226.08,25.745
CAR146,44.92,85,57.4,2428.0,27.8,1,2,Highway,320.7,0.57,1.71,98.83,33.736
CAR021,39.19,20,35.1,1041.0,33.1,1,1,City,359.7,0.55,3.78,129.99,21.692
CAR188,37.94,20,5.0,2001.0,25.9,1,1,Highway,217.0,0.34,1.95,8.83,1.279
CAR107,35.81,10,44.6,2450.0,21.6,0,1,City,336.2,0.59,4.29,167.55,25.301
CAR168,7.93,10,50.5,2948.0,17.0,1,1,City,148.3,0.51,1.84,87.94,7.533499999999999
CAR063,3.99,20,12.8,2941.0,15.1,0,2,City,403.3,0.22,0.52,5.99,1.056
CAR113,19.64,0,33.2,1792.0,31.8,0,1,Highway,313.1,0.8,2.39,82.29,7.894
CAR167,23.83,10,23.3,2838.0,15.0,1,2,City,120.4,0.7,1.23,26.24,3.902
CAR116,33.19,10,75.8,1739.0,48.0,0,1,Rural,297.7,0.35,4.37,324.9,31.530499999999996
CAR169,22.72,20,84.5,1731.0,,1,2,Highway,409.1,0.05,1.54,131.08,19.614
CAR085,13.22,20,43.7,873.0,34.4,0,0,City,245.0,0.54,3.9,165.29,12.559
CAR079,19.49,85,65.4,2260.0,20.5,0,1,Highway,398.7,0.62,0.99,64.99,18.5155
CAR139,27.44,10,80.8,1742.0,35.2,1,2,Highway,417.6,0.62,4.08,334.51,26.068
CAR138,4.48,85,67.9,2483.0,25.9,0,2,Highway,243.8,0.66,3.3,217.82,4.256
CAR154,36.84,20,39.1,2212.0,34.4,1,0,City,423.2,0.43,3.34,130.61,19.67
CAR095,20.02,20,5.0,3199.0,22.3,1,1,Highway,448.8,0.54,0.93,4.7,0.753
CAR037,16.58,10,44.6,2089.0,29.0,1,2,Highway,258.2,0.53,3.39,157.09,15.750999999999998
CAR170,14.99,20,39.8,1440.0,36.9,1,1,,348.8,0.56,1.55,64.59,10.952
CAR063,44.0,85,45.8,1068.0,25.0,1,1,Rural,254.6,0.21,3.44,158.39,41.8
CAR063,29.11,10,77.7,2073.0,29.7,0,2,City,,0.6,0.5,33.31,4.534
CAR108,16.54,10,89.4,,30.3,1,1,City,372.6,0.61,1.37,121.46,15.713
CAR191,14.71,20,54.4,2091.0,30.5,1,2,Rural,230.7,0.55,0.95,47.76,8.381
CAR002,23.06,0,40.5,2302.0,41.2,1,0,City,250.2,0.48,1.09,43.22,5.014
CAR008,37.25,20,72.9,1246.0,25.3,1,1,City,97.5,0.6,2.78,207.58,35.387499999999996
CAR187,6.56,20,105.8,2708.0,43.2,1,2,City,115.9,0.21,2.8,294.52,6.231999999999999
CAR118,2.99,10,77.8,1905.0,14.1,1,1,City,215.1,0.18,3.05,237.95,2.8405
CAR049,6.47,85,66.1,2230.0,17.2,0,2,City,189.8,0.53,1.54,102.02,6.1465
CAR151,34.02,85,22.6,2440.0,40.7,1,1,City,394.4,0.39,2.67,58.73,21.018
CAR158,20.84,20,16.0,1381.0,21.6,1,0,Highway,284.5,0.14,3.51,51.2,6.54
CAR091,3.8,0,82.1,2262.0,26.6,0,0,Rural,443.6,0.09,2.02,154.58,3.61
CAR180,18.3,20,36.9,,28.1,1,1,City,193.5,0.76,4.14,137.13,17.385
CAR037,36.12,10,26.5,3206.0,22.2,1,2,City,80.0,0.2,3.27,83.58,11.945
CAR124,39.87,0,33.9,2657.0,27.5,1,0,City,173.5,0.32,1.3,41.9,3.825
CAR032,15.13,20,50.8,2417.0,39.6,1,0,Rural,187.4,0.73,1.25,54.77,9.282
CAR072,10.26,10,57.5,1477.0,29.0,0,1,City,,0.18,3.24,160.89,9.747
CAR141,12.33,85,33.4,1576.0,38.4,1,2,Highway,153.1,0.74,1.08,33.85,11.7135
CAR046,27.81,20,29.8,2064.0,29.5,0,0,Highway,315.2,0.17,3.62,107.93,13.308
CAR123,34.14,0,24.8,2273.0,,0,0,City,156.9,0.63,1.17,28.93,2.779
CAR182,5.78,20,23.0,2783.0,16.6,1,1,Rural,330.0,0.48,3.6,85.71,5.491
CAR108,33.52,85,76.3,3564.0,31.2,0,0,Highway,123.6,0.78,3.43,259.07,31.844
CAR149,20.75,10,50.7,1253.0,35.8,1,1,Rural,252.1,0.13,2.71,133.36,15.869
CAR017,31.43,10,26.1,2294.0,21.4,1,1,Highway,,0.28,3.71,90.69,9.032
CAR194,12.98,0,68.4,1644.0,5.0,0,2,City,404.1,0.08,3.11,188.49,12.331
CAR051,20.85,20,76.4,2697.0,22.8,0,2,City,236.5,0.75,3.25,256.06,19.8075
CAR134,21.58,10,60.7,,,1,1,City,132.3,0.41,2.01,127.38,16.93
CAR086,16.01,10,39.8,2706.0,13.6,0,2,Highway,249.9,0.36,4.38,164.85,15.2095
CAR142,40.8,10,46.7,2889.0,25.2,0,2,Rural,95.3,0.61,4.0,171.72,24.602
CAR179,35.97,20,38.0,2803.0,31.6,0,1,City,312.4,0.47,3.92,147.52,24.967
CAR190,4.56,20,18.2,1990.0,25.4,1,1,City,76.3,0.72,0.43,7.8,1.342
CAR161,29.96,85,89.6,2320.0,25.6,0,0,City,392.3,0.78,1.77,161.16,28.462
CAR093,35.38,10,57.9,2477.0,21.0,0,0,City,363.8,0.26,3.52,202.36,23.932
CAR131,23.5,10,54.7,2291.0,29.3,1,0,Highway,164.3,0.37,1.21,67.67,7.05
CAR087,31.85,85,16.2,1299.0,39.3,0,1,City,314.7,0.6,3.55,50.06,17.268
CAR163,22.73,10,54.8,2813.0,21.6,0,1,City,107.4,0.67,0.42,19.82,2.946
CAR103,40.23,85,82.0,2945.0,,1,1,City,291.4,0.68,2.2,175.91,38.21849999999999
CAR092,17.71,0,40.0,1957.0,20.2,1,1,City,77.8,0.72,0.65,25.6,3.011
CAR051,7.72,10,41.4,1406.0,31.7,1,2,City,324.7,0.25,2.63,107.07,7.334
CAR196,32.49,10,98.8,2557.0,37.0,1,2,City,276.3,0.19,0.41,38.37,6.088
CAR169,12.9,10,48.9,2736.0,36.6,1,0,Highway,354.5,0.43,3.94,191.09,12.254999999999999
CAR175,38.31,10,25.1,2750.0,27.5,1,1,Highway,359.3,0.42,1.09,25.39,3.134
CAR014,3.68,20,55.2,1502.0,15.4,0,0,City,394.2,0.8,3.78,191.25,3.496
CAR183,20.44,85,51.0,2587.0,33.5,1,1,City,428.6,0.84,2.47,119.3,19.418
CAR020,3.76,0,53.9,3012.0,34.9,1,1,Highway,275.8,0.06,4.17,200.13,3.5719999999999996
CAR160,24.01,0,52.7,2406.0,37.9,0,1,City,96.8,0.45,0.25,12.31,1.215
CAR200,37.62,10,54.7,1487.0,31.4,0,0,Rural,292.0,0.16,3.05,167.4,15.074
CAR169,41.5,10,30.9,2013.0,32.0,1,2,City,175.4,0.2,1.93,56.79,8.228
CAR029,31.45,10,71.3,2689.0,21.3,0,0,City,,0.43,4.11,251.13,29.877499999999998
CAR025,31.23,10,21.2,1456.0,25.3,1,1,Highway,202.2,0.62,4.06,82.71,10.137
CAR019,43.19,0,24.2,2908.0,29.9,1,2,Highway,361.6,0.51,2.28,55.13,5.898
CAR131,10.63,0,43.2,2204.0,22.6,0,2,City,218.3,0.27,1.2,45.78,4.812
CAR064,24.61,20,46.6,1030.0,40.0,1,1,City,160.5,0.9,1.9,90.66,17.41
CAR045,18.86,10,46.4,1487.0,18.7,0,2,City,91.2,0.17,0.42,19.27,2.282
CAR149,25.85,85,63.8,2139.0,20.9,1,1,City,198.1,0.76,3.89,234.29,24.5575
CAR052,21.77,10,51.2,2125.0,23.9,1,2,city,142.5,0.72,3.81,168.96,20.6815
CAR104,30.95,10,48.3,2436.0,32.5,1,2,City,81.9,0.66,1.65,69.37,10.207
CAR131,35.5,20,50.4,3028.0,33.5,1,1,,89.8,0.14,0.68,33.61,4.469
CAR110,44.65,20,38.4,1724.0,36.6,0,1,City,177.3,0.39,1.26,45.4,6.967
CAR125,7.59,20,42.7,2338.0,29.8,0,0,City,216.9,0.86,3.45,142.15,7.2105
CAR111,41.64,10,48.2,1481.0,35.0,1,1,City,249.9,0.11,2.74,116.42,13.819
CAR017,4.58,10,59.3,2438.0,34.8,1,0,City,428.1,0.39,3.03,183.67,4.351
CAR059,24.05,20,67.6,1920.0,36.6,1,1,Rural,271.8,0.89,1.08,65.89,11.256
CAR047,2.53,20,45.9,2855.0,36.8,1,2,City,152.9,0.82,0.85,35.9,2.4034999999999997
CAR017,16.76,0,34.5,1319.0,38.9,0,1,Highway,263.6,0.23,0.52,17.71,1.374
CAR073,30.17,20,38.1,2641.0,29.0,1,1,,265.1,0.64,4.39,173.46,28.6615
CAR116,39.56,0,45.3,1643.0,28.0,1,1,rural,321.6,0.22,1.8,75.84,6.743
CAR194,14.91,0,77.0,2631.0,19.3,1,2,City,344.9,0.11,4.0,315.96,14.1645
CAR156,4.76,10,52.3,1926.0,30.3,1,1,Highway,89.7,0.34,2.06,93.19,4.521999999999999
CAR160,36.5,10,76.1,2544.0,38.2,1,2,Rural,169.4,0.29,3.47,248.72,34.675
CAR156,6.92,10,52.2,,27.0,1,2,Rural,230.9,0.14,1.77,87.49,6.574
CAR079,28.33,0,47.9,1884.0,17.9,1,2,Highway,156.7,0.8,2.48,101.91,10.372
CAR061,36.26,10,79.9,2234.0,24.0,0,0,Highway,376.9,0.28,4.25,301.71,28.381
CAR023,21.53,10,61.1,2560.0,33.0,0,2,Highway,194.9,0.17,4.08,229.53,20.453500000000002
CAR033,23.66,10,10.2,2198.0,31.6,1,1,Rural,331.7,0.08,4.23,40.5,4.487
CAR010,24.23,20,53.6,2169.0,26.3,1,0,City,433.3,0.13,1.43,66.89,9.459
CAR016,4.37,10,46.8,1419.0,17.7,1,0,City,352.1,0.7,0.71,32.31,4.1514999999999995
CAR058,37.27,10,35.0,2665.0,34.7,0,0,Rural,237.4,0.17,0.4,12.51,1.282
CAR035,23.76,20,49.2,1563.0,23.3,0,2,,340.9,0.51,3.74,163.18,22.572
CAR145,34.64,20,36.0,2349.0,14.2,1,0,Highway,85.9,0.06,2.67,88.19,11.32
CAR007,24.79,0,41.4,1611.0,27.5,0,0,Highway,350.2,0.09,2.35,84.43,5.489
CAR151,2.62,10,52.9,1852.0,31.4,1,1,City,184.4,0.41,0.84,45.15,2.489
CAR045,20.64,20,30.8,1777.0,32.2,0,2,Highway,278.3,0.53,1.19,32.98,5.083
CAR006,34.56,10,73.0,1753.0,25.4,1,1,,383.2,0.61,1.4,96.84,12.294
CAR028,39.73,10,78.1,2211.0,48.0,0,1,Rural,256.2,0.06,2.84,212.2,28.924
CAR068,5.54,10,35.4,2952.0,24.0,0,1,Highway,102.8,0.51,4.16,144.32,5.263
CAR191,11.05,20,75.0,2494.0,26.8,1,2,City,443.2,0.2,2.42,172.36,10.4975
CAR064,33.26,20,11.7,2139.0,24.3,1,0,Highway,141.1,0.67,1.64,16.91,2.214
CAR181,41.39,10,5.0,1968.0,27.7,1,1,City,370.4,0.67,1.68,7.64,1.085
CAR196,12.1,0,71.2,1727.0,27.2,1,2,City,123.2,0.05,3.69,224.81,11.495
CAR171,39.38,10,46.9,2845.0,22.8,0,1,City,119.0,0.5,2.39,98.94,13.68
CAR150,23.36,10,25.6,3745.0,27.2,0,1,City,233.7,0.18,1.82,44.33,5.795
CAR099,22.3,10,58.0,1380.0,27.3,0,0,City,357.1,0.49,2.0,115.51,13.324
CAR178,32.47,0,38.9,1820.0,31.9,1,0,Rural,425.2,0.21,1.41,49.12,4.085
CAR047,32.08,10,,2263.0,41.0,0,1,Highway,92.4,0.4,4.12,152.2,17.361
CAR173,13.68,10,76.0,2405.0,23.2,0,2,City,410.2,0.15,4.48,322.54,12.995999999999999
CAR019,6.55,20,21.9,2544.0,38.5,1,1,Highway,346.2,0.48,1.66,32.69,4.817
CAR143,39.49,20,32.7,2829.0,25.5,0,1,Highway,181.7,0.55,1.83,56.96,8.275
CAR197,29.67,10,22.9,2379.0,27.7,1,0,City,377.1,0.75,3.44,71.04,10.255
CAR151,30.14,85,42.8,1757.0,15.9,1,1,City,436.5,0.4,3.95,145.22,28.633
CAR168,38.87,10,66.7,2368.0,20.7,1,1,Highway,189.0,0.09,0.22,12.72,1.307
CAR170,43.08,20,47.0,2268.0,17.9,0,1,City,308.0,0.31,1.88,77.55,11.445
CAR143,7.35,20,50.5,,33.2,1,2,Highway,298.2,0.17,4.31,211.94,6.982499999999999
CAR060,26.5,20,51.6,949.0,17.4,1,1,Highway,71.7,0.26,3.02,142.4,19.596
CAR194,7.72,0,54.2,1748.0,35.1,0,0,City,404.5,0.88,2.1,108.93,7.334
CAR114,24.12,20,35.1,,32.3,1,0,City,,0.5,3.13,103.05,15.752
CAR157,38.04,10,38.6,2484.0,20.9,1,1,City,312.8,0.28,3.94,136.85,19.074
CAR197,27.24,10,25.0,2529.0,15.6,1,1,Rural,175.4,0.12,4.1,106.84,13.541
CAR102,20.74,20,25.6,1948.0,25.3,1,2,City,389.4,0.78,3.62,81.78,15.712
CAR127,31.39,20,85.9,2283.0,27.5,0,0,Highway,378.0,0.49,0.43,38.0,4.914
CAR147,19.57,20,61.4,2227.0,32.6,1,0,City,88.2,0.83,0.44,28.13,4.756
CAR018,28.46,10,72.5,1750.0,30.6,1,1,City,208.2,0.12,0.88,57.33,7.301
CAR046,4.61,20,38.5,2356.0,16.3,0,0,Rural,205.0,0.75,3.16,122.06,4.3795
CAR028,18.39,20,31.2,1875.0,25.4,1,0,City,281.2,0.47,2.51,78.38,12.01
CAR102,41.75,85,56.6,1848.0,29.9,1,2,City,410.1,0.26,2.48,139.73,39.6625
CAR188,31.12,20,65.6,2810.0,33.4,0,2,City,96.3,0.46,0.54,31.43,5.343
CAR121,43.67,10,15.1,1791.0,20.7,1,1,Highway,326.7,0.71,1.43,21.63,2.669
CAR016,28.02,10,55.6,3517.0,26.7,0,1,Highway,153.9,0.5,2.25,108.51,12.836
CAR022,18.52,20,31.1,2128.0,41.2,1,2,Highway,204.7,0.37,1.97,52.86,9.132
CAR132,26.86,20,30.8,1731.0,23.5,0,2,City,197.0,0.87,1.51,44.18,7.877
CAR009,44.33,10,65.1,2102.0,20.1,1,0,Rural,160.7,0.27,3.93,242.53,26.989
CAR133,27.37,20,68.1,2161.0,28.2,0,1,Highway,123.4,0.71,1.87,113.68,16.938
CAR175,4.36,10,42.6,2465.0,20.9,1,1,Highway,304.8,0.59,4.45,164.86,4.142
CAR137,2.61,10,37.1,1945.0,26.3,1,1,Highway,258.1,0.49,2.75,87.58,2.4795
CAR012,11.64,20,51.6,1524.0,24.1,1,2,City,444.8,0.44,1.89,90.8,11.058
CAR137,15.55,0,57.5,2572.0,18.8,0,1,Rural,398.7,0.81,0.34,17.94,1.774
CAR148,26.26,85,58.4,2463.0,27.8,1,0,Rural,108.1,0.57,2.8,142.89,24.947
CAR088,36.02,10,54.9,1776.0,,0,1,Rural,229.2,0.51,3.08,158.55,18.119
CAR098,31.45,85,62.8,2956.0,30.9,1,1,City,395.7,0.83,3.41,193.6,29.877499999999998
CAR117,26.37,0,58.9,2944.0,24.4,1,0,rural,111.0,0.88,3.53,208.16,21.043
CAR189,35.5,20,86.5,1943.0,18.3,0,0,City,219.1,0.24,3.86,342.76,33.725
CAR024,8.88,20,24.5,2331.0,10.8,1,1,City,253.7,0.22,1.6,35.89,5.615
CAR128,5.68,0,55.1,1818.0,27.1,0,0,City,,0.4,3.97,229.0,5.396
CAR071,32.24,20,75.4,1982.0,31.4,0,1,Rural,164.4,0.41,3.65,238.18,30.628
CAR053,28.49,20,32.4,2145.0,23.5,1,2,,276.6,0.69,3.38,114.08,21.564
CAR100,22.73,20,48.2,1654.0,16.8,0,1,Rural,423.5,0.64,0.49,24.71,3.731
CAR001,6.65,20,5.0,1869.0,37.6,1,2,Highway,438.8,0.19,4.39,19.28,3.207
CAR017,40.66,85,52.1,,26.2,1,1,Rural,236.5,0.65,0.32,15.37,5.281
CAR192,9.86,20,22.5,2198.0,31.3,1,0,Rural,223.2,0.28,4.22,92.2,9.366999999999999
CAR017,37.01,10,49.4,1748.0,27.7,0,2,City,247.1,0.08,4.12,192.32,23.007
CAR013,40.52,10,301.8097378433494,2404.0,,0,0,Rural,98.6,0.67,2.74,178.44,19.011
CAR113,17.48,10,28.1,1133.0,26.1,1,1,Highway,283.1,0.31,2.97,81.18,8.933
CAR180,10.17,10,34.4,2713.0,20.3,1,2,City,120.0,0.43,0.37,12.01,1.83
CAR115,29.62,20,22.9,2005.0,36.9,0,2,Rural,330.5,0.8,0.77,15.37,2.69
CAR037,41.41,20,28.7,2070.0,28.1,0,1,Rural,313.4,0.56,3.69,90.99,13.493
CAR045,34.81,0,60.3,1891.0,34.7,0,1,Highway,331.2,0.8,1.28,73.94,7.177
CAR112,2.83,85,47.8,9513.144989391692,38.3,0,0,Rural,168.8,0.4,4.21,171.55,2.6885
CAR082,29.42,0,56.2,2000.0,15.0,1,0,City,117.3,0.88,1.78,89.41,9.354
CAR138,8.39,20,52.0,1745.0,20.5,1,0,Rural,259.0,0.78,1.13,61.6,7.9705
CAR017,7.95,10,5.0,1705.0,48.0,1,2,City,284.4,0.7,1.51,7.53,1.34
CAR076,37.38,20,46.2,2643.0,23.0,1,2,City,212.8,0.67,1.68,71.06,14.143
CAR013,22.58,10,36.0,2227.0,15.2,0,2,City,175.7,0.42,1.91,58.6,8.661
CAR171,13.91,10,60.9,3125.0,32.1,1,1,Rural,401.5,0.7,2.86,169.8,13.2145
CAR141,37.81,10,68.7,2217.0,30.2,1,0,Rural,426.9,0.58,4.0,263.18,33.247
CAR104,23.9,10,56.0,1585.0,28.2,0,1,Highway,419.2,0.08,1.38,66.82,6.393
CAR092,39.83,0,59.6,1876.0,29.5,1,0,City,106.8,0.34,1.06,57.31,5.365
CAR032,28.87,10,62.2,913.0,23.0,1,0,Rural,218.4,0.37,4.09,246.64,26.268
CAR015,4.07,10,26.5,2323.0,19.5,1,0,Highway,187.5,0.27,3.59,83.67,3.8665000000000003
CAR011,22.43,10,31.1,,17.0,1,2,City,448.6,0.06,4.25,118.25,16.879
CAR085,38.54,10,23.3,1329.0,35.9,1,1,Rural,280.2,0.67,0.84,16.69,2.138
CAR183,33.23,85,46.6,1673.0,22.2,0,1,City,110.8,0.6,3.87,184.96,31.568499999999997
CAR177,30.03,20,33.2,2221.0,20.5,1,1,City,341.2,0.35,0.61,21.21,3.503
CAR104,30.03,85,71.8,1952.0,22.9,1,1,City,305.7,0.08,1.66,105.37,28.5285
CAR091,14.78,85,60.6,1508.0,,1,0,City,448.8,0.32,3.97,216.87,14.040999999999999
CAR085,18.09,85,83.1,3515.0,26.8,1,1,Rural,395.0,0.54,2.73,223.03,17.185499999999998
CAR121,28.69,10,44.4,2202.0,31.5,1,0,City,327.0,0.1,4.38,194.65,23.488
CAR179,37.11,0,30.4,2583.0,37.7,0,2,Highway,186.7,0.1,3.32,103.12,8.293
CAR052,40.95,10,64.9,1845.0,28.8,0,2,Highway,237.2,0.62,1.7,97.3,12.639
CAR080,12.01,20,13.6,2840.0,40.2,1,2,City,350.5,0.4,1.24,17.37,3.205
CAR062,18.95,20,59.2,1890.0,17.2,0,0,City,200.2,0.65,3.48,176.43,18.002499999999998
CAR095,36.26,20,37.3,2786.0,23.8,1,1,Rural,196.3,0.32,2.05,66.75,10.51
CAR157,41.94,0,20.6,2718.0,23.8,1,0,City,436.6,0.49,0.87,16.38,1.695
CAR176,23.76,20,70.7,1895.0,31.7,0,0,City,185.5,0.64,4.31,271.59,22.572
CAR160,26.16,20,74.0,3308.0,42.4,0,2,Highway,426.0,0.86,0.36,23.22,4.499
CAR173,31.17,20,42.1,2147.0,27.4,1,1,Highway,364.6,0.48,2.68,101.86,17.212
CAR038,38.45,0,13.7,2270.0,38.2,1,1,City,327.4,0.4,1.98,23.89,2.617
CAR023,23.5,20,62.8,1692.0,30.1,0,0,City,259.3,0.3,2.29,132.89,19.946
CAR161,9.94,0,58.3,1901.0,29.6,0,1,City,132.3,0.1,1.45,84.18,6.997
CAR028,27.86,10,46.4,2401.0,28.1,1,1,City,113.9,0.56,2.27,105.01,15.074
CAR160,24.71,85,31.8,2108.0,27.3,1,0,City,380.4,0.11,3.67,112.62,23.4745
CAR182,32.96,10,53.7,1168.0,27.6,0,1,City,414.0,0.7,3.54,172.21,23.251
CAR143,13.92,10,58.6,,16.6,0,1,Rural,132.2,0.87,4.29,243.06,13.224
CAR158,18.59,10,45.3,1952.0,33.2,0,2,City,132.8,0.73,0.73,29.73,4.279
CAR015,27.86,0,76.6,2909.0,16.3,0,0,highway,350.8,0.35,2.08,146.56,8.82
CAR107,6.32,10,70.1,1958.0,36.6,1,1,Rural,383.1,0.07,0.29,18.12,2.139
CAR119,42.47,10,47.9,2276.0,25.2,1,2,City,281.2,0.85,1.97,90.54,13.728
CAR012,2.12,20,76.5,3340.0,16.9,0,0,City,308.9,0.21,1.75,129.51,2.014
CAR115,37.75,0,29.3,1801.0,30.2,0,1,City,214.9,0.71,3.05,87.72,8.634
CAR187,12.86,20,71.1,2765.0,26.1,0,2,City,347.2,0.67,2.25,166.57,12.216999999999999
CAR003,8.05,10,60.2,1743.0,36.8,1,2,,185.1,0.54,3.19,175.61,7.6475
CAR178,37.67,10,44.2,2420.0,26.2,0,2,Rural,118.0,0.81,2.15,98.23,13.976
CAR039,17.71,10,92.7,1572.0,38.4,0,2,City,278.0,0.76,1.62,148.67,16.8245
CAR167,9.25,20,75.5,700.0,15.1,1,0,,324.0,0.44,2.34,165.07,8.7875
CAR105,32.11,85,52.9,813.0,27.5,1,1,City,245.8,0.59,3.8,181.35,30.504499999999997
CAR022,9.56,10,80.1,3185.0,28.7,0,1,,351.3,0.6,0.73,51.9,6.911
CAR008,2.79,0,72.8,2596.0,33.3,0,2,Highway,337.6,0.32,1.16,88.48,2.6505
CAR145,33.79,20,50.2,2839.0,26.0,1,1,Rural,182.0,0.53,0.58,28.01,4.841
CAR015,26.88,20,64.5,2151.0,33.2,1,2,City,263.4,0.5,2.65,171.01,25.535999999999998
CAR057,6.93,10,56.1,2016.0,34.4,1,1,Highway,309.3,0.88,1.35,73.69,6.583499999999999
CAR081,20.71,20,44.3,2505.0,27.1,1,2,Highway,224.5,0.76,3.28,126.39,19.6745
CAR039,8.99,20,23.6,1479.0,21.7,1,2,Rural,348.5,0.24,0.72,16.51,2.669
CAR076,9.73,20,60.0,2132.0,29.9,0,2,Highway,448.3,0.39,2.62,157.7,9.2435
CAR139,6.86,10,42.3,3102.0,19.9,1,1,Highway,418.3,0.86,0.82,31.09,4.376
CAR057,6.03,10,41.6,1719.0,22.7,1,0,Highway,238.1,0.33,3.31,135.95,5.7285
CAR179,29.73,0,30.7,2331.0,25.8,1,1,Rural,147.6,0.83,4.33,117.7,13.945
CAR120,17.62,10,35.0,1018.0,28.0,0,1,City,174.5,0.61,3.23,115.98,14.511
CAR194,11.18,20,40.5,2621.0,45.1,1,2,City,224.6,0.18,4.2,161.24,10.620999999999999
CAR120,26.68,10,42.7,,,0,2,City,449.4,0.54,2.76,118.1,16.256
CAR138,17.03,85,79.1,2227.0,16.1,0,2,Rural,336.5,0.08,0.82,63.21,16.1785
CAR077,39.43,20,42.0,7529.909645546193,30.2,1,1,City,188.8,0.87,0.86,37.83,6.629
CAR059,32.23,20,92.3,2447.0,33.9,1,2,City,269.8,0.11,3.84,351.97,30.618499999999994
CAR078,9.66,0,62.0,2420.0,31.7,1,2,Highway,,0.41,3.91,219.4,9.177
CAR021,24.6,20,70.7,1905.0,29.2,0,0,City,445.0,0.27,1.73,110.77,15.789
CAR179,23.89,10,31.7,2791.0,40.6,1,0,Highway,301.4,0.22,4.15,126.17,15.328
CAR181,37.31,20,36.9,1622.0,38.9,1,0,Highway,440.6,0.38,1.67,52.97,6.955
CAR109,36.93,20,,1549.0,30.4,1,2,City,206.0,0.19,0.73,29.7,4.741
CAR068,20.37,10,54.4,2507.0,25.6,0,2,Rural,138.4,0.07,1.92,107.66,13.944
CAR031,21.38,20,43.7,2231.0,32.5,0,1,Highway,265.5,0.07,3.88,175.15,20.310999999999996
CAR032,43.91,20,66.4,2914.0,32.6,1,2,City,244.4,0.56,1.27,76.35,14.796
CAR019,9.51,10,45.1,3108.0,34.4,1,1,Rural,111.9,0.32,0.49,20.8,2.5
CAR054,19.46,0,40.7,10470.844149397568,32.7,0,1,City,439.6,0.76,0.76,27.25,3.286
CAR074,25.26,10,31.9,3006.0,15.9,1,1,Rural,143.9,0.58,3.15,98.63,13.434
CAR105,35.55,85,68.9,2231.0,41.7,1,0,Highway,197.0,0.62,2.03,128.78,33.772499999999994
CAR012,31.41,20,50.6,1950.0,30.3,0,0,City,80.3,0.14,2.22,107.57,14.042
CAR044,19.81,10,92.3,2521.0,5.0,1,0,City,345.5,0.35,3.81,352.81,18.819499999999998
CAR155,16.41,10,46.0,1900.0,24.1,0,0,Highway,184.8,0.17,1.9,77.26,6.869
CAR022,4.47,20,38.7,1975.0,23.5,1,0,City,250.5,0.43,2.18,77.92,4.246499999999999
CAR065,5.13,0,59.9,2646.0,26.7,1,1,Highway,159.3,0.28,0.55,29.76,2.523
CAR089,28.49,10,91.3,2056.0,31.9,0,1,Highway,158.7,0.79,3.94,348.52,27.065499999999997
CAR114,5.73,85,31.9,1583.0,39.8,0,1,Rural,409.3,0.29,0.72,22.69,5.4435
CAR056,2.06,20,59.5,1669.0,38.5,1,2,Highway,431.9,0.57,2.53,142.9,1.9569999999999999
CAR196,18.4,85,68.9,1672.0,38.6,0,1,Highway,386.3,0.87,2.16,151.35,17.479999999999997
CAR117,9.25,20,41.9,2423.0,21.6,0,1,Highway,422.3,0.78,2.62,113.81,8.7875
CAR103,42.14,10,29.2,1198.0,36.7,1,0,City,360.1,0.72,2.75,70.33,8.945
CAR198,35.09,10,12.0,1961.0,37.9,1,1,Rural,269.9,0.7,1.77,21.9,3.038
CAR101,41.43,10,30.9,2407.0,31.9,0,2,Highway,319.8,0.19,0.63,16.74,1.877
CAR048,24.71,20,51.5,2480.0,27.7,0,2,City,211.7,0.84,4.08,210.01,23.4745
CAR077,33.94,20,37.3,2110.0,20.7,0,0,Highway,,0.37,3.19,120.68,12.977
CAR022,7.97,10,53.2,2306.0,19.0,1,1,Highway,118.5,0.56,2.3,112.95,7.5714999999999995
CAR086,30.47,0,45.5,3180.0,33.1,1,2,City,199.2,0.39,4.36,192.04,20.92
CAR092,5.87,10,15.5,3799.0,35.8,0,2,Highway,111.5,0.69,3.44,45.44,5.5765
CAR154,10.44,85,83.3,1856.0,,1,1,Highway,159.5,0.47,1.53,116.7,9.918
CAR168,3.42,20,64.2,2097.0,10.6,1,0,City,283.1,0.38,3.97,238.1,3.2489999999999997
CAR112,32.22,0,68.7,2605.0,21.0,0,0,City,396.3,0.76,0.82,57.24,5.63
CAR190,30.9,10,70.5,1935.0,,1,0,Highway,147.4,0.67,1.22,89.2,9.199
CAR052,40.32,20,52.1,1988.0,33.5,1,2,City,341.8,0.39,4.22,214.29,38.303999999999995
CAR044,17.9,10,45.3,2278.0,33.0,1,2,Rural,336.0,0.52,3.3,139.79,17.005
CAR072,36.38,20,49.4,2599.0,37.3,0,2,City,229.6,0.57,0.35,17.6,3.3
CAR104,6.39,85,64.6,2749.0,18.6,0,1,City,165.4,0.62,2.26,152.45,6.070499999999999
CAR198,26.72,85,35.3,2178.0,17.7,1,0,City,165.8,0.24,2.41,75.82,24.767
CAR153,23.42,85,31.9,2048.0,30.7,1,0,City,377.4,0.89,0.23,6.86,2.473
CAR109,33.27,10,45.1,2147.0,17.9,1,1,Highway,289.3,0.12,3.38,144.23,15.91
CAR008,2.68,20,56.8,1834.0,32.1,1,2,,239.0,0.83,4.07,231.39,2.546
CAR049,26.07,0,69.9,2885.0,24.2,0,2,City,271.0,0.37,3.63,260.32,24.7665
CAR125,15.63,10,23.251905843093176,2390.0,24.2,1,0,Highway,103.8,0.85,2.88,12.89,1.524
CAR032,10.67,85,32.8,3356.0,27.0,1,1,Highway,201.2,0.56,3.78,128.3,10.1365
CAR027,20.06,20,61.8,2395.0,27.1,0,1,City,130.0,0.44,3.07,169.95,19.057
CAR147,44.91,20,84.9,1893.0,42.8,1,1,City,101.3,0.42,4.14,365.06,42.6645
CAR041,10.2,20,61.9,2699.0,22.6,1,1,City,204.4,0.54,4.05,243.03,9.69
CAR124,18.08,20,95.1,1970.0,32.9,1,0,Rural,381.0,0.77,2.85,257.89,17.176
CAR035,11.37,10,57.1,1830.0,22.5,0,1,,211.5,0.53,1.42,74.23,8.219
CAR038,13.03,0,77.6,2238.0,36.1,1,0,,159.2,0.17,4.49,328.34,12.378499999999999
CAR167,43.31,0,64.0,1753.0,25.1,1,1,City,210.7,0.4,3.25,203.15,20.336
CAR196,5.65,20,49.3,,28.0,1,0,City,353.5,0.2,1.23,62.37,5.3675
CAR153,35.18,10,86.8,2058.0,36.3,0,2,City,222.7,0.79,3.28,285.0,33.421
CAR065,21.7,10,51.5,2207.0,23.3,1,1,Rural,186.3,0.82,1.88,97.61,13.404
CAR169,27.12,10,,2032.0,19.8,0,1,Highway,85.4,0.48,1.56,119.07,11.878
CAR143,20.76,20,13.5,1875.0,32.0,0,2,Highway,309.2,0.19,3.01,37.38,4.941
CAR052,18.11,85,9.3,2536.0,35.6,0,1,City,73.5,0.28,2.77,22.92,7.488
CAR191,44.94,85,71.3,2240.0,28.0,1,0,Highway,334.9,0.83,3.09,210.12,42.693
CAR054,10.87,10,30.1,1569.0,15.7,0,0,Highway,225.1,0.47,0.46,13.63,1.198
CAR110,42.93,10,72.1,2641.0,31.0,0,2,Highway,125.2,0.38,0.37,24.74,3.053
CAR070,11.94,85,65.1,1530.0,25.8,0,2,City,439.0,0.44,3.14,177.65,11.342999999999998
CAR041,20.44,20,15.9,1888.0,11.5,0,2,City,392.0,0.24,1.15,18.53,3.089
CAR108,27.22,10,55.8,2581.0,33.3,0,0,Rural,71.8,0.38,2.93,158.19,15.176
CAR129,35.56,85,52.0,2482.0,14.9,1,1,,277.1,0.37,2.84,143.43,33.782000000000004
CAR149,25.04,10,5.0,2622.0,30.2,1,2,Highway,429.5,0.64,0.41,2.05,0.277
CAR189,40.44,10,69.6,2444.0,20.8,0,0,Rural,444.9,0.52,2.48,147.13,15.498
CAR096,7.44,0,42.6,2969.0,28.0,0,2,City,351.1,0.26,0.79,31.39,3.571
CAR120,9.64,20,15.7,2372.0,41.8,1,1,Highway,372.3,0.26,1.7,25.84,4.082
CAR193,34.38,20,68.9,,17.4,0,0,City,,0.71,1.34,95.09,14.213
CAR160,3.1,20,16.2,1569.0,23.0,1,0,Rural,247.7,0.7,0.36,5.06,0.759
CAR187,8.06,10,74.3,3610.0,24.2,0,0,City,158.5,0.55,0.42,30.7,3.839
CAR187,37.19,10,306.46011901196806,2362.0,31.0,1,1,City,154.4,0.67,2.63,176.76,24.795
CAR177,44.39,10,74.9,2149.0,36.1,1,2,City,410.7,0.64,3.67,244.14,39.88
CAR079,26.69,0,55.8,2492.0,30.4,1,1,City,363.6,0.59,0.83,47.35,5.46
CAR095,24.02,20,22.0,1560.0,15.8,0,1,Highway,356.5,0.72,3.17,71.22,10.598
CAR146,10.91,10,33.7,2225.0,27.6,1,0,City,83.0,0.82,4.42,155.94,10.3645
CAR070,5.6,20,71.4,2593.0,17.4,0,2,City,296.3,0.88,1.5,106.86,5.319999999999999
CAR118,3.87,20,14.0,2642.0,29.5,1,1,City,407.3,0.39,4.29,55.03,3.6765
CAR176,9.23,20,,1923.0,43.0,0,2,City,131.3,0.3,2.02,96.8,8.7685
CAR113,31.23,0,41.8,1565.0,24.3,0,0,Highway,239.5,0.84,2.58,97.02,7.214
CAR108,28.44,10,50.5,1912.0,27.0,1,0,Rural,241.0,0.05,0.88,40.27,4.339
CAR008,5.11,85,57.8,2136.0,38.9,1,1,Highway,349.2,0.75,3.25,167.55,4.8545
CAR059,37.66,20,36.5,2557.0,37.0,1,1,City,393.4,0.19,4.19,147.33,25.151
CAR026,31.85,20,62.7,2370.0,33.2,1,0,City,,0.71,0.8,42.74,7.255
CAR062,8.01,10,85.1,1259.0,33.0,0,0,Highway,195.5,0.74,3.46,285.77,7.6095
CAR103,41.74,20,49.8,1424.0,35.3,1,0,,332.0,0.43,3.12,153.19,23.148
CAR165,12.89,10,320.87630063468583,3133.0,29.3,1,1,City,369.2,0.16,3.91,269.52,12.2455
CAR046,2.31,10,32.2,1367.0,21.0,1,2,Highway,421.2,0.75,1.64,46.46,2.1945
CAR093,3.47,10,36.8,2372.0,38.6,1,1,City,444.9,0.51,0.96,31.8,3.2965
CAR040,13.58,20,51.3,,23.9,0,1,Rural,167.8,0.38,2.17,112.67,12.901
CAR008,8.23,0,21.6,2685.0,37.3,1,2,City,343.5,0.05,0.58,12.45,1.455
CAR120,28.28,10,47.3,2470.0,30.6,1,1,City,189.5,0.13,4.26,205.07,25.079
CAR161,43.49,10,44.0,3280.0,44.5,0,0,Highway,113.3,0.44,0.87,36.51,4.35
CAR167,34.3,10,55.8,2814.0,24.3,1,2,City,135.0,0.36,1.47,78.91,11.391
CAR155,39.94,10,62.9,2188.0,27.7,0,0,City,251.1,0.61,1.77,101.84,12.087
CAR006,33.05,20,233.44913466465547,2141.0,17.9,0,2,Highway,323.3,0.29,3.77,164.37,24.384
CAR033,4.33,20,81.7,2416.0,28.6,1,1,City,134.2,0.61,4.18,311.04,4.1135
CAR078,36.18,85,97.9,2284.0,22.7,1,2,Rural,360.5,0.15,4.1,368.73,34.370999999999995
CAR132,19.83,0,49.8,1473.0,26.0,1,0,Highway,309.7,0.29,1.7,83.98,4.388
CAR002,41.45,10,59.1,3848.0,28.2,1,2,City,300.0,0.49,3.38,176.89,28.883
CAR010,13.07,10,,2437.0,21.0,1,2,City,128.9,0.35,0.5,22.22,3.167
CAR146,8.65,10,49.1,2144.0,32.6,1,1,City,414.3,0.66,3.33,150.7,8.2175
CAR178,22.13,85,25.4,,25.9,1,0,City,156.0,0.62,1.84,40.74,13.613
CAR140,36.14,10,64.5,1260.0,37.8,1,0,,268.8,0.71,0.52,32.21,3.919
CAR137,7.2,20,21.5,2543.0,16.6,1,2,City,208.6,0.18,4.25,82.82,6.84
CAR158,44.22,10,68.6,1574.0,,1,0,City,277.4,0.66,4.19,263.37,35.542
CAR146,41.18,10,49.3,1434.0,36.3,0,0,Highway,409.0,0.56,2.12,97.83,11.149
CAR088,43.99,20,36.1,1726.0,31.2,1,1,highway,108.6,0.77,0.88,30.76,4.692
CAR118,39.97,85,42.9,1336.0,29.9,0,1,Highway,160.5,0.86,3.25,132.23,37.9715
CAR128,44.73,20,65.6,2913.0,20.6,1,2,City,,0.75,0.76,49.69,10.056
CAR140,10.36,20,19.7,2186.0,16.3,0,2,City,264.5,0.63,1.25,25.71,4.695
CAR078,16.01,20,61.3,2692.0,28.7,1,2,City,442.2,0.16,4.0,232.68,15.2095
CAR068,19.33,20,83.9,1564.0,20.2,1,1,Rural,344.3,0.58,0.84,65.71,10.845
CAR068,32.8,10,75.5,2567.0,35.6,1,0,Rural,283.5,0.65,2.2,153.3,18.126
CAR046,6.77,85,83.1,,22.6,1,0,,117.2,0.3,2.36,168.7,6.431499999999999
CAR149,12.85,10,65.7,2268.0,25.2,0,2,,266.0,0.24,2.48,141.55,12.2075
CAR015,19.52,20,38.0,2623.0,20.9,0,1,Highway,134.5,0.5,0.93,32.46,4.436
CAR184,36.9,10,22.8,6432.546024706128,22.2,0,2,Highway,297.3,0.24,3.19,74.67,7.594
CAR026,39.51,10,25.1,1019.0,25.9,0,0,Rural,327.6,0.65,0.43,10.28,1.243
CAR084,44.72,20,52.8,2584.0,38.0,0,1,,142.1,0.4,3.39,156.5,22.727
CAR063,42.05,20,7.9,1694.0,14.2,1,2,City,209.1,0.79,2.79,19.55,3.743
CAR023,3.85,10,51.3,2371.0,23.0,1,0,City,401.2,0.47,3.9,173.66,3.6574999999999998
CAR046,21.45,10,55.0,2880.0,32.3,1,0,Rural,276.1,0.09,1.07,58.34,6.103
CAR102,37.61,10,64.2,2674.0,34.4,1,0,City,173.3,0.72,1.28,71.36,9.725
CAR089,10.67,20,71.0,2041.0,29.9,1,1,City,206.3,0.58,2.43,180.35,10.1365
CAR009,2.61,85,57.9,2190.0,,1,0,Highway,106.1,0.06,2.01,113.5,2.4795
CAR192,44.58,0,85.2,,26.3,1,0,City,367.1,0.47,3.41,252.01,23.32
CAR175,43.47,0,49.7,2266.0,,0,1,Highway,201.5,0.09,1.18,52.52,3.851
CAR044,2.67,10,46.6,2352.0,26.4,1,0,Rural,,0.69,0.75,34.7,2.5364999999999998
CAR179,39.2,10,92.6,1563.0,33.1,1,0,Highway,244.9,0.47,4.27,411.48,37.24
CAR094,39.55,20,30.9,2373.0,28.5,0,1,City,246.9,0.15,0.67,17.8,2.63
CAR026,19.21,20,5.0,1605.0,18.5,1,1,city,98.3,0.09,3.65,16.14,2.431
CAR181,23.09,10,10.7,2139.0,24.6,1,1,City,228.4,0.36,2.75,30.74,4.189
CAR081,34.02,10,67.4,2904.0,35.7,1,0,Rural,412.5,0.15,3.78,247.42,29.809
CAR147,33.94,20,,2653.0,23.9,1,0,City,201.0,0.13,0.47,10.24,1.395
CAR105,33.73,10,53.4,1583.0,31.3,0,1,City,109.1,0.59,3.77,200.99,25.669
CAR136,4.89,85,39.0,1760.0,31.4,1,2,City,217.2,0.36,0.97,39.15,4.645499999999999
CAR149,31.49,85,67.0,2352.0,42.0,1,1,City,368.4,0.87,2.45,162.67,29.915499999999998
CAR132,10.89,0,25.5,1580.0,27.8,0,0,City,177.7,0.67,1.1,26.64,2.158
CAR008,39.91,20,,1459.0,34.1,1,2,City,323.8,0.1,4.27,128.9,22.272
CAR033,30.0,20,75.8,2175.0,20.4,1,0,City,250.7,0.24,2.2,146.57,20.93
CAR012,20.59,10,41.2,3034.0,16.1,0,2,City,257.7,0.36,2.77,98.52,14.604
CAR100,41.82,20,58.4,2151.0,40.4,1,0,City,258.8,0.51,0.85,42.44,7.195
CAR197,22.22,20,58.6,1276.0,13.7,1,2,City,389.1,0.85,0.91,47.34,8.825
CAR018,10.05,85,44.2,2743.0,18.6,1,0,Rural,343.6,0.11,1.08,48.61,9.5475
CAR145,18.39,20,91.3,1164.0,39.6,1,1,City,294.7,0.68,2.21,190.24,17.4705
CAR123,24.23,85,77.4,1922.0,29.7,1,0,Rural,437.2,0.16,1.11,85.56,23.0185
CAR147,36.62,10,57.7,3015.0,38.1,0,1,City,,0.38,1.43,72.15,9.751
CAR080,19.23,0,65.0,1707.0,34.5,1,2,City,339.4,0.7,3.45,220.67,18.2685
CAR198,2.2,85,11.4,2955.0,25.4,1,0,City,373.6,0.09,1.34,14.16,2.09
CAR048,35.12,0,61.0,1180.0,31.1,1,1,Rural,272.6,0.58,1.34,77.56,8.254
CAR093,43.88,10,29.6,1868.0,31.5,1,1,City,234.4,0.11,2.44,64.32,8.256
CAR082,5.09,10,16.8,1204.0,21.9,1,0,Highway,144.0,0.23,2.68,46.7,4.241
CAR039,19.16,20,35.7,2262.0,16.1,1,1,Rural,178.7,0.1,0.72,24.6,3.528
CAR003,10.3,0,35.7,1495.0,23.5,1,0,Highway,330.8,0.3,3.46,127.34,8.254
CAR145,26.03,20,71.7,2144.0,20.2,1,2,City,383.9,0.05,3.53,250.6,24.7285
CAR122,37.33,20,68.5,2011.0,30.9,0,0,Rural,229.7,0.63,2.91,196.81,27.899
CAR033,34.24,20,82.0,2537.0,35.5,1,0,Highway,443.2,0.16,0.28,21.5,2.816
CAR108,32.43,10,44.1,1652.0,25.9,0,2,Highway,215.7,0.05,1.41,61.92,6.503
CAR062,20.32,10,50.3,2084.0,36.7,0,0,City,446.1,0.65,2.64,133.03,16.823
CAR058,7.49,0,49.3,2146.0,7.7,0,0,Highway,259.8,0.55,1.78,77.06,5.894
CAR108,21.19,20,71.8,2275.0,13.1,1,0,City,386.8,0.11,0.71,50.66,7.239
CAR015,35.54,10,55.7,2113.0,20.7,0,0,Rural,,0.79,3.7,209.29,22.927
CAR039,18.34,0,52.1,1985.0,34.2,0,1,City,375.8,0.8,1.79,97.21,11.168
CAR007,12.62,85,36.7,2056.0,29.7,1,2,Highway,217.8,0.32,1.63,57.12,11.988999999999999
CAR143,33.26,20,63.5,2756.0,15.1,1,2,Highway,336.4,0.33,2.34,135.84,22.261
CAR067,8.95,10,18.5,1916.0,40.1,1,1,City,,0.74,1.79,31.48,4.839
CAR173,11.86,0,67.2,830.0,25.3,1,1,Highway,395.5,0.59,1.64,104.77,8.442
CAR020,12.19,20,51.0,2144.0,16.8,0,1,Highway,396.0,0.4,1.88,89.8,11.580499999999999
CAR095,27.05,20,61.6,2300.0,47.8,0,1,Highway,225.1,0.61,3.86,207.48,25.697499999999998
CAR097,44.1,20,71.3,1703.0,24.1,0,0,City,319.0,0.51,4.45,329.16,41.894999999999996
CAR015,7.22,10,37.3,2064.0,31.1,0,1,Rural,,0.51,2.67,92.2,6.858999999999999
CAR093,42.97,20,47.5,3129.0,23.3,1,2,Highway,171.2,0.38,4.35,208.29,35.303
CAR012,27.7,10,43.2,2324.0,18.0,1,1,Rural,98.1,0.78,0.85,31.5,4.272
CAR097,4.83,10,71.1,1307.0,18.9,0,2,City,162.8,0.45,3.72,227.09,4.5885
CAR093,13.01,20,40.8,1943.0,37.4,0,0,Rural,187.2,0.34,1.21,49.48,7.058
CAR195,41.18,0,44.5,2974.0,21.3,0,1,Highway,331.8,0.18,2.97,114.73,9.434
CAR151,21.81,0,53.5,923.0,46.7,1,1,City,185.1,0.46,2.33,109.16,13.496
CAR140,37.07,20,54.6,2443.0,27.5,0,1,City,188.5,0.06,4.04,198.76,29.46
CAR136,25.35,20,48.5,2616.0,37.9,1,1,City,95.8,0.09,1.92,80.0,12.768
CAR172,41.83,20,49.6,1610.0,29.9,1,1,City,185.4,0.21,0.31,15.43,2.269
CAR003,26.79,20,,1521.0,19.6,0,0,Highway,439.5,0.13,0.42,25.79,3.328
CAR084,15.28,10,25.8,2273.0,24.7,1,0,Rural,366.9,0.27,2.06,50.25,6.316
CAR146,33.37,10,90.2,989.0,35.1,0,0,Highway,268.0,0.85,4.3,403.39,31.701499999999996
CAR140,32.96,85,,2082.0,16.6,1,0,Highway,347.7,0.89,2.98,204.81,31.311999999999998
CAR114,31.11,10,42.1,2266.0,23.3,1,1,city,313.1,0.23,3.59,142.68,19.787
CAR130,25.12,20,54.7,2140.0,26.2,0,0,city,369.4,0.56,0.52,28.54,4.205
CAR139,26.52,20,31.8,1782.0,,1,0,City,98.9,0.28,1.03,32.01,4.302
CAR126,18.66,10,46.8,,30.2,1,0,Highway,198.9,0.17,2.43,104.98,10.208
CAR118,33.01,20,79.4,,33.8,1,1,City,123.0,0.15,2.73,205.08,31.359499999999997
CAR138,27.3,0,33.1,1913.0,9.5,0,2,Rural,434.2,0.68,0.37,11.41,1.136
CAR072,42.25,10,54.9,891.0,34.9,0,2,City,186.4,0.12,1.27,70.53,8.478
CAR187,9.41,20,29.8,1911.0,45.1,1,2,Rural,359.5,0.62,1.14,28.92,5.554
CAR068,18.63,20,70.2,1805.0,35.0,1,1,City,227.6,0.06,2.07,127.26,17.6985
CAR047,8.42,10,66.3,3785.0,41.8,0,1,,341.7,0.26,4.35,263.58,7.999
CAR064,5.58,20,53.2,2089.0,29.8,0,2,Rural,119.3,0.62,2.36,113.43,5.301
CAR186,11.46,0,9.5,1687.0,27.0,1,1,City,282.5,0.07,2.47,23.35,2.104
CAR117,36.84,20,75.9,,19.9,1,1,Highway,123.8,0.41,2.18,160.74,22.783
CAR166,14.48,20,53.0,2748.0,25.9,0,0,City,88.8,0.57,2.8,133.92,13.756
CAR141,44.27,10,,2244.0,34.8,1,1,Highway,395.0,0.29,1.18,73.82,8.628
CAR109,34.06,0,52.5,2327.0,16.5,1,1,Rural,361.7,0.17,0.78,35.78,3.346
CAR127,28.16,10,52.3,1952.0,21.9,1,2,City,255.2,0.84,3.84,185.62,26.752
CAR102,29.83,0,63.1,700.0,15.6,1,2,City,444.5,0.77,3.8,224.04,28.338499999999996
CAR086,7.89,20,25.0,2202.0,15.5,1,0,Rural,164.2,0.64,3.3,85.39,7.495499999999999
CAR128,32.75,10,48.0,1872.0,22.5,0,0,Highway,287.9,0.76,3.97,198.14,19.686
CAR166,44.89,20,49.3,1155.0,23.5,0,0,Highway,163.8,0.11,3.64,166.45,17.842
CAR065,24.01,10,58.9,2392.0,41.3,0,0,City,347.0,0.25,3.42,190.21,22.8095
CAR126,32.71,0,35.2,2127.0,19.6,1,0,City,354.0,0.29,4.39,149.96,14.744
CAR053,7.46,20,172.99417947261324,2266.0,32.6,0,1,Highway,383.1,0.52,2.31,73.2,7.087
CAR071,36.61,85,35.5,2567.0,18.0,0,1,City,317.8,0.31,1.5,50.82,16.902
CAR087,7.36,10,42.0,9233.816067723314,17.8,1,2,Rural,97.0,0.73,2.89,121.82,6.992
CAR150,3.78,20,41.7,2877.0,23.9,1,2,City,215.7,0.19,3.1,133.32,3.5909999999999997
CAR142,3.56,10,25.5,,21.5,1,0,City,120.0,0.14,4.07,102.35,3.3819999999999997
CAR186,9.76,85,70.5,2670.0,,1,1,City,334.1,0.1,2.4,146.39,9.272
CAR068,36.9,20,34.8,1209.0,23.0,1,2,Highway,323.4,0.55,2.05,68.1,10.18
CAR106,19.92,10,70.2,700.0,23.7,1,0,City,369.8,0.16,3.12,223.41,18.924
CAR033,42.64,20,26.5,1973.0,33.7,1,2,City,445.4,0.63,2.77,69.65,12.627
CAR126,7.63,10,5.0,2805.0,27.1,1,2,City,277.6,0.11,0.59,2.9,0.446
CAR108,6.4,10,31.0,3075.0,21.7,1,1,City,235.5,0.18,1.97,53.84,6.08
CAR029,26.38,85,48.2,2813.0,34.9,0,1,City,306.2,0.1,2.75,129.9,25.060999999999996
CAR042,40.0,20,44.9,2388.0,26.2,0,0,City,321.7,0.19,3.2,141.13,21.29
CAR010,42.48,20,40.1,2958.0,31.0,0,2,City,156.7,0.1,2.01,82.12,13.621
CAR014,12.01,0,33.1,,26.6,0,2,City,311.4,0.6,3.19,92.28,10.263
CAR190,33.41,85,108.8,3087.0,30.8,0,0,City,154.7,0.77,1.78,199.13,31.739499999999996
CAR151,14.6,20,53.2,2137.0,35.1,0,0,City,372.7,0.45,2.83,138.79,13.87
CAR103,35.01,20,50.7,3071.0,27.0,0,2,City,239.7,0.48,2.93,126.92,21.708
CAR103,31.93,20,54.5,2164.0,45.2,0,0,Highway,382.6,0.61,3.67,192.32,28.557
CAR126,17.21,0,87.3,2042.0,37.8,1,0,Rural,273.0,0.25,3.64,290.3,16.3495
CAR041,37.06,10,63.5,3034.0,38.9,0,0,Rural,120.7,0.46,1.12,66.46,8.115
CAR019,18.18,0,27.7,1885.0,16.6,1,0,Rural,395.0,0.69,1.95,46.48,4.386
CAR194,18.97,85,39.7,2965.0,29.2,1,1,City,404.1,0.38,0.58,19.67,7.005
CAR167,34.68,10,66.3,3304.0,28.8,1,1,City,392.8,0.2,0.63,43.84,6.312
CAR194,29.56,20,76.9,1768.0,25.8,0,1,City,157.3,0.77,4.22,279.45,28.081999999999997
CAR015,16.99,20,77.6,2481.0,5.0,0,2,Highway,428.8,0.55,0.41,29.82,4.609
CAR090,42.63,10,41.2,1991.0,23.8,1,2,Highway,158.6,0.43,3.69,140.94,17.758
CAR181,27.94,85,49.8,2271.0,22.9,0,0,Highway,94.9,0.64,4.13,190.82,26.543
CAR103,15.77,10,26.4,2031.0,25.6,1,0,City,398.5,0.56,2.88,68.69,8.778
CAR190,29.44,10,59.8,3233.0,29.5,1,1,Rural,162.1,0.68,3.61,203.8,27.917
CAR143,21.53,20,36.5,2894.0,32.9,1,0,City,365.6,0.15,3.4,121.87,19.232
CAR148,29.28,0,57.9,2413.0,18.7,1,1,City,81.6,0.46,4.05,234.41,25.988
CAR022,6.57,85,75.0,2950.0,14.0,1,0,Rural,362.8,0.6,0.32,23.34,6.2415
CAR111,44.88,85,88.1,2666.0,32.4,1,2,City,285.5,0.42,1.19,90.36,33.247
CAR157,21.8,85,68.7,1830.0,,1,2,Highway,412.3,0.12,2.33,147.08,20.71
CAR022,31.5,20,20.1,1046.0,21.3,0,2,City,298.6,0.9,0.46,8.99,1.685
CAR126,21.8,10,105.7,2159.0,24.1,0,0,City,353.7,0.43,2.79,290.39,20.71
CAR056,17.32,85,16.0,1074.0,38.4,0,1,City,143.5,0.49,2.99,50.18,16.454
CAR098,24.31,10,26.5,1393.0,24.9,0,1,City,398.9,0.07,2.79,73.0,8.157
CAR064,27.36,0,25.8,1885.0,38.2,0,2,Highway,128.0,0.61,0.33,8.18,0.817
CAR039,7.98,20,60.5,1900.0,21.9,0,0,Highway,101.1,0.27,0.45,23.78,2.651
CAR117,31.43,10,49.1,2231.0,28.2,1,1,City,353.2,0.63,0.35,17.1,2.443
CAR018,16.22,20,93.2,,37.0,1,2,City,387.0,0.86,3.98,341.72,15.408999999999999
CAR128,40.59,10,85.5,1344.0,17.4,0,2,City,162.7,0.07,1.91,169.67,19.46
CAR127,12.4,20,324.13156745271885,2973.0,23.8,0,1,City,304.9,0.87,0.27,18.22,3.425
CAR145,41.98,10,64.6,2256.0,21.9,0,0,Rural,155.2,0.84,4.33,241.86,29.469
CAR167,7.37,85,53.4,2328.0,19.8,1,0,City,98.0,0.09,3.61,187.54,7.0015
CAR015,18.12,20,72.7,1646.0,33.7,1,0,City,411.4,0.08,2.51,171.32,17.214
CAR013,26.15,20,43.7,1323.0,20.2,0,1,Rural,124.2,0.87,3.94,161.08,24.842499999999998
CAR137,27.58,85,45.0,2332.0,28.2,0,0,City,412.4,0.88,0.72,29.26,10.242
CAR176,44.08,10,54.0,2615.0,29.4,1,1,,336.8,0.41,1.02,46.98,5.472
CAR099,19.38,10,52.4,2371.0,18.0,0,1,City,183.4,0.6,0.55,24.92,3.428
CAR070,28.88,20,62.0,2070.0,33.8,1,2,Highway,323.3,0.17,3.23,195.36,27.435999999999996
CAR071,4.82,20,60.3,2069.0,43.2,1,1,Highway,371.4,0.4,2.5,155.44,4.579
CAR189,23.5,10,23.4,3019.0,40.6,1,1,Highway,270.3,0.74,2.57,60.24,8.44
CAR156,18.69,85,83.3,2017.0,29.2,0,2,City,106.7,0.62,0.88,64.64,17.7555
CAR074,26.1,20,26.9,2451.0,27.1,0,0,City,105.2,0.05,0.29,6.8,0.928
CAR072,30.83,20,55.3,1656.0,12.8,1,0,Highway,254.5,0.45,1.91,90.06,11.864
CAR103,6.72,0,36.2,2058.0,24.6,0,0,Highway,125.5,0.77,3.6,129.3,6.3839999999999995
CAR160,22.48,20,40.8,2138.0,29.4,0,1,City,288.9,0.29,1.34,50.75,8.138
CAR124,10.53,20,23.5,2283.0,29.9,0,0,Highway,163.6,0.7,1.34,27.98,3.914
CAR049,4.06,20,246.47020193678765,3198.0,34.9,0,1,,137.3,0.68,1.58,86.36,3.8569999999999993
CAR090,22.76,85,56.7,1818.0,32.1,0,1,Rural,443.0,0.5,1.38,75.94,21.622
CAR139,6.93,0,74.5,3357.0,21.0,1,1,Highway,111.2,0.18,2.02,141.35,6.583499999999999
CAR199,28.83,20,57.8,2338.0,22.7,1,1,City,,0.32,4.29,235.11,27.388499999999997
CAR188,17.9,85,65.8,1751.0,27.2,1,0,Highway,163.1,0.16,2.15,123.99,17.005
CAR022,35.92,20,45.7,2308.0,20.6,0,2,City,94.5,0.53,2.35,101.54,17.892
CAR081,6.77,20,42.8,1834.0,28.8,0,1,Rural,355.0,0.8,3.4,147.79,6.431499999999999
CAR130,38.42,20,34.6,1910.0,36.1,1,0,Highway,242.6,0.46,2.73,93.36,12.348
CAR002,28.72,0,48.0,2804.0,19.2,0,2,Highway,288.7,0.29,4.45,186.68,16.269
CAR074,32.31,0,20.8,3058.0,14.0,1,0,City,424.6,0.66,3.25,63.78,7.407
CAR025,9.25,0,32.1,1714.0,27.4,1,1,Rural,334.9,0.85,2.44,68.78,7.743
CAR040,36.22,20,74.8,1997.0,26.5,1,0,Rural,374.7,0.18,1.05,74.51,10.896
CAR182,8.31,10,38.2,2427.0,22.3,1,2,Rural,130.2,0.17,3.95,153.49,7.8945
CAR151,33.34,0,,1807.0,,0,0,City,398.4,0.68,1.51,90.95,8.825
CAR103,31.52,10,28.9,700.0,23.7,0,1,City,232.0,0.35,3.17,88.49,10.288
CAR092,9.37,10,79.9,2045.0,18.0,0,0,City,,0.3,2.55,200.65,8.901499999999999
CAR014,22.36,20,36.9,2621.0,25.4,0,2,Highway,142.8,0.14,1.65,63.64,9.2
CAR080,35.75,10,38.0,3227.0,32.6,1,1,City,383.0,0.16,3.73,133.08,17.348
CAR186,21.86,20,32.6,2448.0,21.0,1,2,City,408.1,0.19,1.42,42.29,7.369
CAR077,19.54,10,45.2,3073.0,23.2,1,2,City,306.9,0.5,1.86,83.11,13.193
CAR060,12.79,10,52.9,2203.0,27.7,0,1,City,161.4,0.32,3.11,168.48,12.1505
CAR147,7.89,20,60.1,3099.0,22.3,1,0,City,194.6,0.65,2.47,129.5,7.495499999999999
CAR113,21.14,20,51.8,3128.0,,0,1,City,132.1,0.25,2.47,129.68,19.801
CAR119,7.09,20,63.0,2536.0,26.5,1,2,City,311.1,0.8,0.48,26.3,5.19
CAR091,39.08,10,42.1,1467.0,18.3,0,2,City,330.4,0.55,3.44,140.64,22.188
CAR056,44.42,20,48.9,2077.0,29.2,0,0,City,103.0,0.66,4.12,179.61,26.555
CAR045,10.87,0,54.5,1538.0,23.0,0,0,Rural,162.7,0.1,3.08,151.63,9.885
CAR039,8.49,10,51.1,2593.0,30.0,1,2,Highway,310.2,0.52,4.03,178.34,8.0655
CAR161,41.86,85,50.9,2207.0,16.5,0,2,Highway,347.0,0.75,3.01,158.39,39.766999999999996
CAR144,24.68,20,64.3,,27.5,0,0,Rural,196.9,0.17,0.74,48.75,6.446
CAR021,12.72,0,68.1,,20.4,1,1,Rural,355.0,0.5,0.73,48.22,4.709
CAR049,16.22,20,44.9,2800.0,20.7,0,1,Rural,408.2,0.35,4.31,192.56,15.408999999999999
CAR175,23.72,0,38.4,2039.0,16.8,1,2,Highway,141.7,0.39,2.17,74.18,7.766
CAR035,24.59,20,67.6,1608.0,36.3,0,1,Highway,347.0,0.21,2.67,173.83,23.318
CAR025,23.27,20,64.3,2535.0,17.5,0,2,City,339.8,0.71,1.54,96.82,17.562
CAR109,11.47,0,18.6,1330.0,14.8,1,1,City,99.3,0.87,4.24,81.5,9.007
CAR182,5.64,10,15.8,,22.0,1,0,Highway,430.9,0.37,1.48,24.17,2.713
CAR090,27.74,10,76.0,1912.0,32.0,0,1,,323.5,0.51,4.06,278.83,26.352999999999998
CAR085,19.57,85,93.7,1043.0,30.6,1,2,City,319.8,0.21,0.38,37.36,12.839
CAR078,2.74,10,55.0,3721.0,36.2,1,1,City,179.2,0.53,3.89,187.43,2.603
CAR164,43.04,10,292.5089755061121,1699.0,23.8,1,1,,307.9,0.09,4.35,285.39,35.66
CAR147,15.39,0,43.6,1258.0,27.7,0,1,Highway,224.3,0.63,3.31,143.15,11.179
CAR008,43.05,10,56.2,2899.0,32.9,0,1,City,239.8,0.88,4.44,219.82,31.856
CAR193,38.81,20,34.6,1254.0,27.8,0,1,Rural,405.8,0.33,3.55,121.85,17.813
CAR069,23.03,10,43.7,2309.0,32.6,1,0,City,363.4,0.72,3.72,161.14,21.475
CAR102,15.53,10,43.5,2379.0,19.0,0,0,Highway,95.9,0.27,1.8,79.75,7.514
CAR163,4.0,0,30.6,2084.0,22.1,0,1,,284.5,0.83,1.57,40.95,3.8
CAR008,31.45,10,92.7,2363.0,27.2,0,1,Highway,233.7,0.38,0.64,60.94,6.883
CAR129,15.96,20,36.0,2228.0,22.1,1,1,city,87.4,0.45,4.23,138.94,15.162
CAR029,31.21,10,71.4,14173.947568086953,31.5,0,0,Rural,92.6,0.27,4.14,267.91,28.696
CAR049,37.49,20,75.6,855.0,27.4,1,1,City,217.3,0.19,1.82,123.61,17.944
CAR151,20.16,85,42.8,2080.0,23.4,0,1,City,249.7,0.39,1.96,72.19,19.151999999999997
CAR044,39.71,10,30.3,2642.0,26.0,0,1,Highway,224.3,0.12,1.66,51.01,5.247
CAR119,9.78,0,52.9,2300.0,34.2,0,0,Highway,83.6,0.81,1.97,91.27,6.46
CAR144,39.68,10,,1875.0,24.8,1,1,City,182.3,0.44,0.35,10.13,1.161
CAR117,23.16,85,42.1,2497.0,24.9,1,1,Rural,393.1,0.81,3.77,143.22,22.002
CAR173,10.18,85,69.7,,27.5,0,1,City,356.4,0.9,2.47,163.27,9.671
CAR088,22.15,20,39.4,,45.0,1,2,City,380.6,0.72,3.62,143.4,21.042499999999997
CAR121,32.81,20,42.0,1883.0,20.4,0,0,Highway,344.8,0.52,3.67,145.23,18.028
CAR081,11.07,10,58.4,1820.0,26.6,0,0,Rural,186.8,0.81,4.33,235.75,10.5165
CAR102,11.33,0,56.2,2453.0,13.6,0,2,Highway,246.8,0.14,1.39,72.81,6.532
CAR065,13.54,10,67.3,700.0,33.1,0,0,Rural,192.9,0.85,3.09,208.82,12.862999999999998
CAR110,38.38,20,54.8,1623.0,32.7,0,0,,108.9,0.48,1.25,62.01,8.418
CAR065,12.53,10,69.7,1949.0,35.7,1,1,Highway,213.9,0.1,4.31,314.72,11.9035
CAR141,36.53,10,19.2,2208.0,18.6,0,0,City,209.1,0.12,4.45,80.69,8.554
CAR100,20.7,20,55.8,3407.0,27.8,1,1,City,162.9,0.27,1.98,103.08,18.662
CAR098,26.01,10,69.9,2588.0,32.6,1,1,,356.3,0.24,4.22,265.46,24.709500000000002
CAR035,44.21,20,69.5,1642.0,17.4,0,0,Rural,298.0,0.44,2.2,141.49,21.567
CAR170,6.25,0,53.4,1255.0,36.8,1,0,Rural,433.7,0.12,1.33,66.11,4.627
CAR110,40.9,20,5.0,2975.0,14.8,1,1,City,296.8,0.64,0.45,2.25,0.398
CAR104,40.13,20,25.2,2262.0,28.5,1,2,Rural,440.5,0.43,1.28,31.24,5.345
CAR042,15.8,10,65.4,1210.0,11.1,0,0,City,434.7,0.87,1.06,62.07,7.895
CAR154,3.5,20,27.7,2498.0,7.3,0,2,City,152.7,0.59,4.33,124.23,3.3249999999999997
CAR147,2.43,20,23.4,2784.0,36.2,0,1,City,344.9,0.79,2.55,62.09,2.3085
CAR105,25.24,10,72.3,1620.0,29.4,0,0,City,180.3,0.71,3.52,261.66,23.977999999999998
CAR127,41.55,85,38.3,2646.0,12.2,0,1,Rural,178.3,0.59,2.01,73.07,24.68
CAR061,5.67,20,50.7,1969.0,11.6,1,0,Highway,413.8,0.66,1.2,53.04,5.3865
CAR028,7.79,0,39.2,2493.0,35.9,1,2,Highway,121.4,0.16,0.85,29.95,2.663
CAR013,35.21,85,83.0,2609.0,28.0,0,0,Highway,,0.74,1.65,134.56,33.4495
CAR184,35.33,85,29.2,1755.0,27.3,0,1,City,282.4,0.06,2.74,73.12,23.538
CAR076,34.44,10,80.4,1412.0,24.7,1,2,Highway,76.2,0.15,2.18,171.74,19.458
CAR068,11.74,0,70.0,2442.0,34.4,1,0,Highway,286.8,0.06,4.15,270.31,11.153
CAR129,26.19,20,79.8,1920.0,23.2,1,2,Highway,,0.52,0.72,51.78,8.585
CAR112,33.49,0,62.8,2027.0,29.5,0,0,,129.8,0.48,2.15,140.32,8.984
CAR011,19.17,10,78.8,1304.0,21.0,1,2,City,386.9,0.71,3.83,308.27,18.2115
CAR138,39.78,0,74.1,1935.0,17.5,0,0,City,92.2,0.47,1.08,74.03,6.936
CAR121,3.93,20,99.7,1750.0,43.5,1,0,Highway,365.1,0.28,3.3,295.64,3.7335
CAR108,3.13,20,46.7,2075.0,10.0,1,0,City,,0.75,0.75,32.08,2.9734999999999996
CAR183,31.49,10,46.6,2054.0,18.1,0,1,City,155.6,0.47,3.19,152.41,20.5
CAR079,6.33,20,18.1,2448.0,37.4,0,2,Rural,227.9,0.87,0.32,5.66,1.01
CAR141,43.95,20,74.6,2936.0,32.0,0,1,City,194.5,0.33,4.26,282.85,41.7525
CAR066,41.58,20,50.4,2409.0,20.0,0,1,Highway,258.7,0.25,4.17,180.98,22.413
CAR168,24.85,20,44.7,1838.0,20.3,1,0,City,386.0,0.07,0.28,12.96,1.879
CAR028,33.37,10,41.0,2279.0,20.3,1,1,Rural,98.4,0.49,2.77,103.06,13.523
CAR066,35.65,10,62.8,2457.0,29.0,0,1,City,142.9,0.16,3.74,245.72,30.453
CAR151,9.94,10,68.5,1300.0,21.7,0,1,Highway,333.0,0.22,3.81,252.13,9.443
CAR094,40.89,10,62.5,2457.0,27.9,0,1,Highway,217.8,0.73,2.21,123.42,14.205
CAR082,6.93,20,18.6,2325.0,15.5,0,1,City,211.9,0.86,0.45,7.25,1.214
CAR063,10.05,10,10.2,2775.0,48.0,1,2,Highway,79.7,0.42,1.29,13.43,2.079
CAR178,27.57,20,26.6,3229.0,36.9,0,1,City,158.4,0.07,0.79,19.45,2.997
CAR193,41.49,20,41.7,2223.0,42.9,0,1,City,100.1,0.06,4.48,161.69,26.127
CAR062,9.68,0,60.9,2018.0,28.8,0,0,City,205.1,0.22,4.26,237.5,9.196
CAR066,27.13,20,27.1,2303.0,7.2,0,1,Rural,425.5,0.61,2.02,47.07,7.311
CAR156,2.52,0,70.2,1839.0,24.9,1,1,Highway,307.8,0.22,3.8,260.46,2.3939999999999997
CAR170,28.22,20,61.4,2061.0,39.4,0,2,,395.4,0.51,4.36,247.31,26.808999999999997
CAR072,17.12,20,42.5,1326.0,46.3,0,1,City,82.1,0.26,2.77,121.52,16.264
CAR016,42.89,20,64.2,1974.0,35.2,1,0,Rural,99.4,0.37,1.51,98.33,14.201
CAR093,42.35,20,33.6,2370.0,29.6,1,1,Rural,140.4,0.62,0.6,19.23,3.004
CAR167,37.1,85,66.5,2309.0,17.7,1,1,City,280.9,0.82,3.58,248.2,35.245
CAR060,4.56,20,95.9,,23.5,1,2,Highway,353.4,0.47,3.14,296.77,4.332
CAR041,15.63,20,6.2,2200.0,33.3,0,2,City,338.7,0.57,1.95,12.33,2.132
CAR033,24.44,10,50.6,1936.0,24.1,1,1,Rural,315.1,0.58,3.0,139.72,18.747
CAR020,29.01,10,61.3,1709.0,23.8,0,1,Rural,377.7,0.4,3.51,185.15,22.33
CAR103,7.26,10,42.3,2350.0,27.0,0,0,City,,0.38,1.2,48.94,4.798
CAR179,44.09,20,37.0,1861.0,28.8,0,0,Highway,201.5,0.18,0.67,21.8,2.491
CAR197,4.17,0,28.3,1400.0,35.7,1,1,Highway,207.0,0.19,4.33,104.69,3.9614999999999996
CAR168,40.55,10,38.3,3068.0,10.4,0,0,City,192.5,0.83,0.71,24.25,3.102
CAR021,23.48,20,53.0,,41.9,0,2,City,260.5,0.25,3.41,160.36,22.306
CAR195,7.51,10,10.8,2168.0,34.5,0,0,City,382.6,0.84,3.33,32.05,3.971
CAR097,19.02,20,,1619.0,22.7,0,1,City,352.9,0.42,3.1,197.16,18.069
CAR145,23.0,20,69.9,2635.0,18.1,0,2,City,295.1,0.57,1.38,91.37,15.114
CAR072,15.92,20,102.1,1639.0,30.8,1,1,Rural,391.9,0.15,4.2,427.68,15.123999999999999
CAR047,4.7,10,68.8,1180.0,43.6,0,0,Highway,269.6,0.81,0.92,63.75,4.465
CAR145,15.36,20,60.4,3580.0,30.0,0,0,Rural,259.3,0.42,0.78,47.47,6.974
CAR034,30.04,10,20.7,3083.0,21.5,0,1,City,437.4,0.51,1.8,32.98,4.804
CAR030,44.48,20,56.9,1760.0,23.6,0,0,Highway,356.7,0.36,1.4,70.94,9.198
CAR123,3.97,10,33.0,2229.0,20.3,0,2,City,444.7,0.3,4.26,129.26,3.7715
CAR019,15.93,20,54.4,2735.0,37.7,0,2,City,345.8,0.21,1.03,51.36,8.894
CAR132,9.22,10,37.8,1448.0,10.0,0,2,City,430.0,0.48,4.2,158.54,8.759
CAR162,18.13,20,67.2,2203.0,22.9,1,2,,144.7,0.4,3.0,185.76,17.223499999999998
CAR103,34.36,20,50.9,2202.0,31.2,1,1,City,76.9,0.28,2.16,105.4,17.318
CAR188,10.12,0,,2639.0,17.3,1,0,City,184.9,0.43,3.02,167.11,9.613999999999999
CAR135,25.79,20,,1336.0,19.7,0,1,Highway,304.5,0.36,1.34,80.08,10.462
CAR128,33.69,20,45.1,1637.0,18.4,0,1,Highway,117.4,0.83,1.83,85.0,12.037
CAR191,10.52,20,31.8,3039.0,26.6,1,1,Rural,101.0,0.72,1.88,58.86,9.802
CAR184,41.39,85,69.4,2316.0,22.3,0,1,City,161.1,0.59,2.4,174.44,39.320499999999996
CAR075,22.49,20,70.9,,23.7,0,2,Highway,116.3,0.68,3.71,266.8,21.365499999999997
CAR113,17.47,0,35.4,1552.0,24.4,0,0,Highway,447.3,0.66,4.27,137.77,10.755
CAR026,2.48,85,78.7,2279.0,29.9,1,2,Highway,132.2,0.22,3.95,315.87,2.356
CAR056,25.03,10,29.2,2120.0,23.3,1,0,City,,0.28,4.04,109.53,13.09
CAR186,10.09,10,27.5,2748.0,37.6,0,2,Highway,375.8,0.56,3.75,92.23,9.5855
CAR072,11.46,20,49.9,3605.0,39.1,1,0,City,173.0,0.54,2.42,117.26,10.887
CAR116,34.01,10,51.8,1487.0,26.8,0,0,Rural,,0.34,2.37,115.7,11.87
CAR054,13.29,10,55.5,2270.0,26.3,0,0,Rural,103.3,0.83,1.92,96.09,11.66
CAR107,36.38,10,31.2,1679.0,30.1,1,0,City,220.5,0.48,1.48,40.21,4.771
CAR122,32.16,10,31.7,1927.0,22.9,0,2,City,384.3,0.57,1.14,37.76,5.322
CAR007,25.25,20,30.9,1808.0,36.3,1,1,Highway,332.9,0.77,3.47,111.25,17.835
CAR060,22.28,20,47.4,3155.0,21.6,1,1,Highway,78.4,0.36,3.43,164.8,21.166
CAR129,44.54,10,59.8,1853.0,27.2,0,1,Rural,389.1,0.52,0.48,27.73,3.404
CAR071,14.38,10,,2607.0,18.3,1,1,City,300.9,0.87,4.09,177.59,13.661
CAR019,11.31,20,74.6,2230.0,33.0,0,2,Highway,158.8,0.88,0.78,49.83,7.491
CAR106,29.22,10,50.0,2797.0,24.1,1,0,City,173.5,0.32,2.56,122.3,15.583
CAR080,42.24,10,71.7,2876.0,9.6,0,1,Rural,163.3,0.38,3.66,257.46,31.93
CAR083,40.62,85,50.9,,37.6,1,2,City,282.7,0.57,0.89,45.87,17.318
CAR127,15.34,10,74.6,2799.0,39.5,1,2,City,392.1,0.69,3.71,251.94,14.572999999999999
CAR161,23.46,20,35.8,,23.8,0,0,City,277.2,0.79,0.28,8.57,1.416
CAR130,41.35,10,5.0,2129.0,48.0,1,2,City,82.1,0.27,2.06,9.21,1.468
CAR029,18.85,20,56.1,,34.6,1,1,City,102.8,0.34,2.97,167.04,17.9075
CAR113,28.68,20,30.2,,34.1,1,0,Highway,202.0,0.25,2.88,75.34,8.843
CAR001,21.27,85,33.6,3043.0,33.2,0,2,City,355.0,0.48,2.16,62.92,20.2065
CAR044,10.33,20,52.8,2870.0,43.1,0,2,City,150.7,0.05,0.21,10.34,1.821
CAR142,38.6,10,45.0,1253.0,32.6,1,2,Highway,418.2,0.4,1.86,81.69,10.619
CAR027,12.33,20,25.9,2457.0,21.8,1,2,Rural,271.8,0.32,2.86,69.1,11.7135
CAR112,22.6,0,47.3,2537.0,43.7,1,1,City,355.8,0.26,0.52,24.47,2.991
CAR073,42.63,20,50.1,1726.0,30.6,0,0,Rural,91.8,0.6,2.87,122.72,17.686
CAR152,25.76,20,47.7,1673.0,22.7,1,1,Rural,172.1,0.86,3.21,139.65,23.466
CAR102,36.28,20,87.1,2502.0,27.6,0,2,Highway,247.8,0.27,4.14,378.09,34.466
CAR142,29.68,20,40.9,2821.0,22.6,0,0,Highway,233.4,0.8,3.86,139.89,20.355
CAR145,22.79,10,13.1,1582.0,31.2,1,2,rural,382.2,0.5,4.31,54.05,7.546
CAR170,33.24,10,33.6,2208.0,29.4,1,1,City,178.9,0.8,4.12,128.55,19.483
CAR100,36.02,20,20.7,2542.0,21.3,0,1,Highway,72.0,0.88,0.89,17.51,2.527
CAR172,39.79,20,63.1,3269.0,29.8,0,1,City,220.0,0.42,1.53,101.15,17.623
CAR148,27.55,0,70.8,1732.0,25.0,1,0,City,216.1,0.24,3.71,247.88,18.708
CAR178,24.09,85,55.8,1578.0,32.3,1,0,Highway,262.3,0.34,3.71,189.49,22.8855
CAR182,14.43,10,68.3,1754.0,16.1,1,0,Highway,448.1,0.18,3.03,197.45,13.708499999999999
CAR114,43.7,20,55.5,1533.0,29.0,1,1,City,95.0,0.67,4.25,225.81,40.065
CAR111,40.06,85,36.7,1977.0,34.2,0,0,Rural,192.0,0.74,3.55,122.43,38.057
CAR120,2.7,20,51.9,2101.0,22.9,1,1,City,382.9,0.1,2.48,114.89,2.565
CAR130,37.97,0,55.0,3059.0,23.3,0,2,Highway,274.3,0.14,1.7,92.88,8.435
CAR195,27.9,85,50.1,2055.0,27.7,0,2,City,396.2,0.23,2.23,100.73,26.505
CAR061,7.74,10,34.0,,27.9,1,1,Highway,253.9,0.55,2.16,72.42,7.353
CAR103,42.5,20,58.7,2554.0,26.2,0,2,City,130.0,0.56,3.52,180.11,33.409
CAR078,38.41,20,55.0,,43.3,0,0,Highway,89.4,0.88,1.23,69.8,10.527
CAR058,36.14,85,48.9,1099.0,16.1,1,1,City,157.6,0.68,2.45,124.61,34.333
CAR021,40.26,20,10.7,1329.0,,0,1,City,161.4,0.14,2.25,23.29,3.392
CAR193,27.15,10,36.5,1762.0,35.8,1,1,City,234.5,0.23,2.5,92.43,12.217
CAR086,27.02,20,39.6,3322.0,24.1,1,0,City,177.5,0.68,1.53,55.75,9.071
CAR183,33.24,20,36.3,2622.0,8.7,1,0,City,389.4,0.61,3.49,120.98,19.932
CAR052,29.93,10,99.4,1908.0,25.3,1,2,Rural,254.8,0.18,0.74,70.81,9.072
CAR125,38.99,10,8.5,2603.0,26.5,1,1,Highway,328.8,0.5,0.29,2.15,0.253
CAR137,21.06,0,55.7,1709.0,33.2,1,1,Rural,357.5,0.76,1.72,84.55,9.152
CAR119,15.1,0,52.2,2312.0,29.7,1,0,City,173.4,0.24,1.84,93.61,8.301
CAR096,24.65,20,57.5,3141.0,14.0,1,1,Highway,375.8,0.08,1.73,92.08,13.902
CAR196,23.39,0,29.6,2316.0,36.8,0,0,,249.5,0.76,2.08,62.85,6.864
CAR126,28.65,10,44.8,1235.0,39.6,0,1,Rural,275.8,0.55,2.85,121.98,15.963
CAR107,22.67,20,26.9,1424.0,14.8,0,0,,335.5,0.26,4.49,110.07,15.315
CAR084,23.1,85,63.4,4096.0,30.1,0,1,City,263.9,0.17,1.66,98.71,21.945
CAR133,15.96,10,18.2,1862.0,35.6,1,1,City,394.5,0.42,0.24,3.86,0.53
CAR174,35.55,20,59.5,,32.4,0,2,City,286.6,0.24,0.74,37.62,6.191
CAR072,6.46,20,46.3,2852.0,13.1,0,0,Highway,318.5,0.26,3.54,143.08,6.137
CAR112,26.21,20,57.2,2902.0,28.5,1,2,,315.9,0.18,1.3,66.01,10.126
CAR063,3.14,20,21.6,2005.0,28.9,1,1,Rural,238.5,0.88,0.82,18.4,2.983
CAR190,40.59,10,59.8,1917.0,29.6,0,0,City,193.3,0.14,4.11,238.9,24.788
CAR058,3.8,20,26.7,2157.0,20.2,0,2,Rural,210.4,0.9,4.42,112.3,3.61
CAR131,29.74,10,52.2,2412.0,35.9,1,2,City,104.1,0.46,4.44,237.09,28.252999999999997
CAR019,44.59,20,24.2,2523.0,30.2,0,0,City,133.3,0.6,2.27,48.3,7.116
CAR003,35.32,10,31.5,2404.0,26.5,1,2,City,360.4,0.26,4.19,129.16,20.057
CAR166,10.01,20,34.4,2149.0,29.5,0,2,,331.5,0.54,1.17,41.1,7.303
CAR014,35.18,20,71.6,1568.0,30.0,1,0,Rural,237.1,0.12,3.9,266.55,33.421
CAR188,36.79,10,69.0,2264.0,24.6,0,2,,272.4,0.31,2.42,167.75,20.917
CAR139,14.83,20,55.4,2835.0,35.0,0,2,City,255.8,0.06,0.53,26.57,4.473
CAR040,6.13,20,52.1,2101.0,37.8,1,1,Highway,376.4,0.7,4.02,183.0,5.823499999999999
CAR004,34.71,20,61.8,,22.4,0,0,City,444.7,0.37,1.21,77.58,11.198
CAR042,43.37,85,51.8,1210.0,23.4,1,2,Highway,115.9,0.42,4.22,191.96,41.201499999999996
CAR045,31.91,85,50.8,2726.0,24.1,1,0,Highway,85.9,0.81,1.6,70.19,22.466
CAR105,39.97,20,50.9,1657.0,13.7,1,1,Highway,121.8,0.13,1.53,70.67,9.431
CAR137,27.36,10,62.2,1668.0,30.5,0,2,Highway,137.6,0.86,0.78,45.0,5.812
CAR151,10.0,0,52.3,3120.0,22.3,0,1,City,418.6,0.52,1.6,80.24,9.055
CAR147,19.64,10,45.9,2287.0,25.3,0,2,City,149.9,0.54,0.68,30.83,4.303
CAR175,27.31,20,54.0,2803.0,16.3,1,0,City,373.8,0.37,4.41,234.29,25.944499999999998
CAR086,21.39,10,51.1,2502.0,34.2,1,0,Highway,212.5,0.23,1.34,65.18,6.371
CAR038,40.15,0,49.2,3104.0,28.4,1,1,City,300.7,0.22,2.1,102.32,11.238
CAR190,39.63,10,58.7,2200.0,34.7,1,2,City,395.9,0.65,3.56,197.82,32.076
CAR103,9.32,85,35.7,1970.0,34.6,1,1,Highway,97.3,0.2,0.97,32.74,8.854
CAR194,20.78,85,59.7,1931.0,23.3,0,0,Highway,130.9,0.42,1.96,122.0,19.741
CAR145,39.95,0,23.5,2412.0,32.3,0,0,City,120.7,0.43,2.64,63.52,5.359
CAR082,23.13,20,42.0,1844.0,36.7,1,1,City,406.7,0.35,3.77,150.85,21.973499999999998
CAR029,7.89,20,47.6,2713.0,17.7,1,1,City,272.2,0.15,4.4,208.32,7.495499999999999
CAR164,16.7,20,60.1,2409.0,35.3,0,0,Rural,414.4,0.36,0.36,22.69,3.201
CAR032,33.18,10,80.2,3538.0,24.9,0,2,Rural,294.7,0.88,2.73,197.91,31.520999999999997
CAR002,2.82,20,53.4,3369.0,29.6,0,1,City,416.0,0.41,0.49,24.41,2.679
CAR138,30.1,85,24.4,2926.0,48.0,0,2,City,192.2,0.72,1.2,28.51,10.697
CAR063,20.01,10,23.2,1797.0,29.4,0,0,City,302.7,0.42,3.38,67.35,8.046
CAR143,22.82,10,44.9,3299.0,31.2,0,1,Highway,392.7,0.55,0.61,26.08,3.091
CAR185,18.31,20,24.5,2279.0,24.5,1,1,Highway,236.8,0.28,2.93,62.59,8.46
CAR172,28.98,10,69.7,2543.0,24.2,0,0,Highway,283.6,0.33,3.2,229.72,19.966
CAR178,19.22,20,114.0,1042.0,17.1,1,0,Highway,359.3,0.35,2.31,249.09,18.258999999999997
CAR144,14.73,10,42.2,1393.0,23.5,1,2,City,,0.18,2.74,109.31,13.9935
CAR004,34.63,10,5.0,1693.0,34.2,0,1,City,142.3,0.82,3.13,13.95,1.855
CAR073,18.64,20,44.1,1562.0,18.5,1,0,City,363.3,0.66,3.92,160.48,17.708
CAR144,3.45,0,39.0,727.0,16.9,0,1,City,145.4,0.42,3.93,142.28,3.2775
CAR120,31.06,20,61.5,2546.0,24.1,0,1,City,437.7,0.45,0.65,35.61,6.055
CAR135,3.82,10,58.2,3107.0,29.2,0,1,Rural,131.7,0.71,1.12,62.31,3.6289999999999996
CAR124,14.76,0,20.6,2438.0,38.0,1,0,Rural,426.7,0.69,2.51,44.46,4.54
CAR097,2.75,20,61.9,2406.0,31.6,1,1,City,342.8,0.06,0.59,34.84,2.6125
CAR111,20.39,10,64.8,3131.0,13.8,0,0,City,92.3,0.37,3.13,183.18,19.3705
CAR049,24.0,10,60.4,2902.0,36.3,1,1,City,95.1,0.63,0.31,19.19,2.631
CAR185,23.81,20,50.6,2553.0,31.0,1,1,Highway,336.0,0.55,1.51,66.66,10.07
CAR085,21.52,10,27.9,2956.0,29.4,1,0,City,294.4,0.29,1.54,42.45,5.659
CAR131,23.15,20,13.9,2805.0,43.5,0,1,Highway,268.8,0.42,3.95,47.47,7.857
CAR010,13.66,20,43.3,2309.0,44.0,0,1,Highway,399.5,0.13,2.52,98.94,12.977
CAR081,14.42,20,59.5,2928.0,21.6,1,1,Rural,144.2,0.34,3.25,198.75,13.699
CAR151,22.74,10,39.3,1385.0,16.9,1,1,City,330.8,0.6,0.43,16.55,2.32
CAR094,11.94,10,79.2,1872.0,19.4,0,1,City,283.2,0.05,4.28,317.91,11.342999999999998
CAR196,14.88,85,59.4,2489.0,31.3,1,1,Rural,143.8,0.22,0.73,43.74,14.136
CAR031,29.16,85,73.2,1330.0,28.9,0,1,,159.7,0.54,3.6,252.72,27.701999999999998
CAR184,42.83,85,45.8,1995.0,9.4,1,2,Rural,94.2,0.62,2.8,116.01,39.933
CAR164,17.9,0,18.4,2048.0,26.6,1,1,City,171.3,0.28,0.68,11.85,1.144
CAR182,21.03,20,36.4,2668.0,,0,2,Highway,250.8,0.68,2.44,90.9,15.223
CAR084,16.76,85,36.2,1628.0,24.9,1,1,City,292.2,0.32,1.91,62.76,15.922
CAR133,23.73,20,49.9,2003.0,19.5,0,1,Highway,77.7,0.53,2.82,131.14,17.639
CAR038,44.62,10,63.5,3233.0,24.4,1,0,City,300.2,0.22,4.42,265.84,34.444
CAR122,7.53,10,62.5,2083.0,21.0,0,2,Highway,441.5,0.18,1.49,85.33,7.1535
CAR193,26.52,0,73.8,700.0,28.0,0,1,Highway,,0.21,2.01,143.94,8.583
CAR066,7.28,85,25.8,2550.0,27.9,0,2,Rural,249.6,0.82,4.1,101.52,6.9159999999999995
CAR190,18.11,20,33.5,2777.0,24.1,0,2,City,124.5,0.41,4.16,121.45,17.2045
CAR119,19.36,10,58.8,2282.0,35.2,0,0,City,334.1,0.69,4.07,211.0,18.392
CAR054,35.44,20,47.6,3359.0,30.3,1,1,City,85.7,0.59,3.43,154.13,26.231
CAR117,15.38,20,81.8,2463.0,13.1,0,2,Rural,,0.41,3.42,262.77,14.611
CAR020,36.88,10,,2374.0,22.5,1,1,City,379.2,0.11,1.25,72.13,8.901
CAR164,40.35,10,,2942.0,29.3,1,2,City,122.6,0.65,0.44,40.77,6.025
CAR023,14.19,10,26.3,2541.0,37.0,1,2,Highway,318.4,0.88,3.02,78.35,11.686
CAR175,28.58,20,30.9,2789.0,37.8,1,1,City,438.3,0.09,4.32,126.01,21.926
CAR159,26.18,20,40.1,3150.0,10.5,0,1,City,158.8,0.11,3.26,121.93,18.973
CAR074,5.05,20,7.7,1851.0,27.0,0,0,City,132.6,0.58,4.32,34.04,4.797499999999999
CAR127,29.95,85,51.2,2005.0,36.0,1,0,City,338.2,0.83,0.93,43.48,15.144
CAR050,41.04,10,62.1,2736.0,35.1,0,1,Highway,122.7,0.4,3.58,201.85,23.437
CAR088,30.37,20,52.6,2422.0,26.5,1,2,Highway,336.8,0.2,2.91,144.11,22.189
CAR178,5.82,85,54.2,1905.0,24.7,0,2,City,278.6,0.89,1.87,94.57,5.529
CAR193,19.55,0,61.9,2417.0,32.4,0,2,Rural,135.0,0.39,2.57,140.16,14.741
CAR116,29.13,20,35.8,2160.0,16.2,1,2,Rural,395.4,0.26,0.56,18.57,2.853
CAR184,14.86,10,44.5,1714.0,33.9,1,2,Highway,429.6,0.82,2.09,83.83,11.915
CAR160,9.47,0,50.5,2062.0,27.6,1,2,Highway,261.8,0.7,3.69,164.12,8.996500000000001
CAR120,18.47,10,74.9,2064.0,24.7,0,1,Highway,347.1,0.79,0.91,59.87,7.341
CAR022,2.14,85,32.7,2658.0,33.9,1,1,Highway,224.7,0.86,2.21,64.59,2.033
CAR112,24.24,20,38.3,2120.0,21.9,1,2,Rural,231.7,0.4,4.32,171.39,23.028
CAR089,22.07,10,54.3,1380.0,30.9,0,0,City,212.6,0.74,4.39,225.62,20.9665
CAR083,41.47,85,51.3,2422.0,25.4,0,0,Rural,89.6,0.33,3.38,179.0,39.396499999999996
CAR097,15.75,20,37.1,1680.0,25.3,0,2,City,344.3,0.29,1.63,53.5,8.454
CAR164,28.71,0,86.3,2031.0,31.9,1,1,City,410.0,0.6,0.83,69.89,8.414
CAR035,8.46,20,11.8,2047.0,42.1,1,1,Highway,,0.45,3.61,36.9,5.924
CAR068,41.42,0,60.7,1448.0,19.4,1,2,City,388.2,0.26,2.28,123.9,13.224
CAR123,43.76,10,25.0,2044.0,20.4,1,0,Highway,300.4,0.57,1.5,33.54,3.642
CAR055,43.44,10,28.7,3588.0,20.9,1,1,,134.3,0.74,1.42,36.58,5.32
CAR064,26.9,85,71.5,1643.0,26.3,1,2,City,269.8,0.79,3.01,218.1,25.554999999999996
CAR136,29.26,10,30.5,1215.0,13.4,1,1,Highway,186.7,0.3,0.62,18.08,1.953
CAR027,21.32,10,46.5,2143.0,36.6,1,1,City,316.2,0.33,1.39,55.0,7.187
CAR129,26.13,10,19.5,2257.0,16.6,1,0,City,286.5,0.1,1.57,31.05,3.631
CAR085,31.37,10,54.2,2437.0,16.5,1,1,City,,0.74,2.35,110.01,16.489
CAR121,21.19,20,47.3,3148.0,30.6,0,1,Highway,430.9,0.16,1.13,49.91,7.116
CAR005,7.08,0,63.6,1665.0,19.7,0,0,City,211.3,0.49,2.84,160.78,6.726
CAR007,38.65,10,53.9,1892.0,28.9,0,1,Highway,196.8,0.36,0.54,25.83,2.702
CAR016,33.65,20,48.3,2189.0,31.7,0,2,City,269.2,0.08,3.61,167.5,24.822
CAR114,40.31,10,30.1,2616.0,,1,2,City,419.4,0.56,3.25,92.7,15.47
CAR067,6.32,10,48.5,1355.0,8.9,0,1,City,399.9,0.4,2.59,125.15,6.004
CAR065,19.36,20,60.4,1926.0,17.9,1,1,Rural,165.0,0.6,2.03,106.39,17.168
CAR073,29.69,0,48.5,1654.0,25.1,0,1,City,331.8,0.24,2.53,121.4,12.096
CAR200,25.94,20,5.0,2954.0,32.0,1,1,City,270.6,0.4,0.93,4.19,0.708
CAR041,18.45,20,73.4,1988.0,20.3,1,1,City,281.6,0.68,2.64,199.21,17.5275
CAR104,5.07,85,23.5,2454.0,32.4,0,2,City,85.2,0.39,1.34,32.62,4.8165000000000004
CAR022,35.92,20,45.7,2308.0,20.6,0,2,City,94.5,0.53,2.35,101.54,17.892
CAR105,3.78,10,27.5,760.0,24.8,0,1,Highway,397.5,0.2,4.41,126.5,3.5909999999999997
CAR177,14.83,20,71.7,2476.0,19.1,0,1,Rural,150.0,0.19,3.92,278.69,14.0885
CAR011,32.91,20,46.0,2780.0,38.8,1,1,City,150.2,0.76,1.37,56.25,10.727
CAR149,23.81,20,18.2,1852.0,9.9,1,1,Highway,336.6,0.63,3.0,53.6,7.917
CAR106,16.01,20,10.6,2725.0,34.9,0,0,Highway,,0.32,3.42,31.5,4.026
CAR196,3.24,20,48.8,2035.0,26.0,0,2,Highway,358.1,0.09,0.31,15.1,2.072
CAR113,16.48,0,48.7,2766.0,31.7,0,0,Rural,122.7,0.15,3.78,185.5,13.259
CAR055,33.96,10,44.7,1822.0,26.1,1,1,City,449.5,0.78,1.5,61.85,8.75
CAR049,31.66,20,62.8,1690.0,34.5,0,0,Highway,132.7,0.65,1.24,68.73,9.403
CAR075,43.16,10,95.5,2488.0,40.4,1,2,Highway,105.6,0.4,4.17,361.79,41.001999999999995
CAR093,19.73,20,10.8,1482.0,31.3,0,0,City,335.9,0.73,2.44,24.46,3.734
CAR052,14.33,20,64.0,2727.0,31.7,1,0,,351.5,0.75,1.79,108.9,13.6135
CAR038,10.16,10,65.6,2104.0,24.8,0,2,Highway,120.3,0.07,3.19,181.6,9.652
CAR069,17.52,10,26.0,2655.0,26.0,0,1,Highway,161.9,0.42,3.08,73.95,7.779
CAR149,8.52,20,44.7,2681.0,27.6,1,1,City,312.3,0.22,2.39,107.5,8.094
CAR189,16.95,20,53.2,2142.0,22.9,0,1,City,221.3,0.3,4.42,237.22,16.1025
CAR167,37.43,20,44.8,1798.0,31.7,1,2,Rural,,0.54,2.94,114.02,19.914
CAR151,15.92,20,76.4,1724.0,28.8,0,1,City,278.2,0.46,1.05,84.05,13.457
CAR005,20.8,20,77.2,1826.0,20.1,0,2,,205.4,0.81,1.71,118.66,19.759999999999998
CAR008,35.13,10,67.5,1974.0,22.6,1,0,City,160.8,0.06,3.93,258.16,29.173
CAR007,22.85,0,39.3,2698.0,25.4,1,1,Highway,142.2,0.3,0.81,30.33,2.802
CAR087,44.97,10,37.9,2161.0,30.1,0,1,Highway,293.4,0.31,0.73,27.45,3.173
CAR096,19.88,10,22.5,2536.0,29.5,1,2,Rural,211.4,0.9,1.71,35.45,5.198
CAR078,4.73,20,31.8,1669.0,31.7,0,2,City,110.3,0.2,3.42,98.85,4.4935
CAR017,35.75,20,35.7,2210.0,24.7,0,2,City,79.6,0.9,2.57,83.54,15.457
CAR031,40.57,85,44.1,1206.0,20.0,0,2,Rural,330.5,0.33,1.16,51.46,17.104
CAR124,16.64,10,13.8,1995.0,18.8,1,2,,112.4,0.2,1.3,15.26,2.167
CAR073,32.73,10,38.2,2100.0,28.4,0,2,Rural,,0.79,1.5,54.1,7.55
CAR172,17.2,20,5.0,2687.0,13.3,0,1,Rural,269.5,0.13,3.95,19.39,2.91
CAR137,22.81,20,79.4,1837.0,27.1,1,2,Rural,82.3,0.44,2.58,185.47,21.6695
CAR051,27.81,10,64.7,2689.0,,1,1,Rural,103.3,0.29,0.81,48.33,5.363
CAR160,41.04,20,51.2,1407.0,21.7,0,2,,154.3,0.83,3.5,157.69,26.352
CAR198,39.46,10,70.5,11707.872231071824,33.9,0,2,City,153.7,0.76,4.36,270.12,37.487
CAR140,19.99,20,5.0,2164.0,31.4,1,1,Highway,442.9,0.81,0.83,4.13,0.685
CAR021,14.29,20,75.5,1157.0,19.5,0,1,Highway,87.8,0.23,2.21,162.46,13.575499999999998
CAR183,9.03,20,89.5,2075.0,16.7,1,1,City,308.5,0.82,3.26,276.89,8.578499999999998
CAR105,23.93,20,33.4,1914.0,31.9,1,1,Highway,352.9,0.27,1.5,43.77,6.116
CAR082,4.02,85,45.2,1541.0,27.4,1,2,Highway,122.1,0.81,0.75,30.45,3.8189999999999995
CAR172,3.09,20,12.2,2487.0,22.3,0,0,city,243.4,0.37,2.47,30.68,2.9354999999999998
CAR081,2.72,20,20.6,2452.0,28.9,1,1,Highway,145.5,0.18,3.67,64.46,2.584
CAR164,24.2,85,44.1,2061.0,43.9,1,2,Rural,75.1,0.47,2.6,110.33,22.99
CAR098,7.99,10,27.5,2687.0,33.6,0,2,City,317.9,0.28,3.33,83.91,7.5905
CAR198,22.09,10,44.2,1590.0,30.6,0,2,City,138.6,0.16,3.85,172.42,20.9855
CAR098,24.3,10,43.3,2201.0,27.2,0,0,Highway,185.6,0.18,1.59,63.95,6.302
CAR168,36.19,20,,1239.0,28.0,1,2,Rural,365.6,0.35,3.77,270.36,34.3805
CAR138,21.96,20,42.0,2600.0,43.5,0,1,Highway,317.0,0.45,3.56,146.1,20.862
CAR143,16.29,10,47.8,1493.0,20.1,0,0,Highway,210.6,0.58,4.32,214.87,15.475499999999998
CAR187,21.12,10,35.5,1251.0,33.5,1,2,City,328.8,0.17,2.64,94.33,13.269
CAR090,36.53,10,14.5,2899.0,48.0,1,0,Highway,204.1,0.26,1.09,15.59,2.002
CAR081,25.61,10,35.9,2602.0,28.6,0,0,City,270.2,0.05,3.53,115.24,10.87
CAR068,16.49,20,40.4,2920.0,26.0,1,2,Rural,379.4,0.36,2.99,120.8,15.665499999999998
CAR075,6.75,10,36.0,2717.0,33.1,0,1,Rural,181.4,0.5,1.36,43.11,5.302
CAR053,19.6,0,53.5,3659.0,27.5,0,2,Highway,246.4,0.65,3.89,211.64,18.62
CAR061,34.1,10,83.0,2721.0,22.4,0,2,Highway,315.9,0.13,4.01,286.03,32.395
CAR038,36.73,20,58.8,1811.0,29.8,0,0,City,98.8,0.77,1.63,85.78,12.934
CAR111,28.47,10,81.9,950.0,,1,2,City,246.7,0.76,3.2,269.68,27.046499999999998
CAR149,25.66,20,27.8,2825.0,28.9,0,0,city,150.5,0.18,1.56,39.3,5.971
CAR087,26.32,10,50.2,2539.0,26.1,0,1,City,321.8,0.49,3.72,162.55,22.865
CAR121,33.0,10,68.6,1638.0,23.9,1,1,Rural,326.0,0.07,1.34,79.79,9.431
CAR063,31.6,20,53.1,2729.0,31.7,0,1,City,261.3,0.72,2.62,135.45,22.42
CAR090,42.04,10,28.3,2211.0,30.6,1,0,Rural,126.4,0.58,3.9,113.37,13.997
CAR178,29.05,10,45.6,2210.0,33.2,1,1,City,341.5,0.7,0.32,14.47,2.095
CAR046,32.37,0,58.8,2039.0,23.6,0,1,Highway,247.5,0.5,3.81,229.72,15.327
CAR053,29.34,20,27.2,1630.0,38.3,0,0,City,232.8,0.82,4.35,104.94,17.323
CAR141,33.13,20,73.5,1786.0,39.6,1,0,City,314.5,0.89,1.64,115.16,19.374
CAR043,37.63,10,63.7,2415.0,29.2,0,0,City,409.0,0.35,1.47,80.99,9.645
CAR018,26.95,10,30.4,2686.0,16.6,1,0,City,,0.47,3.48,108.93,13.964
CAR014,30.86,10,58.4,1805.0,34.4,1,2,Highway,390.8,0.27,2.11,117.63,14.196
CAR043,16.1,20,31.1,2617.0,18.0,1,2,City,91.9,0.88,4.14,124.72,15.295
CAR165,24.35,20,57.9,3207.0,31.6,0,0,Highway,379.0,0.22,2.85,156.93,20.912
CAR115,8.14,20,43.9,2083.0,31.1,0,0,,,0.56,1.57,68.88,7.7330000000000005
CAR029,25.14,85,48.6,,24.0,1,1,City,329.5,0.78,0.31,13.18,4.797
CAR105,38.44,10,47.5,2862.0,26.5,0,1,Rural,235.1,0.06,0.74,34.26,3.911
CAR129,33.3,20,23.3,3145.0,,1,1,Rural,432.9,0.16,0.65,13.64,2.206
CAR070,40.37,20,58.8,1577.0,33.8,0,2,Rural,371.6,0.38,0.7,42.59,6.448
CAR160,18.06,20,27.9,2076.0,14.4,0,2,Highway,300.1,0.86,3.91,94.17,16.511
CAR166,37.42,85,103.7,1680.0,25.1,1,2,Rural,93.1,0.09,3.28,310.75,35.549
CAR071,11.0,20,10.3,2089.0,28.7,1,0,Highway,387.2,0.1,1.94,20.01,2.438
CAR108,41.54,10,30.9,2207.0,33.4,1,2,City,85.0,0.83,3.06,91.73,13.674
CAR131,20.92,20,35.6,2451.0,22.0,0,0,Rural,242.2,0.8,2.44,76.47,11.094
CAR190,7.49,85,52.4,3115.0,34.0,1,2,Rural,94.3,0.33,1.45,79.21,7.1155
CAR042,38.34,20,70.2,2650.0,40.3,1,1,Rural,368.1,0.73,4.14,248.74,36.423
CAR104,29.41,20,83.1,1897.0,28.0,1,0,City,305.6,0.18,3.53,283.57,27.9395
CAR063,23.19,20,23.0,2058.0,40.9,0,0,Highway,,0.79,0.89,20.16,2.714
CAR104,13.87,20,54.1,2891.0,42.9,0,2,Highway,305.7,0.46,3.15,165.71,13.176499999999999
CAR037,9.72,10,53.9,2020.0,27.2,0,1,City,239.0,0.73,2.26,105.82,9.234
CAR126,3.4,20,47.6,2836.0,29.9,1,2,City,349.8,0.07,3.37,159.82,3.23
CAR149,44.05,20,49.9,2138.0,29.0,1,2,City,234.3,0.82,1.45,75.89,13.965
CAR113,35.97,20,62.1,2477.0,27.7,0,1,,76.4,0.37,0.82,50.25,8.087
CAR143,24.27,10,38.9,2432.0,22.4,1,1,City,183.9,0.87,3.78,138.1,21.397
CAR186,41.86,20,38.9,2077.0,40.4,1,2,Highway,363.6,0.54,3.86,141.96,24.456
CAR133,12.68,20,56.7,985.0,28.4,1,2,Highway,156.9,0.65,3.47,167.26,12.046
CAR185,39.11,10,76.3,2532.0,30.5,1,0,City,288.0,0.83,2.64,195.99,29.53
CAR099,41.28,20,8.9,1296.0,33.8,0,0,,78.1,0.66,2.73,22.86,2.992
CAR164,9.87,10,21.7,1320.0,41.6,0,0,city,145.0,0.81,0.48,10.47,1.501
CAR118,18.03,20,45.7,2492.0,38.8,1,1,City,248.6,0.53,4.45,186.64,17.1285
CAR188,24.29,10,58.0,1745.0,20.6,0,0,,72.8,0.31,4.03,230.75,23.075499999999998
CAR050,34.02,10,65.1,1709.0,26.6,0,2,Highway,151.1,0.4,2.15,138.51,15.916
CAR092,13.77,10,68.3,2906.0,26.4,0,0,City,137.8,0.15,0.32,19.04,2.292
CAR017,39.6,0,57.1,2476.0,31.4,0,2,City,210.6,0.48,2.02,117.32,12.632
CAR023,18.98,10,94.5,1078.0,32.1,0,0,Rural,72.7,0.36,2.7,234.54,18.031
CAR147,5.74,10,38.7,4307.0,28.4,0,2,Highway,181.9,0.36,0.63,22.35,2.743
CAR160,16.75,20,37.2,2619.0,34.3,0,0,Highway,209.7,0.16,0.73,24.32,3.066
CAR047,39.0,20,59.3,1663.0,23.3,0,2,City,238.3,0.71,1.47,79.52,12.925
CAR081,43.08,10,16.3,2235.0,22.9,0,0,City,422.0,0.33,4.44,62.58,6.744
CAR190,41.85,10,22.1,2197.0,25.5,0,2,City,408.7,0.35,1.66,33.89,5.058
CAR190,22.18,85,53.6,3059.0,27.7,1,2,Highway,109.8,0.9,1.49,79.46,21.070999999999998
CAR047,34.19,20,43.0,1297.0,30.6,1,2,City,267.0,0.86,3.88,157.39,29.983
CAR015,21.2,0,46.2,1649.0,23.8,1,0,Highway,333.4,0.54,4.45,201.12,15.004
CAR051,23.43,20,14.0,2094.0,24.1,1,0,City,83.9,0.19,1.4,19.58,2.728
CAR107,34.62,85,39.3,2774.0,45.3,0,2,,448.8,0.81,2.75,101.54,32.888999999999996
CAR035,44.85,10,42.0,1661.0,24.1,1,0,City,381.4,0.68,0.21,8.32,0.987
CAR082,37.48,10,,1995.0,30.0,0,1,Rural,296.9,0.86,1.51,84.37,11.772
CAR082,4.44,10,15.3,3383.0,24.7,1,0,Highway,245.5,0.58,4.44,58.35,4.218
CAR014,15.93,10,34.8,2206.0,19.7,1,2,City,241.1,0.79,3.33,107.72,15.1335
CAR148,9.31,20,44.4,2574.0,26.4,1,1,Highway,234.2,0.64,0.7,31.34,4.9
CAR190,24.91,20,48.4,2619.0,21.8,0,0,City,74.1,0.58,2.52,109.24,16.523
CAR111,42.17,10,57.2,867.0,35.9,1,2,Highway,312.5,0.44,1.32,76.74,9.864
CAR106,13.32,20,38.2,2394.0,33.1,0,2,City,200.9,0.86,2.6,104.26,12.654
CAR040,3.1,20,41.6,2253.0,,1,1,Highway,111.5,0.77,3.93,151.5,2.945
CAR154,38.25,10,69.0,2294.0,26.5,1,1,Rural,174.7,0.31,2.69,186.4,24.652
CAR042,3.6,85,,2171.0,20.9,0,2,,210.0,0.74,4.3,145.36,3.42
CAR122,28.96,20,10.7,2402.0,23.1,1,2,City,247.0,0.45,1.67,18.11,3.195
CAR013,41.58,0,54.0,3031.0,20.9,1,0,Rural,415.9,0.78,4.2,202.98,22.621
CAR130,23.47,10,21.2,1770.0,27.3,1,1,Highway,90.0,0.28,1.14,23.59,2.565
CAR023,41.21,10,34.2,2428.0,23.2,0,1,Rural,187.5,0.4,3.95,136.92,13.521
CAR099,41.0,10,75.8,1970.0,37.7,1,1,Rural,385.2,0.56,1.7,116.78,16.409
CAR008,3.9,10,48.8,1783.0,24.5,1,1,City,161.3,0.52,1.52,76.15,3.7049999999999996
CAR161,37.56,10,31.4,1840.0,19.3,0,1,City,126.3,0.2,0.39,11.41,1.218
CAR145,41.21,20,61.0,1481.0,26.6,1,2,City,380.6,0.48,2.55,152.14,27.287
CAR191,26.58,20,38.7,2246.0,10.4,1,2,City,445.4,0.53,0.22,7.39,1.387
CAR141,33.57,0,68.9,1795.0,21.1,1,2,Highway,209.2,0.38,3.68,231.42,21.654
CAR095,31.96,10,56.4,3210.0,17.4,1,2,City,428.7,0.56,1.59,84.78,13.535
CAR094,12.39,20,66.3,1742.0,27.5,0,1,Highway,292.4,0.16,2.13,140.68,11.7705
CAR171,10.52,10,34.7,2427.0,21.1,1,2,City,408.9,0.35,4.23,147.11,9.994
CAR017,7.03,10,47.4,2721.0,28.2,1,0,,136.7,0.59,1.6,65.73,6.6785
CAR012,5.21,20,45.3,2892.0,40.5,1,0,City,281.7,0.55,0.67,29.35,4.9495
CAR132,44.99,10,61.4,10810.029268566315,42.6,0,2,Highway,423.8,0.12,0.83,51.0,6.93
CAR186,3.15,10,69.0,2436.0,26.0,0,0,Highway,308.8,0.37,2.46,174.51,2.9924999999999997
CAR163,13.51,20,67.0,2376.0,27.8,0,2,City,392.3,0.47,4.42,267.67,12.834499999999998
CAR146,33.77,85,28.6,,25.9,1,2,Highway,247.0,0.09,2.36,67.86,22.584
CAR151,6.77,10,75.9,2057.0,34.1,0,1,Rural,221.3,0.16,3.13,218.92,6.431499999999999
CAR194,27.83,10,33.1,2005.0,29.1,0,0,,326.9,0.45,2.1,60.34,7.689
CAR044,33.46,0,70.1,3598.0,39.1,1,0,Rural,413.3,0.85,2.29,148.28,17.46
CAR126,31.35,20,103.9,3442.0,32.8,1,2,Highway,315.3,0.58,4.48,441.15,29.7825
CAR128,29.94,20,16.9,2428.0,20.6,0,1,City,386.0,0.86,3.21,49.85,9.066
CAR015,32.57,20,111.5,2928.0,15.6,1,2,Highway,276.8,0.27,1.19,113.66,19.067
CAR116,24.54,20,62.6,2235.0,47.8,0,2,City,250.8,0.18,0.62,34.55,6.441
CAR183,21.86,0,,1935.0,36.8,1,2,City,426.2,0.65,1.11,45.62,6.003
CAR137,41.0,10,55.8,2389.0,28.7,0,1,Rural,130.7,0.57,4.31,204.97,26.57
CAR079,29.93,0,48.4,2452.0,,1,0,City,348.5,0.45,2.64,112.92,10.599
CAR058,17.61,20,61.4,2047.0,26.8,0,2,Rural,222.6,0.73,2.8,162.82,16.729499999999998
CAR159,17.61,10,48.3,2291.0,30.8,1,2,Rural,238.0,0.12,3.57,178.65,16.729499999999998
CAR183,38.16,20,37.7,2186.0,38.0,1,2,City,221.7,0.85,2.19,71.19,14.066
CAR032,31.35,20,73.2,1507.0,33.7,0,0,City,,0.73,2.46,163.01,24.088
CAR152,36.68,10,35.9,1193.0,33.4,1,2,Rural,402.6,0.48,1.02,37.77,5.218
CAR190,25.46,0,87.1,3118.0,26.5,1,1,City,71.1,0.36,3.3,250.38,23.052
CAR045,36.04,85,60.8,2097.0,36.9,1,1,City,106.9,0.4,0.2,11.35,3.84
CAR025,18.49,10,22.6,2383.0,24.4,0,1,City,,0.06,0.6,12.1,1.488
CAR077,6.38,10,91.8,1430.0,32.9,1,2,City,236.4,0.65,1.65,130.15,6.061
CAR110,20.61,10,31.2,2390.0,17.9,0,0,City,104.9,0.53,1.02,32.02,3.374
CAR159,23.59,20,18.8,1825.0,27.7,0,2,City,272.2,0.52,0.92,17.02,2.943
CAR045,12.84,20,69.9,1410.0,37.6,0,0,Highway,286.0,0.18,4.2,301.77,12.197999999999999
CAR147,18.5,10,80.3,1986.0,39.1,1,1,City,371.9,0.6,2.12,178.45,17.575
CAR107,3.65,10,40.1,2010.0,22.7,0,1,Rural,,0.84,1.98,74.02,3.4675
CAR021,8.59,20,23.6,2374.0,17.2,1,1,City,352.3,0.76,2.44,57.2,8.160499999999999
CAR157,30.47,85,71.2,3199.0,29.5,0,0,Highway,90.7,0.11,0.77,55.24,17.027
CAR063,11.0,0,75.8,1630.0,23.4,1,2,Highway,314.1,0.6,1.17,81.0,8.577
CAR138,3.32,20,,1833.0,39.1,1,1,Highway,91.2,0.75,1.05,54.22,3.154
CAR068,5.93,10,87.4,2155.0,28.8,1,0,City,281.2,0.37,1.62,121.59,5.6335
CAR007,30.51,10,43.9,2310.0,37.1,1,2,City,172.6,0.1,3.53,157.42,22.299
CAR125,23.13,20,56.1,3492.0,27.1,1,2,Highway,144.0,0.59,3.05,158.38,21.973499999999998
CAR106,19.92,0,22.2,2247.0,25.3,1,0,Highway,136.9,0.46,3.23,72.12,5.477
CAR009,22.78,85,68.6,2077.0,38.2,0,0,Highway,281.3,0.6,3.89,238.73,21.641000000000002
CAR125,20.33,20,72.7,1718.0,14.8,0,1,Rural,208.5,0.36,1.08,82.33,11.574
CAR140,30.37,20,20.4,2063.0,38.9,0,1,Rural,265.6,0.88,0.37,7.72,1.194
CAR043,29.51,20,56.4,2089.0,20.8,1,2,Highway,77.9,0.34,1.83,98.23,13.997
CAR131,27.76,20,43.9,1865.0,22.1,1,0,City,193.8,0.55,4.37,177.15,26.372
CAR089,15.02,85,43.0,1726.0,23.2,1,0,City,287.4,0.12,3.66,141.86,14.268999999999998
CAR166,25.77,10,22.3,2182.0,22.9,1,1,Highway,233.5,0.47,0.27,6.07,0.682
CAR176,13.83,20,56.5,1762.0,27.0,0,0,City,316.8,0.54,1.55,90.3,13.138499999999999
CAR011,41.57,10,53.3,2259.0,29.0,0,2,City,,0.41,3.65,199.91,29.136
CAR052,2.89,20,27.7,1967.0,28.3,1,2,Rural,97.6,0.31,3.39,97.37,2.7455
CAR042,16.23,10,61.5,2332.0,22.7,1,0,Highway,356.4,0.61,2.86,179.96,15.4185
CAR181,42.38,10,42.6,2315.0,31.1,1,1,Highway,353.8,0.57,2.67,112.81,14.066
CAR180,2.39,10,56.2,2530.0,16.5,0,1,Highway,426.4,0.1,2.14,104.61,2.2705
CAR156,35.05,10,39.5,1406.0,,0,2,City,213.2,0.83,2.51,94.3,14.221
CAR002,36.85,20,47.7,1771.0,25.1,0,0,Rural,414.2,0.78,3.66,168.12,23.661
CAR113,4.36,0,59.1,2297.0,31.3,0,1,City,101.9,0.45,2.13,111.23,4.142
CAR081,23.48,20,61.0,2584.0,25.4,1,2,City,443.3,0.65,2.74,173.32,22.306
CAR019,13.36,20,51.5,2471.0,21.7,1,1,Highway,383.1,0.37,4.08,215.97,12.691999999999998
CAR083,11.62,20,66.6,2112.0,48.0,0,1,city,162.9,0.56,3.66,235.48,11.038999999999998
CAR148,10.45,10,35.3,1415.0,41.1,0,1,City,210.7,0.45,0.71,25.38,3.706
CAR132,29.96,20,39.0,2453.0,27.6,1,0,Highway,424.9,0.47,2.97,115.78,16.742
CAR008,2.05,85,51.7,1576.0,42.8,1,2,City,,0.29,3.8,169.05,1.9474999999999998
CAR200,25.9,10,63.1,1193.0,29.4,1,0,Highway,213.6,0.08,4.38,287.04,24.604999999999997
CAR085,42.73,20,42.6,2865.0,33.6,0,2,City,295.9,0.79,4.02,146.65,28.342
CAR171,15.69,85,68.2,2101.0,24.4,1,0,City,144.3,0.51,4.2,288.68,14.905499999999998
CAR123,15.38,20,49.2,1776.0,23.2,0,2,Highway,182.5,0.74,1.08,48.92,8.078
CAR076,43.79,10,42.4,2285.0,26.1,0,2,City,292.7,0.34,1.07,38.88,5.119
CAR048,22.34,0,43.0,3047.0,34.1,0,2,City,357.0,0.19,3.03,122.13,14.634
CAR067,22.41,10,47.2,,27.5,0,2,City,307.5,0.72,3.23,143.92,21.2895
CAR012,29.84,85,52.8,2668.0,31.1,0,1,City,,0.18,1.95,87.96,28.348
CAR125,32.92,20,41.7,2459.0,45.8,1,1,Rural,214.4,0.55,1.73,67.37,11.579
CAR046,42.5,20,69.7,2602.0,32.6,1,0,Highway,338.3,0.6,1.67,113.22,16.848
CAR021,38.23,0,66.1,2400.0,19.7,1,2,Rural,175.1,0.74,2.25,136.37,14.864
CAR059,23.45,85,45.0,1233.0,13.1,1,2,City,218.7,0.35,0.24,9.97,3.449
CAR009,29.1,10,47.7,2855.0,39.9,1,2,,415.9,0.33,2.09,91.64,14.857
CAR157,2.84,10,21.8,2155.0,15.4,0,0,Rural,447.8,0.14,2.31,43.83,2.698
CAR004,37.75,10,58.6,2181.0,24.5,1,2,Highway,290.2,0.53,3.88,230.05,32.427
CAR072,32.95,0,46.1,1265.0,28.2,0,0,City,262.9,0.68,1.52,69.49,6.626
CAR066,19.01,20,55.7,,37.1,1,1,Rural,72.5,0.8,2.15,110.83,17.876
CAR078,14.13,20,58.4,1406.0,,0,2,Rural,294.0,0.65,4.22,227.32,13.4235
CAR186,27.75,10,47.6,916.0,32.3,0,0,City,101.1,0.82,3.09,129.23,15.422
CAR132,30.34,0,178.5746368749556,1549.0,36.4,0,0,City,174.7,0.65,3.21,123.31,11.775
CAR070,43.7,20,47.5,1944.0,28.4,0,1,City,294.6,0.12,2.34,96.16,14.583
CAR057,42.64,0,71.9,1899.0,29.8,1,0,City,269.4,0.39,0.93,62.05,5.313
CAR183,17.56,20,74.3,2439.0,19.5,1,2,Highway,206.2,0.15,3.12,202.17,16.682
CAR108,8.07,10,54.1,1682.0,21.5,1,2,Rural,164.2,0.54,0.97,51.24,7.033
CAR172,19.82,10,32.8,2544.0,26.7,1,1,City,130.6,0.25,2.72,88.77,11.19
CAR192,38.55,10,16.4,2131.0,16.3,1,0,City,86.3,0.22,3.94,58.67,6.614
CAR092,10.65,20,28.6,3067.0,34.6,1,1,Rural,279.4,0.07,3.43,89.05,10.1175
CAR119,32.89,0,47.8,2751.0,29.6,1,2,Rural,85.2,0.1,2.09,87.6,8.172
CAR113,13.69,0,66.4,2729.0,26.1,0,2,City,179.0,0.11,3.98,240.74,13.0055
CAR145,36.32,20,40.2,3239.0,43.2,0,1,City,74.7,0.86,3.89,158.06,31.566
CAR011,39.47,10,64.0,3310.0,29.7,1,2,,,0.42,3.11,205.58,31.274
CAR061,19.85,10,36.7,2253.0,22.2,1,0,Rural,342.3,0.08,1.96,69.65,7.384
CAR087,37.69,10,36.3,1814.0,37.4,1,1,City,331.5,0.24,1.48,51.11,6.731
CAR076,3.77,20,61.8,2486.0,7.8,0,1,Highway,422.5,0.05,0.9,56.81,3.5814999999999997
CAR101,23.62,10,47.7,1358.0,34.1,1,2,Highway,431.8,0.36,3.76,179.6,21.781
CAR083,15.65,0,19.5,2490.0,22.5,0,1,City,419.1,0.83,4.09,74.02,7.917
CAR042,25.23,10,64.7,2617.0,34.1,0,2,Rural,87.3,0.71,4.25,276.69,23.9685
CAR049,16.66,0,41.0,1022.0,40.2,0,1,Highway,95.7,0.53,2.95,122.84,10.031
CAR019,29.14,10,37.8,2376.0,28.5,0,2,City,84.8,0.16,1.55,50.11,6.572
CAR133,42.35,20,27.9,,24.7,1,2,Highway,361.6,0.22,1.67,41.6,6.111
CAR081,16.67,0,71.3,2549.0,30.1,0,0,City,420.9,0.25,3.96,265.22,15.836500000000001
CAR013,31.36,85,67.9,2326.0,29.0,1,0,City,,0.14,0.21,14.29,4.534
CAR059,2.68,20,18.9,1373.0,20.2,1,2,,173.1,0.54,2.75,53.04,2.546
CAR139,21.96,20,5.9,953.0,15.4,1,2,City,320.9,0.8,3.04,18.21,3.306
CAR024,21.2,20,48.5,2010.0,29.5,1,1,Highway,185.7,0.2,3.91,192.84,20.139999999999997
CAR024,15.66,10,40.6,2390.0,19.9,1,0,City,175.2,0.63,3.72,150.72,14.876999999999999
CAR065,14.85,20,72.0,2569.0,25.4,0,2,Rural,75.3,0.27,2.04,144.08,14.107499999999998
CAR054,5.56,10,54.5,2036.0,21.3,1,1,City,108.9,0.18,3.4,176.79,5.281999999999999
CAR061,36.07,10,33.6,1491.0,31.3,0,1,Rural,226.4,0.5,1.27,41.65,4.966
CAR165,39.48,10,,,12.3,1,2,Highway,279.3,0.34,1.87,174.75,24.888
CAR010,4.03,10,60.7,2639.0,22.3,1,0,Highway,367.2,0.08,1.81,105.83,3.8285
CAR135,26.17,0,19.3,2433.0,31.5,0,0,,251.6,0.83,4.1,78.22,7.45
CAR125,4.23,10,65.2,2892.0,26.2,0,1,City,196.5,0.33,3.36,229.71,4.0185
CAR102,35.14,10,78.7,774.0,22.0,1,2,City,,0.39,2.55,204.84,27.496
CAR195,7.49,20,21.0,1766.0,25.6,0,0,City,239.9,0.89,0.65,12.09,1.978
CAR054,23.07,20,44.5,3639.0,30.8,1,2,Rural,395.2,0.75,0.21,9.25,1.79
CAR021,14.96,20,40.5,1468.0,33.4,0,0,City,155.4,0.85,3.84,134.71,14.212
CAR162,44.11,10,42.1,1805.0,24.6,0,1,Highway,335.9,0.4,2.14,76.92,8.992
CAR166,10.83,10,62.6,820.0,29.4,0,0,,132.3,0.19,1.37,81.3,6.481
CAR154,30.21,20,55.2,2611.0,39.7,0,1,Rural,272.9,0.67,2.98,157.39,27.571
CAR017,6.91,20,8.6,3190.0,39.4,1,1,City,239.6,0.77,1.03,8.13,1.525
CAR029,24.69,10,80.7,3227.0,48.0,0,1,highway,388.7,0.63,1.09,88.57,13.043
CAR071,41.03,0,54.4,,40.9,0,1,Highway,217.6,0.29,0.41,20.02,1.728
CAR023,8.5,0,60.1,2471.0,38.9,0,2,City,247.7,0.34,1.06,65.38,7.934
CAR195,29.58,20,51.2,2026.0,,0,0,,,0.37,1.43,73.39,8.293
CAR065,27.58,20,47.3,2341.0,24.8,1,2,Rural,191.0,0.43,3.64,172.52,26.200999999999997
CAR035,24.5,10,86.3,2440.0,34.8,1,0,Highway,230.8,0.15,2.93,226.15,22.263
CAR073,16.43,0,35.2,1717.0,26.0,0,1,City,270.8,0.86,2.97,103.01,11.085
CAR111,3.06,10,36.7,2215.0,19.7,0,0,city,93.5,0.63,4.35,137.2,2.907
CAR169,31.69,0,39.8,1693.0,38.6,1,0,Rural,115.5,0.36,0.67,23.31,2.116
CAR192,30.28,20,54.0,2509.0,19.0,1,1,Highway,342.6,0.15,2.34,113.96,15.962
CAR142,3.56,10,25.5,,21.5,1,0,City,120.0,0.14,4.07,102.35,3.3819999999999997
CAR090,31.51,0,54.7,3091.0,23.2,1,2,Highway,368.7,0.48,4.02,197.39,22.305
CAR070,10.5,20,34.7,2222.0,23.1,0,2,Highway,76.1,0.1,4.03,129.79,9.975
CAR135,7.26,0,77.5,2403.0,24.8,0,2,Rural,,0.18,2.69,215.07,6.896999999999999
CAR189,40.0,20,17.3,2151.0,33.2,1,1,,363.9,0.78,1.03,15.73,2.796
CAR094,18.96,0,,2070.0,12.1,1,0,Highway,319.7,0.26,0.96,40.73,3.327
CAR071,29.87,0,49.9,2123.0,21.5,0,0,City,300.3,0.68,0.74,34.42,3.204
CAR046,32.66,10,57.4,1288.0,21.8,0,0,Highway,378.9,0.57,4.1,221.98,23.95
CAR184,36.52,20,37.9,2103.0,42.4,0,2,City,321.4,0.11,1.41,50.49,8.941
CAR014,7.84,20,52.4,1491.0,23.4,0,1,Highway,186.1,0.12,1.17,60.29,7.4479999999999995
CAR190,25.65,10,31.5,2335.0,26.9,1,2,City,389.2,0.38,3.22,100.32,16.133
CAR088,2.57,20,76.4,2399.0,35.0,1,0,Highway,303.0,0.38,2.49,172.93,2.4414999999999996
CAR119,10.66,20,21.6,3781.0,13.3,1,2,Highway,323.5,0.09,0.59,10.89,1.713
CAR165,33.42,10,7.1,1247.0,29.2,1,2,City,274.7,0.7,1.34,9.45,1.426
CAR146,21.17,20,56.7,2179.0,23.8,0,0,Rural,331.1,0.65,3.12,178.36,20.1115
CAR150,5.06,20,30.9,2406.0,29.8,0,2,City,306.4,0.07,0.74,20.84,3.335
CAR067,9.51,10,60.5,2059.0,21.6,0,0,Rural,172.2,0.66,0.86,54.31,6.012
CAR190,32.8,10,54.6,1880.0,,0,1,Rural,218.9,0.81,4.42,210.58,29.732
CAR116,6.96,10,59.1,2565.0,37.3,1,0,City,282.5,0.53,0.84,45.24,6.134
CAR076,8.8,20,50.3,2213.0,26.7,0,0,City,145.3,0.14,4.49,234.11,8.36
CAR102,24.64,85,32.5,1632.0,23.1,1,1,City,73.2,0.1,3.53,117.23,23.407999999999998
CAR003,20.85,10,63.4,2343.0,43.0,1,1,,215.3,0.15,4.15,253.16,19.8075
CAR003,9.48,20,44.5,4880.275302863272,23.3,1,1,City,291.2,0.52,3.99,164.04,9.006
CAR074,36.36,10,65.5,2955.0,45.5,1,1,City,152.2,0.48,1.42,81.38,13.313
CAR011,19.22,20,35.9,,7.6,0,1,City,82.4,0.89,3.33,113.73,18.258999999999997
CAR191,13.5,0,42.9,1794.0,34.0,0,1,,426.1,0.39,1.35,50.94,4.48
CAR178,20.37,10,36.4,3680.0,17.5,0,1,City,331.0,0.61,3.55,113.2,18.414
CAR126,40.24,20,67.2,1595.0,42.1,1,1,City,446.3,0.12,4.18,275.38,38.228
CAR129,30.27,20,72.6,2470.0,24.0,1,0,City,160.7,0.28,1.76,131.21,19.411
CAR038,16.32,0,50.0,1390.0,38.6,1,0,Highway,331.1,0.62,2.23,104.97,8.359
CAR003,5.56,10,33.9,2651.0,43.0,1,1,City,445.3,0.69,0.23,6.76,1.163
CAR064,5.99,20,41.7,2215.0,23.1,1,0,City,179.0,0.44,1.36,51.14,5.6905
CAR082,22.89,10,98.8,2573.0,11.9,0,0,City,193.5,0.6,2.28,204.2,21.7455
CAR151,28.79,10,39.8,2675.0,35.0,1,1,Rural,80.0,0.38,2.49,90.62,10.605
CAR084,38.75,85,306.46011901196806,1634.0,16.5,1,1,Highway,183.6,0.46,2.01,121.95,36.8125
CAR165,33.24,10,32.55266818033044,2975.0,34.3,1,2,City,364.3,0.27,3.6,23.97,3.681
CAR076,3.5,0,29.9,,28.4,1,1,Rural,204.3,0.57,3.07,89.66,3.3249999999999997
CAR189,31.39,0,58.9,2690.0,23.5,1,1,City,160.9,0.79,2.75,156.33,16.288
CAR132,12.11,10,35.5,2705.0,35.1,1,1,Highway,211.5,0.11,2.28,69.67,8.378
CAR148,16.32,20,,1912.0,32.8,0,0,City,339.6,0.53,0.81,22.79,3.432
CAR157,31.76,85,42.0,2265.0,,0,0,City,368.4,0.39,1.37,57.34,19.023
CAR095,41.72,20,47.3,4066.0,23.0,0,1,Rural,71.5,0.33,4.04,163.21,25.25
CAR134,31.36,20,37.8,2549.0,26.9,0,0,Rural,173.8,0.46,3.79,143.83,20.223
CAR132,37.94,20,60.7,2053.0,26.3,0,0,,141.2,0.72,3.15,179.66,26.053
CAR117,26.42,20,32.1,2784.0,27.1,1,0,City,153.8,0.25,1.47,43.25,6.481
CAR191,42.34,0,50.4,2566.0,15.3,1,0,City,360.0,0.49,3.12,138.33,13.625
CAR072,44.56,20,43.8,3101.0,25.5,1,1,Rural,250.9,0.54,1.73,65.53,11.159
CAR064,29.43,10,34.3,2161.0,9.4,1,0,City,89.2,0.07,1.59,50.37,5.277
CAR188,25.37,20,55.5,3238.0,29.4,1,1,Rural,243.5,0.52,2.04,106.96,17.423
CAR189,37.15,10,57.0,2538.0,31.1,1,2,City,314.7,0.84,3.3,190.65,32.214
CAR183,40.71,20,75.5,2746.0,21.4,1,0,Highway,116.8,0.65,3.08,240.41,31.173
CAR170,14.83,20,32.5,2645.0,30.2,1,2,Highway,,0.62,2.16,61.76,10.236
CAR141,14.53,20,67.6,2783.0,28.5,0,0,Rural,233.4,0.86,1.31,91.95,13.803499999999998
CAR078,36.25,85,64.2,2276.0,31.7,0,0,Highway,400.1,0.79,2.57,164.1,34.4375
CAR007,44.36,20,59.0,1705.0,27.3,1,1,Highway,257.8,0.21,4.16,226.82,33.005
CAR184,24.45,0,42.2,1843.0,19.9,0,0,City,250.2,0.71,3.55,153.82,13.572
CAR011,3.1,20,73.2,1281.0,36.6,1,2,Rural,369.1,0.21,2.51,175.29,2.945
CAR064,38.23,20,12.3,2100.0,21.0,1,0,City,208.0,0.31,3.91,45.3,7.072
CAR113,20.32,20,23.6,2244.0,14.1,1,2,,184.0,0.87,3.1,63.39,12.212
CAR152,21.15,0,,1847.0,27.5,0,2,Highway,116.8,0.56,0.36,14.03,1.213
CAR075,33.68,10,33.6,2625.0,14.8,1,0,City,158.1,0.59,3.28,94.5,12.301
CAR188,7.64,0,45.4,1308.0,38.1,1,1,,197.7,0.62,3.46,164.89,7.257999999999999
CAR035,15.65,10,37.6,1490.0,36.1,0,1,City,158.1,0.39,1.85,59.77,6.525
CAR012,7.57,20,286.92851810376976,,13.7,1,1,Rural,402.2,0.24,2.15,138.14,7.1915
CAR173,30.11,0,42.6,2141.0,26.0,0,2,City,136.8,0.42,2.71,100.56,10.05
CAR072,42.88,20,53.9,1790.0,42.0,0,1,City,433.5,0.36,2.82,131.35,22.695
CAR168,43.05,20,71.5,1591.0,36.6,1,2,City,111.1,0.72,4.48,332.95,40.897499999999994
CAR081,6.8,10,45.0,2916.0,30.6,1,0,City,147.2,0.84,4.39,184.87,6.46
CAR165,21.36,0,38.0,2345.0,15.8,1,1,City,274.6,0.74,0.35,11.58,1.332
CAR086,15.0,85,55.3,2391.0,12.7,0,0,City,228.3,0.8,1.76,85.3,14.25
CAR148,13.59,20,34.8,2062.0,33.6,0,0,City,87.4,0.73,3.37,122.69,12.910499999999999
CAR182,7.68,20,68.7,2875.0,43.9,0,1,Rural,249.0,0.44,2.99,185.58,7.295999999999999
CAR050,43.32,20,76.6,1736.0,34.2,0,0,City,215.8,0.53,0.37,26.74,3.679
CAR009,10.23,10,38.2,2297.0,,1,2,City,89.5,0.09,4.11,159.74,9.7185
CAR117,22.25,20,42.9,1625.0,32.2,1,1,City,367.0,0.14,1.75,71.8,10.802
CAR184,17.82,20,56.7,2322.0,25.8,0,2,City,258.9,0.62,0.33,19.39,3.525
CAR042,37.32,10,82.1,1587.0,36.9,1,2,City,75.0,0.27,3.37,269.52,35.454
CAR176,30.42,20,53.0,1474.0,25.6,1,1,City,283.6,0.35,3.78,186.06,28.899
CAR198,29.88,10,47.3,3314.0,19.8,1,2,Rural,305.3,0.45,0.31,13.89,2.09
CAR057,12.9,10,40.5,2401.0,23.0,1,1,Highway,325.1,0.33,2.13,83.99,9.23
CAR004,18.15,20,48.1,2001.0,32.5,0,1,City,384.4,0.55,1.98,94.53,15.211
CAR043,30.45,85,64.7,2994.0,19.4,1,1,Highway,262.0,0.33,1.96,112.72,28.9275
CAR167,42.27,10,72.5,2839.0,23.2,1,0,Highway,223.1,0.76,3.12,229.28,27.916
CAR151,32.04,10,43.5,2205.0,41.7,1,2,Highway,392.6,0.44,3.5,147.69,21.881
CAR186,39.93,10,68.3,2501.0,23.8,1,1,Highway,415.5,0.84,3.42,218.95,29.672
CAR093,38.82,10,35.2,1936.0,38.1,0,2,City,75.5,0.82,0.31,9.52,1.464
CAR064,27.51,20,43.6,2358.0,28.7,1,0,Highway,,0.46,1.65,67.2,8.75
CAR173,25.89,85,39.5,1611.0,20.0,0,2,Rural,158.4,0.84,1.34,51.94,17.807
CAR084,13.97,10,20.5,1563.0,15.0,1,1,Rural,248.1,0.83,3.42,60.89,8.489
CAR029,15.68,0,56.1,1625.0,44.2,1,1,Highway,188.8,0.1,2.06,119.16,9.815
CAR172,38.02,20,36.0,1982.0,26.6,0,1,City,378.1,0.52,3.12,102.25,15.671
CAR012,6.21,10,58.2,1812.0,27.9,0,0,City,306.4,0.41,2.02,101.43,5.8995
CAR126,40.39,20,95.8,2447.0,29.8,1,1,City,387.6,0.65,2.8,250.97,38.3705
CAR077,3.03,0,49.8,2714.0,26.7,1,1,City,231.7,0.15,1.46,74.35,2.8785
CAR030,27.66,0,51.4,3085.0,17.1,1,1,Highway,237.9,0.3,2.88,153.18,13.392
CAR137,24.11,20,34.8,,25.1,1,2,Highway,149.0,0.7,3.34,104.89,18.288
CAR008,19.56,20,58.1,1175.0,11.2,1,2,Highway,425.5,0.23,2.34,126.97,18.581999999999997
CAR119,6.0,10,55.1,1132.0,30.4,1,0,City,174.0,0.3,3.51,185.84,5.699999999999999
CAR176,11.08,20,58.2,2449.0,6.6,1,0,Rural,86.1,0.5,2.04,114.13,10.526
CAR134,25.34,0,26.9,2417.0,8.7,1,0,City,291.7,0.67,3.12,84.96,9.995
CAR164,18.6,10,53.3,2644.0,17.6,0,2,Rural,159.7,0.73,1.58,71.64,9.505
CAR049,28.8,10,50.7,2354.0,13.7,0,1,Highway,77.6,0.71,2.99,139.71,16.099
CAR051,8.13,20,66.6,2382.0,39.9,1,0,,317.0,0.09,3.42,194.18,7.7235000000000005
CAR117,26.39,20,45.7,,25.1,1,0,city,243.9,0.28,1.55,66.54,9.353
CAR180,9.28,10,10.6,2429.0,26.7,1,2,City,405.7,0.18,1.74,17.12,2.306
CAR157,33.57,20,77.8,2266.0,30.7,1,1,Highway,362.4,0.32,2.64,212.72,31.891499999999997
CAR028,15.69,10,50.9,3070.0,39.2,1,1,City,224.9,0.33,2.6,127.58,14.905499999999998
CAR021,2.77,10,47.1,1978.0,27.3,1,2,City,180.8,0.34,3.52,169.85,2.6315
CAR039,30.57,20,62.0,2634.0,17.2,0,2,Highway,427.1,0.64,0.43,23.47,3.649
CAR024,38.71,20,60.5,2837.0,36.5,0,0,Highway,169.9,0.79,2.82,160.41,22.932
CAR132,43.23,20,58.8,2961.0,22.2,0,0,City,437.2,0.36,0.8,47.66,7.439
CAR123,44.33,0,40.8,2194.0,38.5,0,0,Highway,361.0,0.59,3.87,143.46,11.239
CAR076,34.55,0,59.0,1574.0,13.8,0,0,Highway,385.6,0.44,0.32,18.3,1.086
CAR098,40.21,20,107.2,2339.0,38.2,0,1,Highway,240.4,0.08,0.92,84.86,12.605
CAR191,22.6,85,21.1,,25.8,0,1,Rural,143.7,0.54,4.4,83.71,21.47
CAR065,35.13,10,30.1,3687.0,31.4,0,1,Highway,94.6,0.7,1.32,34.52,3.624
CAR021,5.45,20,,1586.0,27.0,0,1,,76.6,0.29,0.6,2.82,0.431
CAR045,2.74,20,35.9,2025.0,16.9,0,1,Highway,241.9,0.39,3.01,103.45,2.603
CAR059,36.99,20,11.0,2583.0,21.6,0,0,Highway,205.4,0.29,1.56,15.82,1.791
CAR047,44.73,20,65.5,1823.0,38.3,0,2,Rural,406.2,0.47,4.02,258.12,42.4935
CAR123,18.46,20,82.1,2554.0,12.2,0,1,City,,0.84,0.97,76.41,13.365
CAR143,3.67,10,43.7,1997.0,21.8,0,0,City,423.0,0.81,1.11,41.62,3.4865
CAR177,32.73,20,69.0,2275.0,,1,0,Highway,108.7,0.84,2.22,159.86,24.253
CAR193,30.1,0,81.4,2511.0,38.3,1,1,Highway,336.8,0.88,0.53,41.7,4.509
CAR140,14.67,10,40.9,3567.0,,1,1,Highway,,0.33,2.7,102.1,12.395
CAR113,2.05,0,90.8,2090.0,26.7,1,2,City,194.8,0.74,2.54,197.13,1.9474999999999998
CAR022,19.12,10,34.1,1922.0,35.2,1,0,City,313.8,0.77,1.48,45.52,6.059
CAR044,31.63,10,65.2,2687.0,22.6,0,2,Rural,256.5,0.71,1.86,123.86,18.38
CAR153,3.75,10,73.9,2906.0,30.5,0,0,City,155.7,0.84,4.15,281.45,3.5625
CAR029,12.13,10,45.5,2242.0,20.7,1,1,City,245.8,0.49,2.67,117.91,11.5235
CAR172,14.58,10,40.7,1563.0,20.6,0,1,City,217.9,0.67,3.58,146.36,13.850999999999999
CAR145,23.04,10,70.4,1640.0,30.0,0,0,City,146.7,0.32,3.71,264.12,21.887999999999998
CAR038,29.2,0,27.2,700.0,23.7,1,0,City,437.1,0.47,1.29,36.78,3.487
CAR171,23.34,0,40.1,2597.0,29.4,1,2,Rural,286.1,0.09,0.78,29.45,2.927
CAR175,40.99,20,5.0,2109.0,28.0,0,2,City,306.4,0.61,1.93,9.54,1.709
CAR161,28.76,10,13.9,1639.0,24.9,0,0,City,269.9,0.63,0.67,9.45,1.16
CAR012,33.63,0,47.8,2284.0,45.6,1,1,City,375.5,0.67,4.25,184.99,24.636
CAR024,35.39,10,74.5,3200.0,30.7,0,0,Rural,388.6,0.38,4.19,303.0,33.6205
CAR154,2.67,20,48.8,2115.0,17.0,0,1,Highway,156.7,0.07,1.71,74.62,2.5364999999999998
CAR068,44.37,20,83.0,3418.0,29.4,0,1,City,157.6,0.51,4.28,348.0,42.1515
CAR033,11.6,20,46.6,1886.0,24.7,1,0,,418.9,0.64,1.94,82.05,11.02
CAR075,8.62,10,8.4,2186.0,28.2,1,2,City,248.0,0.36,1.53,12.13,1.705
CAR148,32.39,20,36.2,2470.0,35.1,1,2,Highway,299.6,0.35,3.04,101.94,15.738
CAR053,18.68,20,58.8,2198.0,,0,0,Highway,169.2,0.85,0.33,19.72,2.555
CAR158,43.65,10,81.6,2589.0,19.4,0,0,Highway,260.6,0.47,1.76,129.91,12.648
CAR127,19.97,10,49.5,2888.0,36.2,1,0,City,143.9,0.79,1.41,70.59,10.087
CAR182,24.58,20,72.8,1604.0,32.5,1,0,City,267.8,0.07,1.84,131.52,18.171
CAR189,25.14,10,43.8,2850.0,33.7,0,2,Rural,291.6,0.82,3.6,160.99,23.883
CAR198,23.42,20,76.2,2496.0,26.5,1,1,City,110.3,0.36,1.26,100.01,16.36
CAR072,11.75,10,47.6,2693.0,40.4,1,1,City,410.5,0.24,0.84,37.89,5.667
CAR189,31.25,0,63.4,2191.0,28.6,1,2,City,172.7,0.24,3.45,229.45,25.635
CAR058,18.52,20,37.5,3086.0,32.7,1,1,,326.3,0.74,2.87,99.44,17.593999999999998
CAR161,12.58,20,359.47446433422044,2995.0,23.2,0,0,City,359.6,0.13,3.33,242.75,11.950999999999999
CAR082,24.04,85,5.0,,20.4,1,2,Rural,199.7,0.08,4.26,20.7,6.885
CAR076,34.3,10,23.0,2175.0,28.0,1,2,Rural,416.1,0.41,2.49,58.46,8.819
CAR103,11.88,10,29.9,2064.0,27.9,0,0,City,368.4,0.89,0.57,15.5,2.077
CAR194,12.51,0,33.8,2018.0,14.9,1,2,City,344.4,0.5,4.25,143.26,11.8845
CAR009,26.93,10,47.3,2775.0,6.7,1,1,City,344.2,0.84,3.01,143.08,22.287
CAR184,44.09,10,42.8,1489.0,15.9,1,0,Highway,309.3,0.84,2.06,88.73,9.65
CAR096,5.69,20,38.3,2341.0,26.1,0,2,highway,289.0,0.84,3.7,141.54,5.4055
CAR198,18.73,0,46.5,1887.0,29.8,0,1,Rural,143.1,0.68,0.6,23.78,2.134
CAR047,5.66,10,25.5,1725.0,15.9,1,2,Rural,176.1,0.86,2.28,51.73,5.377
CAR085,33.77,20,46.3,2402.0,12.6,1,1,City,,0.3,3.25,146.9,24.851
CAR057,30.71,85,56.0,1331.0,34.1,0,1,City,224.5,0.31,3.33,189.89,29.1745
CAR174,37.43,10,46.2,2751.0,42.6,1,1,Rural,286.1,0.51,2.86,132.7,18.359
CAR079,7.15,20,69.8,2452.0,29.6,1,2,Highway,367.7,0.76,1.25,89.28,6.7925
CAR056,21.37,20,69.5,3161.0,30.5,1,1,Highway,303.1,0.31,0.31,19.78,2.943
CAR173,9.05,10,60.2,3577.0,35.2,1,1,,266.5,0.77,1.2,67.88,8.5975
CAR003,31.83,20,30.9,1855.0,29.2,1,1,rural,164.1,0.53,4.14,117.62,17.509
CAR112,8.27,85,23.7,1542.0,17.8,0,1,City,398.8,0.43,4.46,108.06,7.8565
CAR060,3.16,85,7.2,2395.0,14.5,0,1,Rural,330.1,0.06,0.9,5.62,1.796
CAR056,43.53,20,51.6,2813.0,33.7,1,1,highway,145.6,0.53,2.39,127.1,19.335
CAR006,28.52,20,26.4,3160.0,26.4,1,1,Highway,137.4,0.09,1.74,45.63,6.427
CAR165,28.22,10,78.8,1666.0,37.4,1,2,Highway,196.4,0.28,3.07,234.99,26.808999999999997
CAR151,35.17,20,12.0,1344.0,17.6,0,0,Highway,194.2,0.75,0.75,7.96,1.078
CAR040,10.67,20,,700.0,31.2,0,2,City,197.0,0.38,2.23,129.54,10.1365
CAR111,36.09,85,55.9,1682.0,38.1,1,1,Highway,109.1,0.88,2.99,173.07,34.2855
CAR169,24.81,85,42.8,2795.0,38.9,1,1,Highway,444.3,0.18,1.82,69.06,23.569499999999998
CAR070,26.38,85,46.1,2002.0,29.2,1,2,City,404.1,0.54,3.0,133.8,25.060999999999996
CAR107,18.77,85,51.0,2308.0,35.1,1,1,Highway,359.3,0.41,3.69,177.73,17.8315
CAR136,10.74,0,63.6,1876.0,41.7,1,0,City,88.0,0.66,0.95,52.75,5.609
CAR156,27.1,20,69.4,,27.9,1,1,Rural,232.5,0.76,2.18,152.72,24.211
CAR125,24.65,20,32.0,1995.0,40.1,0,2,City,113.9,0.48,3.63,98.78,17.1
CAR169,16.05,20,47.9,2541.0,,1,1,Highway,124.6,0.4,3.98,198.49,15.2475
CAR198,34.32,10,15.8,3467.0,23.9,0,1,City,224.5,0.21,3.61,50.61,6.542
CAR171,40.51,0,45.0,1344.0,34.7,1,2,Highway,388.4,0.05,2.61,119.84,10.304
CAR156,33.94,10,15.4,3347.0,17.1,0,2,City,292.2,0.44,0.27,3.96,0.603
CAR089,6.3,20,39.4,1898.0,44.4,0,0,Rural,83.1,0.84,3.63,142.81,5.984999999999999
CAR163,23.74,0,41.5,1443.0,26.4,0,1,Rural,295.0,0.63,2.56,111.24,9.389
CAR172,36.74,0,47.0,3071.0,15.1,0,1,Highway,283.1,0.65,4.02,192.58,16.833
CAR152,13.2,10,67.1,2568.0,30.7,1,1,City,73.1,0.67,2.57,178.16,12.54
CAR124,14.49,20,54.3,1592.0,40.4,0,1,Highway,149.4,0.49,1.96,90.72,12.995
CAR161,5.14,85,62.1,1400.0,24.0,1,2,City,415.7,0.08,2.04,120.02,4.882999999999999
CAR071,31.92,20,57.7,1034.0,28.0,0,1,Highway,344.8,0.47,2.81,169.78,20.55
CAR155,5.55,20,218.56791492507585,2426.0,17.3,0,0,City,365.3,0.09,0.98,45.9,5.2725
CAR180,41.01,20,78.4,,37.5,0,0,City,303.6,0.87,3.53,271.24,38.9595
CAR128,28.45,20,49.0,2834.0,38.1,0,0,Highway,263.2,0.36,0.88,40.09,5.634
CAR144,43.01,10,78.3,1314.0,32.1,0,1,City,86.9,0.78,3.58,256.37,35.212
CAR019,10.78,20,63.9,1697.0,35.4,1,2,Rural,249.3,0.15,0.81,45.57,7.542
CAR017,3.37,20,38.5,2835.0,30.6,1,2,Rural,399.5,0.08,0.32,12.86,2.131
CAR130,40.46,0,44.6,2925.0,25.6,1,2,,277.3,0.6,3.58,156.89,21.499
CAR104,5.69,10,48.9,2104.0,29.4,1,1,Highway,126.2,0.29,1.4,69.0,5.4055
CAR167,19.37,20,24.9,2407.0,25.7,1,1,Rural,384.5,0.82,2.19,55.34,9.299
CAR066,25.2,85,71.9,2052.0,25.5,0,1,Highway,237.3,0.63,3.95,277.93,23.939999999999998
CAR152,11.79,10,73.2,1787.0,26.6,1,2,Rural,142.9,0.2,3.7,254.87,11.200499999999998
CAR018,41.11,10,59.8,1230.0,27.7,0,1,City,255.1,0.82,3.37,182.55,23.382
CAR093,8.24,10,37.7,3062.0,39.8,1,0,City,,0.79,1.86,69.02,7.827999999999999
CAR042,32.49,10,38.5,3085.0,24.4,0,0,Highway,92.5,0.27,3.61,137.2,13.517
CAR065,22.39,0,79.2,,19.6,1,1,City,400.1,0.31,1.78,142.28,15.037
CAR031,30.34,10,10.5,1972.0,36.1,1,1,City,386.4,0.5,1.22,11.39,1.534
CAR028,31.99,10,41.4,3095.0,40.2,0,1,Rural,163.1,0.45,2.89,108.61,13.914
CAR131,2.46,0,75.2,1596.0,46.4,1,0,City,218.6,0.41,2.96,221.71,2.3369999999999997
CAR113,19.78,20,36.9,3198.0,21.4,0,2,Highway,321.9,0.09,3.79,119.85,16.824
CAR164,42.37,10,32.1,3321.0,25.2,0,0,Rural,190.2,0.25,1.73,47.51,5.21
CAR019,15.56,20,68.6,787.0,32.3,1,2,City,320.6,0.25,0.66,45.3,7.778
CAR012,38.02,20,32.2,1505.0,12.8,1,2,Highway,250.2,0.74,0.57,18.16,2.898
CAR031,10.82,20,43.0,2461.0,26.6,1,1,Rural,258.2,0.57,2.47,94.46,10.279
CAR131,15.34,10,38.2,2151.0,33.8,1,0,,141.9,0.84,3.73,136.61,14.572999999999999
CAR163,43.88,0,32.7,1641.0,45.3,1,0,Highway,417.7,0.45,2.01,67.05,6.949
CAR166,24.94,10,51.5,2109.0,12.2,0,1,City,159.8,0.3,3.35,174.17,21.113
CAR032,17.34,20,62.2,2389.0,28.5,1,1,Highway,248.2,0.88,2.02,117.71,16.473
CAR103,27.43,10,54.1,2860.0,28.5,0,0,City,234.7,0.25,1.26,61.73,6.868
CAR066,37.53,20,49.7,1751.0,22.3,1,0,City,221.3,0.39,2.79,133.01,19.65
CAR059,39.92,10,36.9,2773.0,27.3,1,1,City,291.2,0.85,2.69,96.25,15.17
CAR120,15.05,85,71.4,2633.0,39.7,0,0,Highway,153.9,0.14,4.48,281.73,14.2975
CAR122,10.86,10,51.5,1812.0,28.7,0,2,Rural,187.8,0.86,2.45,124.8,10.316999999999998
CAR070,22.38,0,67.0,3356.0,16.7,1,2,Rural,82.7,0.83,3.81,259.27,21.261
CAR146,44.92,85,57.4,2428.0,27.8,1,2,Highway,320.7,0.57,1.71,98.83,33.736
CAR069,40.29,10,26.7,2575.0,24.3,0,2,Highway,80.1,0.76,1.41,36.27,4.659
CAR110,29.79,0,21.1,1767.0,32.8,1,0,Highway,412.1,0.26,3.91,85.72,6.788
CAR087,14.77,20,20.0,1234.0,31.2,0,1,Rural,254.3,0.84,4.41,84.91,13.576
CAR114,11.89,10,38.6,2371.0,41.2,0,2,city,164.0,0.21,2.47,93.8,11.2955
CAR001,39.7,10,52.4,1813.0,36.5,1,1,City,195.4,0.66,1.25,58.49,8.01
CAR035,24.8,10,75.5,2128.0,31.1,1,2,City,244.2,0.3,0.98,71.61,10.233
CAR176,28.76,10,69.0,2052.0,29.7,1,2,City,,0.15,2.54,181.69,24.223
CAR190,43.88,0,37.7,1796.0,30.5,1,1,City,125.1,0.44,0.77,26.04,2.595
CAR129,25.81,85,48.7,,32.2,0,1,City,235.2,0.71,0.94,44.24,15.413
CAR074,39.9,85,38.9,1885.0,18.8,1,1,City,213.1,0.3,3.38,124.65,37.904999999999994
CAR156,14.7,10,30.5,2344.0,24.5,1,0,Highway,,0.64,1.83,49.21,6.008
CAR101,2.34,10,44.6,2764.0,37.2,1,0,Highway,72.2,0.32,4.22,173.36,2.223
CAR030,40.32,10,66.8,3219.0,24.2,1,1,Highway,404.4,0.7,2.57,150.94,19.562
CAR038,15.81,0,56.3,2549.0,18.3,1,0,Rural,241.8,0.25,4.09,227.13,15.019499999999999
CAR195,27.58,0,103.1,2365.0,40.9,0,1,Highway,116.1,0.44,0.88,90.85,8.461
CAR053,42.53,20,50.4,3269.0,41.1,1,0,City,161.9,0.24,3.07,132.9,22.981
CAR054,15.87,10,90.3,1779.0,25.1,0,0,Highway,269.6,0.86,4.09,350.63,15.0765
CAR067,31.89,0,9.9,1840.0,25.5,1,0,Rural,304.9,0.59,1.02,9.62,0.906
CAR033,27.91,10,29.4,2074.0,29.9,0,2,Rural,303.2,0.48,3.34,101.81,12.853
CAR054,21.23,20,64.6,2675.0,,0,0,Highway,104.0,0.83,1.9,119.81,16.391
CAR003,3.55,20,38.5,1785.0,26.8,0,2,,253.2,0.28,1.59,57.98,3.3724999999999996
CAR061,18.23,0,73.9,2870.0,26.5,1,0,City,325.4,0.14,0.87,65.64,5.962
CAR033,34.66,0,97.6,1914.0,24.3,1,2,City,207.2,0.39,0.68,66.35,8.052
CAR126,30.44,20,44.3,2069.0,20.6,1,1,City,288.6,0.16,4.02,171.67,27.476
CAR116,3.67,20,50.9,2787.0,21.8,1,2,City,187.7,0.6,3.66,190.78,3.4865
CAR127,11.52,10,74.3,1554.0,35.8,1,1,City,335.9,0.48,0.75,55.57,7.671
CAR176,20.11,10,81.5,2234.0,31.2,1,0,City,238.4,0.54,4.36,367.17,19.104499999999998
CAR066,20.64,0,52.5,2474.0,23.3,0,1,City,163.4,0.8,3.05,141.01,13.183
CAR059,39.92,10,36.9,2773.0,27.3,1,1,City,291.2,0.85,2.69,96.25,15.17
CAR008,26.04,0,37.1,2671.0,32.3,1,0,Rural,256.6,0.68,1.89,72.49,7.618
CAR156,19.23,20,51.8,3264.0,40.3,0,1,City,349.1,0.23,1.09,54.46,8.864
CAR110,43.54,20,41.6,3469.0,,0,0,Rural,187.6,0.29,1.99,84.77,11.87
CAR104,7.23,0,59.7,1677.0,33.3,0,2,Highway,95.5,0.32,3.01,161.69,6.8685
CAR112,5.82,10,81.6,2317.0,20.5,0,1,Rural,133.5,0.07,0.28,20.61,2.074
CAR100,32.44,0,68.7,2353.0,7.0,1,0,Highway,236.0,0.24,0.8,55.25,4.101
CAR188,39.98,20,59.2,2382.0,20.3,1,1,Highway,93.4,0.8,2.71,138.81,20.895
CAR146,6.88,0,55.6,2563.0,16.0,1,0,City,323.4,0.52,1.96,112.65,6.536
CAR060,20.54,0,77.0,2969.0,15.7,1,1,Rural,442.0,0.12,1.52,105.99,10.429
CAR174,39.27,0,52.7,1891.0,31.3,0,0,City,386.8,0.55,2.94,138.66,13.919
CAR180,10.42,10,46.2,1195.0,22.3,0,0,Highway,377.1,0.81,4.35,194.17,9.899
CAR003,8.91,10,43.2,1840.0,28.8,1,0,City,92.6,0.8,1.19,49.01,6.386
CAR027,26.87,85,66.6,3376.0,21.6,0,1,Rural,118.6,0.64,2.2,127.1,25.5265
CAR027,11.88,20,38.1,2181.0,30.1,0,0,City,315.4,0.31,2.86,100.16,11.286
CAR016,3.33,85,80.7,2152.0,31.5,1,2,Rural,243.5,0.79,3.56,269.55,3.1635
CAR193,26.19,0,67.8,835.0,20.7,0,0,Highway,359.8,0.87,4.06,250.38,16.019
CAR005,38.57,10,46.0,700.0,38.0,1,1,City,70.3,0.53,1.63,66.97,9.146
CAR176,15.16,10,49.2,,16.9,1,2,Highway,232.3,0.5,2.85,123.42,14.402
CAR037,25.99,20,58.6,2543.0,22.1,0,0,City,212.5,0.44,0.55,27.68,4.095
CAR052,27.07,20,58.6,1932.0,16.3,0,2,City,310.5,0.47,2.07,119.31,21.137
CAR013,18.05,20,59.5,1867.0,35.0,0,1,City,255.9,0.47,0.43,21.94,3.323
CAR098,16.57,10,49.9,1938.0,11.0,0,2,City,412.7,0.5,2.7,133.17,15.7415
CAR075,15.57,20,70.4,2975.0,33.1,1,2,City,427.4,0.2,2.69,171.05,14.7915
CAR133,31.33,10,22.2,2240.0,31.0,1,2,Highway,258.7,0.14,3.51,75.54,9.78
CAR109,30.46,10,41.1,1473.0,19.0,1,0,Rural,90.5,0.47,0.99,34.74,3.846
CAR087,33.75,20,55.5,700.0,36.8,0,2,Highway,421.3,0.75,0.72,34.9,5.413
CAR019,43.86,20,33.6,2643.0,26.7,0,2,City,391.9,0.85,4.19,142.68,27.03
CAR020,26.9,0,79.8,3219.0,27.3,0,0,City,408.7,0.38,0.42,35.09,3.294
CAR051,38.49,20,86.5,2297.0,29.5,0,1,City,282.9,0.66,0.85,67.45,11.363
CAR077,32.42,10,51.8,2758.0,27.4,0,1,Highway,276.9,0.21,2.0,102.25,10.687
CAR139,4.44,10,70.5,2331.0,43.4,1,1,City,171.6,0.3,4.42,285.75,4.218
CAR103,10.7,20,63.0,1854.0,28.7,0,2,City,347.6,0.35,3.99,258.69,10.165
CAR089,2.91,0,34.4,2560.0,33.7,0,1,City,323.7,0.56,0.78,27.99,2.7645
CAR059,28.33,10,41.6,2389.0,23.6,1,2,Rural,378.4,0.32,2.59,92.48,12.37
CAR053,10.02,10,36.7,1863.0,16.3,0,2,Highway,93.0,0.25,0.83,26.88,3.068
CAR183,33.95,10,90.1,2714.0,26.6,1,1,Highway,276.7,0.35,3.46,301.03,32.2525
CAR192,26.48,10,70.1,1552.0,29.8,0,2,Rural,259.3,0.14,3.69,223.19,24.569
CAR148,10.31,20,51.0,3014.0,33.1,0,0,Rural,176.8,0.87,1.84,88.18,9.7945
CAR188,4.43,10,65.0,2879.0,28.9,0,2,Highway,400.8,0.81,3.08,200.23,4.2085
CAR125,23.63,10,41.2,1092.0,26.2,0,0,Rural,293.8,0.69,3.88,148.68,15.894
CAR098,43.28,20,95.4,1668.0,30.7,1,0,Highway,244.9,0.77,4.4,370.12,41.116
CAR186,12.46,85,40.9,1964.0,27.8,1,1,City,,0.41,3.38,143.96,11.837
CAR177,37.93,20,87.4,1463.0,16.0,0,1,Highway,322.6,0.54,0.65,57.24,7.903
CAR016,31.98,10,50.8,2960.0,29.4,1,0,City,74.9,0.15,1.82,78.89,9.198
CAR057,3.38,10,30.7,1851.0,31.2,0,0,Rural,346.3,0.25,2.55,78.22,3.211
CAR083,39.05,10,85.1,2636.0,41.5,0,1,Highway,394.8,0.48,4.19,310.9,37.0975
CAR019,25.16,20,32.9,1529.0,14.1,0,1,Highway,289.5,0.38,0.57,18.52,2.539
CAR163,23.62,20,52.0,2661.0,,1,0,Highway,426.0,0.22,4.38,197.84,22.439
CAR141,40.25,10,82.7,1993.0,29.2,0,1,Highway,361.3,0.08,3.21,254.89,28.745
CAR173,32.35,20,79.0,1709.0,36.2,1,0,City,361.9,0.07,0.64,52.46,7.521
CAR096,33.15,20,63.4,2947.0,26.2,1,1,City,334.8,0.12,0.78,44.26,7.456
CAR010,22.23,10,84.1,1729.0,24.6,1,1,Highway,222.0,0.23,0.5,43.61,4.098
CAR067,18.45,85,21.2,2620.0,18.1,1,2,Rural,380.9,0.26,2.02,40.46,14.291
CAR052,31.71,0,16.7,2643.0,48.0,1,2,Highway,76.2,0.43,0.5,7.55,0.954
CAR070,19.64,10,86.6,2674.0,23.0,0,1,City,289.0,0.67,1.35,108.6,16.666
CAR100,28.57,20,57.3,2260.0,36.4,1,1,Highway,428.6,0.24,0.78,44.81,6.612
CAR061,14.8,10,61.6,1999.0,12.1,0,1,City,208.5,0.37,4.35,228.03,14.06
CAR163,31.89,10,43.9,1273.0,32.4,1,1,Highway,331.9,0.66,3.82,150.69,18.811
CAR120,13.43,20,45.2,1800.0,23.0,0,0,City,250.8,0.62,1.71,71.47,10.499
CAR132,26.57,0,67.4,2732.0,16.3,1,1,City,230.2,0.55,3.98,260.17,25.2415
CAR045,8.61,10,39.0,1874.0,14.2,0,2,City,,0.27,4.04,150.57,8.179499999999999
CAR101,33.93,20,60.6,2354.0,29.6,0,2,Rural,192.3,0.23,3.84,207.84,31.764
CAR114,31.22,0,17.2,1857.0,12.9,1,2,Rural,253.8,0.7,3.87,57.51,6.903
CAR008,5.97,20,54.1,2765.0,20.0,1,1,City,314.9,0.86,0.43,22.83,4.138
CAR008,11.38,20,31.7,1899.0,21.9,0,2,Highway,78.8,0.38,4.2,123.65,10.811
CAR062,37.29,0,24.8,2498.0,13.0,1,1,Rural,204.7,0.06,1.43,30.65,2.747
CAR026,19.85,0,71.5,2286.0,26.6,1,2,City,421.7,0.83,4.33,280.71,18.8575
CAR132,31.84,20,61.5,1613.0,30.2,1,0,City,86.7,0.76,1.61,100.94,15.925
CAR041,7.98,10,26.3,2081.0,,1,1,Highway,267.1,0.86,1.57,37.24,4.635
CAR099,30.98,20,99.2,1347.0,25.6,0,0,,219.9,0.54,0.34,33.86,4.663
CAR019,12.79,10,66.0,3141.0,26.9,1,2,Rural,389.4,0.59,0.88,60.38,8.817
CAR170,4.21,20,53.9,1874.0,,1,1,City,373.4,0.08,0.36,17.54,2.613
CAR018,7.53,20,71.1,2486.0,38.8,0,1,Highway,374.9,0.25,2.1,149.72,7.1535
CAR003,16.0,20,32.1,2492.0,39.4,0,0,Rural,235.9,0.9,2.39,70.55,11.251
CAR200,16.58,0,52.6,2508.0,25.2,0,2,City,374.7,0.23,3.85,199.41,15.750999999999998
CAR004,9.82,20,49.7,2601.0,29.3,1,2,City,355.7,0.12,4.14,176.59,9.329
CAR185,27.98,10,57.8,1444.0,30.1,1,0,City,360.8,0.15,2.19,119.14,14.273
CAR052,3.49,20,40.1,2024.0,24.4,1,1,City,245.9,0.06,1.02,39.73,3.3155
CAR031,24.77,85,63.7,1780.0,11.2,1,0,City,177.8,0.77,2.88,192.07,23.531499999999998
CAR067,31.8,20,45.1,2183.0,33.0,0,1,City,177.7,0.67,1.09,49.92,8.445
CAR006,28.11,10,49.7,1203.0,42.1,1,0,City,226.7,0.79,3.4,158.81,23.82
CAR121,40.5,20,57.7,1927.0,43.1,1,0,Highway,113.0,0.65,3.39,201.87,32.066
CAR190,12.29,85,40.9,4604.9367943615825,28.4,0,2,City,145.3,0.55,4.34,169.36,11.675499999999998
CAR055,17.59,20,30.6,2020.0,23.9,0,2,Highway,103.2,0.75,0.52,16.54,2.695
CAR017,6.1,20,67.1,2273.0,22.3,1,0,Rural,86.5,0.25,0.53,32.79,4.595
CAR189,32.25,85,57.7,1653.0,21.2,1,0,Highway,386.3,0.7,2.34,128.99,30.6375
CAR197,22.15,10,66.9,1742.0,23.1,1,2,Highway,357.4,0.57,4.2,280.43,21.042499999999997
CAR099,12.98,20,34.8,1394.0,34.9,0,2,City,,0.25,4.19,144.24,12.331
CAR158,13.46,10,58.7,2160.0,27.6,1,2,Highway,155.9,0.59,3.17,159.23,12.787
CAR096,27.54,10,11.9,2841.0,17.4,1,0,Highway,93.7,0.19,2.64,28.67,2.561
CAR057,30.89,10,64.1,3183.0,21.2,0,2,City,,0.07,3.95,251.65,29.345499999999998
CAR070,10.11,10,73.9,2167.0,21.6,1,1,Rural,369.1,0.5,2.89,186.7,9.6045
CAR122,9.44,0,87.1,2319.0,7.0,0,2,City,392.4,0.6,2.08,154.38,8.968
CAR041,27.29,10,64.0,1634.0,12.4,1,0,Rural,225.0,0.07,3.53,211.65,21.84
CAR152,11.61,20,85.8,936.0,26.8,0,0,city,415.5,0.3,1.72,131.76,11.029499999999999
CAR057,30.31,10,64.5,1715.0,15.5,0,1,Rural,133.2,0.71,1.98,125.78,16.713
CAR150,16.99,10,39.3,3012.0,18.6,0,1,Highway,319.0,0.53,0.42,16.48,1.862
CAR018,12.1,10,37.1,,29.8,0,2,Highway,217.1,0.28,4.31,142.92,11.495
CAR112,35.19,10,47.6,1564.0,34.0,1,2,Rural,313.7,0.16,3.22,139.22,17.926
CAR188,39.31,0,37.7,2516.0,39.8,1,2,City,,0.58,1.5,54.33,7.338
CAR001,7.87,10,62.8,1642.0,10.0,0,0,City,218.5,0.88,1.29,75.07,7.4765
CAR037,5.73,85,39.8,2530.0,28.8,0,1,City,131.0,0.58,2.88,119.03,5.4435
CAR165,36.53,85,69.5,2706.0,30.0,1,2,Highway,125.7,0.34,2.65,177.47,34.7035
CAR158,11.93,20,75.1,1924.0,27.9,0,0,City,133.0,0.49,0.66,44.32,6.344
CAR148,41.89,0,38.3,1668.0,27.2,0,2,Rural,397.4,0.27,3.42,123.51,12.096
CAR016,22.94,85,45.5,2018.0,21.5,0,2,Highway,109.0,0.47,2.69,121.81,21.793
CAR194,27.28,10,84.5,,39.5,0,1,Highway,81.0,0.78,1.05,91.22,11.568
CAR197,44.64,0,70.5,2325.0,26.7,1,1,Highway,281.0,0.64,3.57,232.01,22.317
CAR005,36.1,10,41.5,1707.0,22.0,0,1,City,345.3,0.27,0.87,33.17,3.922
CAR017,12.86,0,66.6,2476.0,26.5,1,2,City,304.6,0.58,2.7,177.45,12.216999999999999
CAR070,3.47,10,34.7,2478.0,29.2,0,0,City,123.6,0.21,1.59,56.56,3.2965
CAR061,3.45,20,42.1,1487.0,34.7,1,0,Highway,277.5,0.88,2.29,83.11,3.2775
CAR103,38.49,10,43.9,2717.0,24.2,1,2,City,410.9,0.5,3.17,143.9,22.409
CAR042,42.75,10,31.2,1745.0,40.7,1,0,City,379.5,0.67,1.82,51.51,6.968
CAR026,13.04,10,62.8,2568.0,12.4,1,2,City,233.5,0.36,1.25,76.33,10.939
CAR107,18.81,20,35.2,2474.0,17.3,0,1,City,346.3,0.26,4.14,144.66,17.8695
CAR061,28.5,85,70.0,1997.0,31.5,0,1,City,400.4,0.76,3.38,219.21,27.075
CAR029,27.93,20,52.6,2551.0,26.1,0,0,City,346.2,0.3,2.03,103.44,14.773
CAR029,14.5,20,40.3,2542.0,15.7,0,1,Highway,353.7,0.67,3.09,110.84,13.774999999999999
CAR029,20.3,20,59.8,2483.0,41.0,0,2,Highway,422.8,0.43,1.18,69.34,11.483
CAR166,35.84,10,15.8,2001.0,37.1,0,0,Highway,437.9,0.86,4.01,57.67,6.348
CAR045,10.69,0,68.0,2698.0,18.1,0,1,City,76.3,0.22,0.39,26.06,2.451
CAR058,6.7,20,79.5,2728.0,30.1,0,0,City,214.4,0.13,0.93,63.63,6.365
CAR130,25.84,10,64.4,2272.0,21.4,1,1,Highway,266.3,0.55,4.45,268.19,24.548
CAR196,26.65,20,42.6,,25.3,1,0,Highway,370.5,0.27,2.06,81.83,11.405
CAR093,20.89,10,62.2,,23.9,0,0,City,105.7,0.69,1.24,76.67,8.727
CAR103,17.76,10,68.6,3400.0,32.6,1,2,City,223.2,0.55,3.22,216.99,16.872
CAR184,3.27,20,56.4,2126.0,22.1,0,0,City,123.6,0.77,2.04,110.55,3.1065
CAR133,43.51,0,63.8,1893.0,26.3,0,2,Highway,83.1,0.69,1.92,109.44,9.719
CAR197,23.19,10,20.6,3266.0,37.5,1,2,Rural,336.5,0.42,2.6,50.53,7.656
CAR190,41.89,20,105.2,3119.0,31.1,1,1,Highway,369.3,0.7,1.1,108.52,17.746
CAR097,27.6,20,36.1,2801.0,33.2,0,1,Highway,160.9,0.19,0.5,16.93,2.282
CAR103,5.51,0,22.9,1770.0,24.8,0,2,Highway,142.5,0.75,0.55,12.28,1.175
CAR200,35.13,85,58.9,2486.0,30.7,0,0,City,,0.36,2.24,119.48,33.3735
CAR101,29.39,0,70.3,2060.0,37.6,1,1,Highway,89.1,0.09,2.88,182.48,13.549
CAR013,29.68,20,34.0,2311.0,36.7,1,0,City,103.3,0.18,4.18,121.53,18.385
CAR183,6.08,10,42.4,2263.0,29.4,1,0,City,112.1,0.8,2.81,110.4,5.776
CAR194,24.72,20,69.4,1796.0,22.8,1,0,City,389.4,0.19,1.64,117.86,16.433
CAR138,5.52,20,32.0,2682.0,14.8,1,1,Rural,351.6,0.21,3.3,95.64,5.244
CAR160,22.23,20,25.9,3029.0,31.9,1,2,Highway,336.7,0.75,4.23,109.82,18.436
CAR063,15.7,20,109.8,3255.0,34.4,0,1,Highway,,0.51,3.01,310.68,14.915
CAR183,39.11,10,5.0,1818.0,32.7,1,2,Highway,83.7,0.42,2.56,11.39,1.432
CAR062,13.54,10,38.2,2354.0,30.8,0,1,Highway,,0.69,1.46,56.08,7.031
CAR095,42.03,20,62.9,2126.0,29.7,1,2,Highway,170.3,0.53,0.29,19.06,2.967
CAR184,4.9,20,,2263.0,25.1,1,1,Highway,79.6,0.26,2.51,160.47,4.655
CAR070,8.25,20,42.7,2681.0,37.7,1,1,City,196.9,0.18,3.61,131.83,7.8374999999999995
CAR181,38.41,20,66.0,2480.0,17.8,1,0,,381.0,0.05,4.22,248.55,34.273
CAR191,13.12,10,52.8,2360.0,37.1,0,0,City,331.2,0.06,1.85,87.05,8.821
CAR185,33.7,20,45.2,1894.0,29.0,1,1,City,158.7,0.12,4.15,196.16,29.443
CAR065,3.84,20,35.0,2321.0,33.2,1,1,,238.2,0.43,2.2,66.26,3.6479999999999997
CAR067,36.39,0,54.3,1413.0,33.8,0,1,Highway,150.9,0.53,3.97,197.76,13.861
CAR023,39.4,20,71.5,3038.0,29.5,1,1,City,388.7,0.87,2.67,179.31,34.503
CAR080,12.19,10,45.3,2770.0,20.8,1,0,City,343.7,0.68,0.41,16.36,2.235
CAR171,9.81,10,74.8,,25.7,1,0,Rural,323.4,0.44,1.07,81.84,9.3195
CAR063,10.14,10,5.0,2620.0,31.7,0,0,City,80.7,0.86,2.91,13.91,1.886
CAR101,4.79,20,65.2,2632.0,35.2,1,1,City,,0.08,3.0,204.43,4.5504999999999995
CAR034,11.28,20,166.0186077196853,1761.0,44.0,0,1,City,363.2,0.36,0.37,11.24,1.911
CAR082,5.63,20,57.9,2446.0,29.0,1,1,City,259.7,0.18,3.03,159.52,5.3485
CAR075,37.13,20,58.3,2503.0,27.1,1,1,City,221.5,0.55,3.98,236.72,35.2735
CAR035,42.23,20,63.8,3065.0,26.2,1,1,,215.0,0.08,4.2,263.13,40.1185
CAR196,23.0,10,77.0,2939.0,35.2,0,2,City,258.1,0.4,1.71,130.34,20.276
CAR044,20.42,10,47.8,2171.0,37.9,1,0,City,192.4,0.66,4.21,205.33,19.399
CAR082,2.61,10,65.7,2480.0,38.2,1,2,Rural,161.8,0.48,4.07,233.81,2.4795
CAR130,29.56,20,50.7,1989.0,22.9,1,0,City,251.0,0.68,1.12,56.63,9.122
CAR107,9.58,10,50.0,2795.0,25.2,1,0,Rural,124.3,0.88,1.67,86.62,9.100999999999999
CAR100,41.64,20,45.0,2968.0,26.6,1,1,City,88.2,0.88,0.47,20.86,3.768
CAR198,24.29,85,28.3,1402.0,16.6,1,1,Highway,399.3,0.73,1.15,28.28,9.26
CAR160,21.82,20,66.7,1228.0,22.6,1,1,Highway,368.0,0.5,3.86,221.7,20.729
CAR163,30.79,20,29.2,2123.0,28.7,0,1,City,263.5,0.51,0.24,6.11,0.963
CAR189,27.09,0,43.2,2010.0,25.8,0,2,Rural,278.9,0.83,4.4,192.39,20.326
CAR128,43.01,85,21.3,2319.0,28.0,1,1,City,386.6,0.76,2.38,45.61,16.027
CAR108,17.17,20,26.8,2643.0,26.3,1,2,City,325.5,0.82,3.54,98.14,16.311500000000002
CAR062,30.72,20,66.7,3153.0,18.5,0,2,City,320.8,0.38,0.59,40.08,7.033
CAR024,13.21,20,39.3,1989.0,26.8,1,2,Highway,273.4,0.9,2.87,105.32,12.5495
CAR117,23.06,20,54.7,2062.0,32.5,1,2,City,99.6,0.6,2.73,146.08,21.906999999999996
CAR087,25.85,20,58.2,1730.0,14.5,1,1,Rural,289.0,0.8,2.69,144.54,23.889
CAR076,31.23,85,280.88302258456554,2949.0,17.9,0,1,City,172.5,0.57,1.51,80.21,27.898
CAR077,23.01,10,33.2,1749.0,19.2,1,2,Highway,107.3,0.29,3.92,133.45,16.79
CAR107,2.95,20,45.1,940.0,28.8,1,2,City,440.5,0.63,3.35,135.11,2.8025
CAR088,37.66,10,93.5,2780.0,24.9,1,2,City,78.6,0.41,1.25,114.87,17.506
CAR183,26.61,0,24.6,3331.0,44.1,1,2,Highway,237.0,0.07,3.53,80.76,8.543
CAR001,6.58,10,66.1,2057.0,22.8,1,1,City,371.0,0.35,4.32,270.57,6.2509999999999994
CAR024,15.24,20,86.3,1733.0,18.5,1,1,Rural,81.7,0.19,2.47,197.4,14.478
CAR186,43.52,85,27.0,2139.0,24.7,0,0,Highway,159.1,0.45,1.04,28.46,8.86
CAR062,18.65,10,67.6,1493.0,29.2,1,2,Rural,398.2,0.79,2.39,141.78,17.717499999999998
CAR034,20.38,10,68.8,1828.0,33.2,0,0,City,207.9,0.3,4.25,273.6,19.360999999999997
CAR126,5.31,10,25.4,1520.0,28.5,1,0,Highway,91.9,0.64,3.24,78.22,5.044499999999999
CAR106,17.58,10,36.6,2340.0,26.2,1,1,City,204.6,0.53,2.92,102.98,15.176
CAR151,25.51,20,62.2,,31.5,1,1,Highway,334.0,0.74,3.35,203.64,24.2345
CAR179,33.54,20,62.4,2710.0,29.9,0,0,City,320.5,0.15,3.08,187.74,27.43
CAR052,39.04,20,57.0,2384.0,32.1,0,0,Highway,,0.23,2.87,151.53,18.502
CAR012,43.45,20,39.6,2134.0,26.6,0,1,City,240.9,0.7,3.24,120.72,19.688
CAR090,37.92,10,49.1,3259.0,32.1,1,1,Rural,343.1,0.64,3.04,155.31,21.885
CAR008,41.12,10,32.3,2918.0,37.9,0,1,City,213.8,0.88,0.51,16.42,2.39
CAR182,42.72,0,61.1,2181.0,20.1,0,1,Rural,260.7,0.78,1.4,77.37,7.123
CAR084,4.43,85,54.7,3189.0,,0,2,City,,0.64,0.64,34.77,4.2085
CAR098,24.48,0,5.0,,28.9,0,0,Rural,330.1,0.64,2.15,10.2,0.916
CAR095,38.65,10,66.4,2667.0,14.1,0,1,City,125.1,0.85,3.67,246.64,31.879
CAR084,3.34,20,64.0,2192.0,32.2,0,2,Rural,430.4,0.6,4.11,260.1,3.1729999999999996
CAR032,19.06,10,40.3,2164.0,36.9,1,0,Highway,158.9,0.38,2.26,87.84,9.964
CAR045,17.62,10,57.9,3028.0,43.7,1,2,City,398.7,0.81,2.61,144.97,16.739
CAR145,21.33,20,71.7,2405.0,31.9,1,1,Highway,130.3,0.86,4.47,297.11,20.263499999999997
CAR199,7.12,20,38.3,2340.0,25.6,0,1,Highway,345.5,0.62,3.2,127.64,6.763999999999999
CAR126,3.87,10,37.8,2515.0,39.5,1,1,Highway,336.8,0.62,1.77,58.2,3.6765
CAR011,35.61,0,32.0,2262.0,32.8,0,0,City,135.1,0.58,0.59,16.07,1.398
CAR125,38.8,20,24.7,,31.4,0,1,City,123.3,0.9,1.31,32.36,5.46
CAR150,2.86,10,62.0,1620.0,18.5,0,0,City,176.6,0.2,0.21,12.71,1.392
CAR004,35.16,20,74.9,2117.0,32.5,1,2,Rural,152.6,0.82,0.6,41.31,7.482
CAR054,12.77,0,56.3,2625.0,29.2,1,2,Rural,434.6,0.72,4.16,206.07,12.131499999999999
CAR069,19.83,10,44.9,2404.0,26.0,1,2,Highway,259.7,0.79,0.28,11.29,1.599
CAR078,26.42,20,96.0,2374.0,35.1,0,0,Rural,412.2,0.45,1.98,188.84,25.099
CAR164,36.11,20,35.1,1351.0,18.8,1,2,City,235.5,0.46,0.97,30.37,5.23
CAR164,17.18,20,45.5,2755.0,25.2,0,2,Highway,211.4,0.49,2.38,100.62,15.532
CAR183,39.22,10,28.7,2962.0,12.8,1,1,Rural,373.3,0.53,2.64,79.31,10.615
CAR004,41.15,10,66.3,1440.0,26.5,1,2,City,98.0,0.16,2.95,180.03,23.201
CAR019,18.28,0,55.6,2530.0,28.4,1,2,Rural,409.9,0.15,0.69,33.59,3.531
CAR021,28.92,20,7.1,2184.0,34.2,0,0,Highway,342.1,0.83,0.58,3.62,0.503
CAR031,22.99,10,47.9,2388.0,26.0,0,2,Highway,370.5,0.31,2.46,100.72,11.792
CAR055,43.15,85,15.9,1722.0,24.9,1,0,City,403.6,0.79,1.76,25.01,8.895
CAR176,24.76,20,179.03967499181744,1156.0,22.1,0,1,City,218.3,0.24,4.04,152.05,22.58
CAR121,9.01,10,87.3,2968.0,20.2,1,0,City,228.6,0.47,4.06,370.29,8.5595
CAR047,44.65,20,41.5,2408.0,24.9,1,0,City,145.3,0.41,2.34,89.89,13.263
CAR106,5.96,20,72.8,2289.0,32.4,0,1,City,328.6,0.55,3.04,214.33,5.662
CAR051,36.99,0,79.0,1157.0,25.5,1,1,City,78.6,0.43,0.94,77.7,6.702
CAR169,26.62,20,69.1,2085.0,38.3,0,0,City,232.1,0.41,3.99,269.61,25.289
CAR081,43.84,20,48.9,2121.0,14.6,0,1,Highway,,0.58,2.45,122.86,17.629
CAR030,7.12,10,66.2,3434.0,25.1,0,0,Highway,297.7,0.76,1.96,131.55,6.763999999999999
CAR169,43.34,10,45.7,2213.0,35.0,1,2,City,152.8,0.29,1.77,73.42,9.273
CAR158,42.81,20,47.4,1953.0,28.8,0,2,City,338.3,0.12,1.24,54.29,8.565
CAR134,37.82,20,101.0,2149.0,31.0,1,0,City,388.2,0.49,2.85,270.6,35.929
CAR189,13.93,20,,2458.0,24.3,1,2,,306.1,0.65,2.02,119.97,13.2335
CAR192,7.24,10,41.0,1977.0,31.3,1,1,Highway,110.3,0.26,1.45,57.92,6.73
CAR039,6.24,20,67.2,,36.1,1,1,City,275.7,0.56,2.08,136.18,5.928
CAR079,10.08,10,54.9,2751.0,35.2,0,2,City,286.7,0.12,4.17,207.65,9.575999999999999
CAR088,15.8,20,54.6,2494.0,36.0,0,2,City,273.1,0.06,0.42,23.4,3.894
CAR009,44.17,10,50.7,2832.0,11.8,1,2,Highway,104.0,0.4,3.06,136.45,17.55
CAR073,26.76,20,22.8,1431.0,30.0,1,1,,110.5,0.89,0.6,13.91,2.389
CAR189,8.88,0,52.7,2105.0,27.6,1,2,City,440.7,0.51,1.71,87.2,8.436
CAR196,3.58,20,36.5,2146.0,21.9,0,0,City,268.2,0.46,0.29,9.75,1.365
CAR056,41.84,85,51.9,1803.0,21.9,1,1,Highway,378.3,0.13,3.76,167.92,39.748000000000005
CAR153,6.85,20,63.1,2943.0,40.7,0,1,Rural,83.4,0.66,0.64,37.58,6.47
CAR134,15.06,10,64.0,2139.0,21.9,1,0,highway,174.1,0.07,1.1,73.92,6.763
CAR190,30.98,0,61.0,2311.0,20.9,1,0,Highway,231.9,0.67,4.24,262.11,21.422
CAR150,27.77,0,48.0,2006.0,32.0,1,2,City,239.5,0.36,3.69,175.93,20.379
CAR016,33.78,20,13.7,3058.0,29.0,0,2,Rural,336.0,0.88,2.56,36.47,6.485
CAR064,15.77,85,69.1,3100.0,27.5,0,2,City,434.8,0.56,1.16,73.25,14.981499999999999
CAR145,22.2,10,83.5,1702.0,30.7,0,0,Highway,366.9,0.63,1.84,149.37,14.966
CAR169,35.29,0,52.1,2954.0,30.2,1,1,Highway,148.8,0.19,2.23,118.13,9.35
CAR114,40.62,10,49.8,1662.0,12.9,1,0,Highway,142.2,0.75,1.37,58.54,6.199
CAR114,12.71,20,103.7,2448.0,,1,0,Rural,395.2,0.56,4.29,393.27,12.0745
CAR008,7.56,20,61.9,1926.0,30.5,1,2,City,236.5,0.39,2.49,161.52,7.1819999999999995
CAR149,5.47,10,41.4,2503.0,18.4,1,1,City,206.9,0.42,0.94,39.71,5.1964999999999995
CAR039,26.17,20,60.4,1659.0,,0,1,City,383.4,0.44,0.57,35.36,5.374
CAR031,9.32,20,52.3,2754.0,37.6,1,1,Rural,294.6,0.23,2.24,113.93,8.854
CAR137,14.64,20,18.5,2525.0,23.9,0,1,Rural,166.7,0.51,2.72,44.52,6.408
CAR059,14.81,0,42.4,2679.0,24.3,1,2,Highway,418.5,0.35,4.43,190.11,14.0695
CAR127,27.66,10,43.5,2528.0,26.3,0,2,City,270.6,0.75,1.69,75.28,11.922
CAR156,26.61,20,51.2,2237.0,21.9,0,2,Highway,376.1,0.6,2.91,142.41,23.478
CAR107,3.49,10,33.1,2430.0,40.8,1,1,Highway,246.0,0.7,3.8,125.0,3.3155
CAR074,15.15,20,56.2,3780.0,14.2,0,1,Rural,71.4,0.39,1.79,99.95,14.3925
CAR167,10.47,10,32.8,2698.0,,0,2,City,194.9,0.89,3.37,106.43,9.9465
CAR026,17.64,20,50.8,1793.0,32.3,1,1,Highway,189.7,0.59,1.65,78.13,10.695
CAR027,32.81,20,56.6,2553.0,19.6,1,2,Highway,295.2,0.22,1.21,69.01,10.797
CAR084,33.79,20,12.3,2899.0,30.8,1,2,city,82.0,0.78,2.05,22.72,4.41
CAR127,35.03,10,10.7,3049.0,29.5,0,0,City,340.1,0.1,4.16,42.64,4.958
CAR086,42.01,10,50.8,2645.0,33.9,0,0,Highway,153.9,0.07,3.43,174.56,14.292
CAR019,38.85,0,82.5,1909.0,18.2,0,0,City,289.1,0.25,0.62,45.97,3.858
CAR005,14.57,10,49.6,2190.0,29.4,1,1,Rural,290.2,0.76,3.64,181.66,13.8415
CAR075,36.51,85,55.7,2119.0,11.2,1,0,Highway,340.3,0.14,2.32,120.9,34.6845
CAR166,34.74,20,56.4,2600.0,21.1,0,0,City,225.7,0.7,1.5,87.98,14.76
CAR068,36.86,20,56.9,1429.0,24.1,0,1,City,233.9,0.88,2.43,144.31,23.919
CAR051,10.11,85,34.5,1588.0,19.7,1,0,City,216.7,0.86,2.81,93.83,9.6045
CAR195,11.5,20,29.3,2223.0,26.9,1,2,City,421.6,0.48,0.23,5.9,1.123
CAR023,44.51,20,41.9,2104.0,28.2,1,1,Rural,302.4,0.61,4.19,179.21,29.206
CAR150,38.04,20,57.2,1945.0,37.1,0,1,City,335.0,0.61,3.08,171.85,29.16
CAR057,38.64,10,49.4,1976.0,42.0,0,2,City,324.3,0.29,4.08,194.94,29.461
CAR054,21.84,85,40.2,13331.97038991512,39.7,0,1,Highway,254.8,0.1,1.61,57.06,18.529
CAR178,42.89,10,45.2,2882.0,24.3,1,0,Highway,126.4,0.72,1.81,76.18,8.568
CAR100,9.19,10,48.2,2622.0,33.4,1,1,Rural,380.1,0.46,4.48,198.17,8.7305
CAR088,31.52,0,82.1,3488.0,29.3,0,1,Highway,234.0,0.57,3.85,307.38,26.131
CAR004,44.1,10,50.0,700.0,19.5,0,1,City,147.8,0.71,3.56,169.74,19.834
CAR019,12.41,20,39.3,11284.888435402561,43.5,1,1,City,112.1,0.51,0.32,11.48,2.166
CAR074,13.49,10,60.4,6931.347670542521,14.0,1,1,City,217.3,0.56,2.49,144.42,12.8155
CAR176,4.14,20,52.3,1973.0,17.5,0,1,Rural,213.1,0.17,1.04,50.98,3.9329999999999994
CAR158,29.72,85,37.7,999.0,30.6,0,1,City,208.8,0.11,1.09,42.69,13.891
CAR039,24.25,85,,2922.0,18.8,1,2,City,118.5,0.79,2.49,130.5,23.037499999999998
CAR017,15.3,10,47.0,2769.0,24.4,0,0,,295.0,0.33,3.49,149.47,14.535
CAR076,15.86,20,49.2,,19.2,0,1,City,275.3,0.76,4.45,225.68,15.066999999999998
CAR084,17.08,10,5.0,1429.0,42.2,1,2,City,339.4,0.81,1.22,5.47,0.891
CAR134,22.8,85,21.1,2166.0,,0,0,City,207.1,0.82,2.29,41.19,13.921
CAR128,19.95,10,62.3,2203.0,24.3,1,1,Highway,127.3,0.66,1.22,74.19,8.086
CAR017,2.25,10,33.6,996.0,34.4,1,0,City,125.6,0.68,4.26,131.24,2.1374999999999997
CAR122,38.02,10,63.0,2770.0,28.6,1,1,City,270.0,0.86,1.17,68.47,10.951
CAR001,25.21,85,79.7,2228.0,26.9,1,2,Rural,241.7,0.78,1.93,159.53,23.9495
CAR150,27.25,20,64.8,1907.0,37.7,1,0,City,287.8,0.31,2.52,163.59,23.489
CAR089,41.24,0,45.1,1575.0,20.5,0,0,City,413.9,0.62,3.72,157.72,15.169
CAR149,23.11,20,20.4,2293.0,24.3,1,2,City,341.1,0.86,4.2,87.63,17.192
CAR047,41.76,20,91.2,1147.0,25.1,0,2,Rural,350.9,0.68,0.75,71.38,11.389
CAR152,20.98,10,26.2,1718.0,32.1,0,0,,212.5,0.52,0.87,21.0,1.893
CAR065,44.22,0,42.3,2080.0,29.9,0,2,City,150.7,0.86,0.93,39.57,4.647
CAR128,44.26,0,51.7,2378.0,15.7,1,2,City,219.8,0.27,0.99,44.89,5.641
CAR032,8.03,0,47.2,2064.0,,0,0,Highway,374.7,0.42,4.1,169.21,7.628499999999999
CAR120,13.33,10,94.5,3091.0,35.7,0,1,City,159.5,0.47,3.23,316.1,12.663499999999999
CAR177,11.46,10,35.6,,13.0,1,2,Rural,219.7,0.67,3.64,126.06,10.887
CAR019,8.45,20,28.7,1820.0,22.9,1,1,City,306.7,0.36,1.29,34.13,5.804
CAR086,34.97,20,84.0,700.0,36.8,1,1,City,112.0,0.74,4.27,370.85,33.2215
CAR003,5.36,10,33.6,1549.0,35.7,0,2,Highway,276.8,0.72,3.26,96.16,5.092
CAR194,44.11,10,60.0,1923.0,20.8,0,0,City,206.4,0.85,1.09,65.03,7.91
CAR178,4.24,0,63.0,1691.0,27.3,0,0,City,83.7,0.17,2.82,182.95,4.028
CAR098,6.65,20,71.7,,28.7,1,0,City,78.3,0.35,0.22,16.37,2.448
CAR125,40.5,0,24.9,1251.0,30.6,1,1,Highway,187.3,0.66,2.88,63.9,5.844
CAR153,21.24,85,66.2,,5.0,1,2,City,269.7,0.59,3.45,213.7,20.177999999999997
CAR004,29.11,10,67.7,,33.8,1,2,City,,0.38,2.68,159.57,24.962
CAR149,37.93,10,53.2,1912.0,32.7,0,1,City,275.2,0.49,0.98,52.72,6.738
CAR054,38.27,10,96.0,1647.0,30.1,0,2,City,222.3,0.11,3.72,336.44,36.356500000000004
CAR008,14.7,20,81.0,1702.0,15.5,1,1,City,246.4,0.56,3.44,283.62,13.964999999999998
CAR053,2.15,10,48.1,1805.0,19.9,1,0,Rural,335.0,0.69,1.73,80.81,2.0425
CAR121,42.81,10,39.1,2571.0,21.2,0,2,Highway,130.5,0.77,1.8,66.14,8.917
CAR180,16.39,0,,2430.0,24.4,1,0,City,180.1,0.87,0.62,30.04,3.17
CAR124,15.27,20,67.7,1905.0,32.2,1,1,city,438.1,0.87,1.07,69.53,12.716
CAR059,3.35,20,16.9,2186.0,23.6,1,2,,147.5,0.28,2.11,32.13,3.1825
CAR025,10.04,10,82.9,2417.0,42.3,1,0,City,342.6,0.06,3.36,243.6,9.537999999999998
CAR163,2.59,20,81.0,2104.0,30.3,0,0,City,281.3,0.27,2.67,205.11,2.4604999999999997
CAR097,41.68,0,33.2,1914.0,27.9,0,2,Highway,431.1,0.21,0.82,28.12,2.331
CAR060,42.95,20,60.8,3134.0,16.7,1,2,City,271.8,0.86,0.54,28.75,5.633
CAR094,22.07,20,53.1,1971.0,32.9,1,1,City,129.0,0.9,1.29,58.78,10.446
CAR159,14.63,10,31.0,2776.0,33.8,1,0,Rural,397.7,0.2,3.15,94.33,10.415
CAR194,34.67,0,11.3,2396.0,27.5,0,2,City,440.1,0.83,2.6,26.76,3.434
CAR187,21.19,10,29.3,,31.5,0,2,City,352.1,0.55,1.19,32.24,4.483
CAR051,40.59,20,5.0,3588.0,23.0,1,1,City,407.3,0.76,0.52,2.46,0.439
CAR012,39.09,85,5.0,2706.0,28.2,1,1,Highway,114.5,0.9,3.95,18.99,6.44
CAR004,42.93,20,31.0,2821.0,27.9,0,1,Rural,235.0,0.12,0.77,21.28,3.096
CAR037,2.9,85,35.6,,34.5,1,2,City,242.7,0.19,3.11,95.25,2.755
CAR092,11.61,20,56.6,,31.7,0,1,city,289.7,0.33,3.6,187.75,11.029499999999999
CAR036,22.06,20,47.0,2782.0,35.0,0,1,City,248.8,0.23,2.2,96.36,15.331
CAR129,24.25,20,54.7,1803.0,22.5,1,2,City,313.9,0.3,3.86,187.1,23.037499999999998
CAR060,13.15,20,32.9,3040.0,24.3,1,0,Highway,276.9,0.62,0.89,26.4,3.597
CAR076,40.09,85,47.2,1018.0,25.7,0,1,Rural,122.4,0.12,1.01,48.98,15.354
CAR104,31.49,85,21.6,2108.0,41.5,1,0,City,434.3,0.53,2.79,55.69,19.617
CAR133,20.15,10,43.5,2478.0,29.6,0,2,Rural,411.4,0.81,1.85,72.42,10.69
CAR188,31.43,20,75.7,1942.0,31.3,1,1,City,93.0,0.15,3.58,272.77,29.8585
CAR026,25.73,85,49.3,1954.0,19.2,1,1,City,157.9,0.23,1.36,61.19,20.12
CAR113,7.93,20,45.8,2894.0,30.5,1,2,City,169.6,0.37,3.84,165.21,7.533499999999999
CAR057,42.71,20,46.2,1825.0,33.8,1,1,,417.8,0.68,3.18,146.13,26.045
CAR013,21.22,85,49.5,1491.0,9.1,1,2,City,391.9,0.4,0.86,39.28,14.065
CAR147,12.23,10,50.1,1789.0,35.1,1,1,City,303.8,0.16,2.71,132.66,11.6185
CAR182,8.9,10,69.0,2467.0,24.9,0,2,Highway,417.8,0.15,0.66,44.13,4.932
CAR039,3.21,85,86.0,2645.0,24.2,1,1,Rural,124.7,0.07,3.21,248.39,3.0494999999999997
CAR004,12.44,85,39.2,2627.0,36.1,1,0,Highway,310.2,0.67,1.36,48.92,11.818
CAR036,20.48,0,36.0,2442.0,31.3,1,2,Highway,276.8,0.75,2.34,77.49,8.589
CAR022,6.32,0,29.2,,41.7,1,1,Rural,195.2,0.29,3.22,92.62,6.004
CAR140,21.57,20,53.7,3296.0,32.2,1,1,Highway,398.7,0.07,3.93,214.76,20.4915
CAR074,4.87,0,48.8,3123.0,29.0,0,0,Highway,436.9,0.72,0.63,31.05,2.681
CAR054,14.94,20,78.9,1596.0,36.4,1,0,Highway,233.5,0.44,2.03,150.54,14.193
CAR044,44.0,20,73.9,1622.0,29.4,0,2,Rural,179.2,0.63,4.15,272.2,41.8
CAR088,13.81,10,37.5,2622.0,20.5,0,2,City,404.4,0.68,0.47,15.26,2.501
CAR016,10.46,20,59.8,2741.0,15.9,1,0,City,146.2,0.51,1.73,105.67,9.937000000000001
CAR057,26.77,0,57.1,2358.0,34.8,0,1,Rural,222.1,0.78,4.19,206.07,22.717
CAR132,8.95,0,15.4,2231.0,29.9,1,1,Rural,435.3,0.11,1.71,26.13,2.206
CAR170,2.87,0,83.8,2447.0,24.4,0,0,City,437.1,0.26,4.46,379.05,2.7265
CAR091,7.6,20,66.5,,35.5,1,1,City,309.1,0.85,4.13,272.39,7.22
CAR062,25.14,10,50.6,1970.0,29.6,1,0,City,188.8,0.81,2.26,100.52,12.639
CAR069,23.13,10,33.1,2546.0,33.0,0,0,Highway,268.5,0.57,4.31,139.42,13.16
CAR060,37.53,10,22.9,2353.0,15.1,1,0,Rural,71.9,0.05,1.85,36.14,3.628
CAR047,23.78,10,49.9,2917.0,30.2,1,2,,,0.18,0.95,46.31,6.985
CAR010,30.46,0,59.6,,38.9,1,0,City,265.9,0.86,3.83,198.02,24.247
CAR091,39.04,10,65.6,2193.0,26.7,1,1,City,,0.31,1.17,77.85,10.666
CAR148,13.66,20,56.3,2218.0,29.3,1,2,Highway,362.0,0.56,2.66,148.32,12.977
CAR105,31.64,85,83.3,3558.0,39.5,1,1,Highway,412.2,0.74,0.55,41.49,14.963
CAR124,13.35,0,33.9,2076.0,29.0,0,1,Highway,178.2,0.6,0.77,23.26,1.942
CAR049,31.4,20,33.4,1650.0,,0,2,City,,0.69,3.98,118.88,22.297
CAR086,38.44,20,25.1,1910.0,31.7,1,0,,445.8,0.1,0.71,17.21,2.589
CAR192,14.36,20,62.3,3045.0,28.0,0,0,Highway,163.6,0.86,2.22,138.22,13.642
CAR200,10.32,10,61.1,2698.0,39.5,1,1,Highway,142.6,0.7,1.71,93.4,9.804
CAR100,44.96,20,32.0,2402.0,36.0,0,0,Rural,313.6,0.34,2.38,74.99,10.871
CAR191,27.39,85,5.1,1899.0,28.9,0,0,Highway,165.2,0.36,3.37,14.63,4.551
CAR099,17.18,20,54.2,2534.0,31.5,1,2,Highway,391.8,0.65,0.86,41.89,7.064
CAR118,38.05,20,42.7,2294.0,19.2,0,2,City,280.5,0.21,3.14,125.05,19.883
CAR017,9.19,20,26.1,3934.0,31.0,0,1,City,184.2,0.66,3.82,93.71,8.7305
CAR050,11.05,10,23.1,2737.0,27.9,1,1,Rural,406.6,0.12,3.09,65.28,7.987
CAR014,6.24,10,45.3,1886.0,28.8,1,0,City,243.9,0.41,0.98,45.3,5.354
CAR154,37.69,10,45.0,1864.0,,0,1,City,354.0,0.51,3.07,122.62,15.918
CAR122,24.48,20,58.8,1715.0,22.0,0,2,City,346.8,0.39,3.67,185.69,23.256
CAR031,28.42,10,56.8,1219.0,32.9,1,2,City,173.5,0.1,0.81,42.69,5.864
CAR130,31.18,20,31.4,2391.0,30.1,1,0,Highway,385.4,0.71,2.81,82.96,12.156
CAR016,41.76,85,28.8,1138.0,33.1,0,0,City,332.0,0.84,0.69,18.9,6.275
CAR088,11.45,85,83.3,1780.0,42.9,1,1,Highway,310.1,0.72,3.44,277.62,10.8775
CAR089,27.52,10,61.5,2311.0,18.4,0,0,Highway,121.3,0.06,4.02,246.82,20.691
CAR192,28.06,20,52.9,1503.0,37.3,1,2,Highway,258.1,0.62,2.4,132.95,22.401
CAR156,29.6,10,45.1,2255.0,37.4,1,0,City,123.4,0.42,1.34,56.3,6.897
CAR040,12.32,10,42.0,1852.0,25.6,1,1,City,,0.9,2.5,105.13,11.703999999999999
CAR011,18.56,10,49.0,1855.0,31.5,0,2,Highway,335.3,0.13,1.13,50.19,6.324
CAR122,35.3,20,76.3,1459.0,24.0,0,0,Rural,133.0,0.78,2.8,212.65,29.867
CAR145,17.28,85,35.0,2799.0,16.5,1,2,Highway,324.6,0.29,3.02,104.83,16.416
CAR175,16.7,0,33.1,2897.0,30.2,0,1,City,80.4,0.37,4.09,123.98,12.788
CAR109,15.02,85,56.0,3345.0,40.7,1,0,Highway,152.8,0.75,2.97,155.75,14.268999999999998
CAR027,37.77,20,44.2,1882.0,41.3,0,1,City,343.2,0.15,4.44,169.64,25.593
CAR041,33.16,20,23.8,,28.9,0,1,Rural,138.9,0.11,3.51,79.9,11.213
CAR038,40.56,10,70.3,1714.0,29.9,0,2,City,219.6,0.24,4.02,281.25,36.628
CAR064,7.25,85,71.7,1555.0,14.5,1,0,City,162.3,0.88,1.59,104.85,6.887499999999999
CAR041,37.37,10,76.4,2377.0,14.9,0,2,City,237.2,0.62,0.23,17.12,2.567
CAR034,42.35,10,,2662.0,34.4,0,1,City,405.5,0.6,1.63,142.15,20.276
CAR128,5.82,10,39.2,2641.0,35.4,0,0,City,276.8,0.32,1.29,44.3,4.996
CAR168,13.41,20,38.0,1874.0,34.8,1,0,rural,174.6,0.89,2.98,115.41,12.7395
CAR084,35.2,20,37.3,2100.0,42.1,0,1,Highway,137.1,0.34,3.63,118.5,16.241
CAR179,32.03,10,63.3,2185.0,21.3,1,2,City,214.7,0.85,2.9,178.73,29.504
CAR084,36.64,85,50.3,2947.0,17.0,1,0,City,197.4,0.36,1.76,81.21,27.577
CAR110,13.02,10,62.6,2469.0,38.3,1,1,Highway,99.5,0.62,2.76,166.31,12.369
CAR105,9.04,85,44.7,1686.0,16.6,1,2,Highway,115.4,0.66,1.81,83.81,8.588
CAR107,3.33,85,39.4,3162.0,33.2,1,1,City,420.2,0.43,2.81,113.48,3.1635
CAR073,26.67,10,48.2,,,1,2,Rural,365.9,0.44,2.32,106.71,14.345
CAR122,44.35,0,76.3,2527.0,25.6,0,1,City,440.0,0.23,3.53,282.41,26.168
CAR098,2.75,20,71.7,3532.0,35.2,1,1,Highway,167.2,0.22,2.57,184.61,2.6125
CAR048,15.51,10,74.2,1443.0,35.0,0,2,Highway,218.6,0.59,2.6,197.83,14.734499999999999
CAR105,6.13,20,,1857.0,39.4,0,1,City,86.4,0.24,1.76,95.28,5.823499999999999
CAR162,31.38,20,30.6,2257.0,,0,1,Highway,93.4,0.82,3.16,84.38,13.152
CAR031,43.18,20,54.2,1694.0,34.4,1,1,Highway,213.4,0.51,2.64,131.15,18.241
CAR068,28.94,0,53.2,2414.0,36.1,0,0,Highway,265.6,0.71,1.67,80.37,6.654
CAR037,21.83,10,64.7,1300.0,21.4,0,1,Rural,448.7,0.55,1.01,60.02,7.74
CAR193,15.94,20,38.7,1879.0,22.5,0,0,City,364.7,0.39,3.96,138.02,15.142999999999999
CAR036,19.35,10,50.9,2077.0,32.3,1,1,Rural,258.2,0.53,0.32,15.88,2.149
CAR075,23.37,10,32.7,2661.0,21.7,1,0,City,120.7,0.24,1.31,42.18,5.171
CAR140,18.68,20,56.0,1323.0,29.6,0,2,Rural,302.3,0.26,1.8,91.95,14.437
CAR027,34.24,20,81.7,1644.0,21.7,1,1,Highway,284.3,0.61,3.44,260.28,32.528
CAR148,15.58,10,48.9,3052.0,25.2,1,2,Highway,281.6,0.12,3.61,151.69,14.801
CAR027,40.45,20,38.9,2627.0,39.9,1,2,city,368.6,0.08,1.89,73.48,13.097
CAR044,19.24,0,34.3,2135.0,26.0,0,0,City,245.2,0.81,1.43,45.9,4.39
CAR089,24.21,10,53.2,954.0,27.3,1,0,Highway,322.4,0.16,1.55,71.75,6.413
CAR160,30.97,10,33.5,2277.0,26.5,1,2,City,108.7,0.78,1.04,36.31,5.792
CAR019,7.82,10,58.8,1812.0,39.2,0,0,Highway,362.8,0.38,1.98,113.32,7.429
CAR100,39.41,10,80.0,1360.0,24.8,1,1,,121.8,0.65,2.86,237.99,29.446
CAR177,27.48,20,,2007.0,36.8,0,2,Highway,264.2,0.66,2.15,102.17,16.004
CAR026,11.15,85,38.3,1549.0,19.0,0,0,City,401.4,0.7,3.69,129.46,10.5925
CAR119,21.63,20,37.6,2231.0,36.6,1,2,City,101.7,0.11,1.61,57.31,8.962
CAR122,10.88,10,12.7,2287.0,,0,2,,130.1,0.25,1.66,20.25,2.297
CAR191,33.75,85,41.1,7928.950962215308,28.8,0,0,Rural,86.7,0.05,0.95,33.21,9.758
CAR035,33.15,0,47.0,3420.0,15.8,1,0,Highway,178.2,0.17,2.81,133.32,9.924
CAR145,32.2,20,53.6,1979.0,27.5,1,2,City,270.0,0.87,3.3,157.67,30.59
CAR030,31.15,10,51.7,2758.0,19.9,1,0,City,376.1,0.84,3.57,159.49,22.461
CAR114,43.72,20,54.7,1939.0,31.6,0,0,City,398.2,0.09,2.11,106.82,15.498
CAR174,23.24,10,83.1,2026.0,22.2,1,1,Rural,155.1,0.34,4.09,322.24,22.077999999999996
CAR177,24.2,10,,3437.0,28.8,0,1,City,180.3,0.27,3.09,165.52,21.579
CAR098,35.03,10,46.5,1811.0,24.3,1,1,Rural,173.5,0.2,2.17,97.63,12.326
CAR166,10.2,10,64.7,2640.0,41.9,1,0,City,217.6,0.48,2.58,159.13,9.69
CAR110,20.67,20,39.0,2579.0,34.5,1,0,,78.9,0.16,4.17,148.56,19.6365
CAR071,31.71,85,43.1,2291.0,27.4,0,0,City,275.7,0.13,4.14,162.78,30.1245
CAR073,30.91,85,71.5,2123.0,36.5,1,2,,275.9,0.33,0.61,37.57,12.903
CAR129,6.28,0,40.9,2777.0,31.0,1,2,Highway,253.6,0.77,2.87,100.24,5.966
CAR027,42.49,10,59.0,1754.0,30.7,1,1,City,150.4,0.88,1.56,83.86,12.312
CAR058,28.6,10,34.0,2109.0,30.2,0,0,City,,0.55,0.47,16.35,1.959
CAR075,11.15,10,16.2,2724.0,28.1,0,1,Highway,195.9,0.87,0.35,5.76,0.703
CAR115,13.47,20,56.7,2087.0,24.6,0,2,City,337.8,0.26,3.7,210.68,12.7965
CAR188,13.54,20,66.6,1830.0,23.5,1,1,Highway,110.0,0.12,1.89,115.56,12.862999999999998
CAR170,4.15,20,27.8,,43.4,1,2,Rural,368.1,0.78,1.86,49.37,3.9425000000000003
CAR141,4.86,10,43.0,1663.0,28.4,0,2,Highway,267.4,0.42,2.96,127.17,4.617
CAR156,22.93,10,22.8,2232.0,26.8,1,1,City,300.5,0.68,3.47,82.85,11.96
CAR164,34.09,0,57.7,2490.0,16.7,1,1,City,395.0,0.05,0.8,48.39,4.013
CAR097,6.62,20,61.9,2596.0,35.7,0,2,Highway,,0.24,0.92,54.65,6.289
CAR135,38.58,10,47.7,1739.0,28.4,1,1,Rural,83.5,0.87,0.7,32.25,4.215
CAR169,18.73,10,40.3,1813.0,31.0,1,1,Highway,249.2,0.36,1.72,70.76,7.608
CAR092,16.28,10,58.9,1509.0,20.6,0,1,Highway,147.1,0.13,1.21,68.63,6.306
CAR192,16.86,20,51.3,2550.0,33.7,0,2,Highway,163.0,0.75,4.33,210.24,16.017
CAR089,15.85,20,55.2,1669.0,31.7,0,0,Rural,362.3,0.19,4.21,217.48,15.0575
CAR027,30.84,85,73.7,1107.0,13.7,1,1,Highway,99.8,0.16,0.91,68.44,21.012
CAR070,4.11,20,59.5,2734.0,32.8,1,2,City,374.4,0.84,3.61,200.95,3.9045
CAR162,21.4,20,46.8,2346.0,14.2,0,2,Highway,210.3,0.73,4.02,197.27,20.33
CAR012,12.27,0,42.5,3677.0,29.5,1,0,City,236.1,0.65,0.82,30.5,3.44
CAR086,3.9,20,68.1,1653.0,20.6,1,1,,294.4,0.2,2.86,173.52,3.7049999999999996
CAR189,41.17,20,56.0,2546.0,35.0,0,1,Rural,,0.16,3.78,206.65,30.532
CAR074,40.03,10,65.2,2291.0,30.2,1,1,City,194.9,0.59,3.55,220.81,28.945
CAR150,25.39,10,66.1,1412.0,39.4,1,1,,226.2,0.89,2.03,114.06,17.493
CAR156,41.2,20,23.7,1464.0,23.5,1,1,Highway,414.6,0.17,0.44,10.11,1.415
CAR104,36.22,10,56.2,1838.0,33.0,0,1,Rural,443.7,0.24,0.79,41.78,5.058
CAR164,26.13,10,82.1,3229.0,22.7,1,1,Highway,288.3,0.18,2.18,180.85,18.52
CAR135,3.62,10,30.5,2236.0,26.0,1,2,Highway,397.7,0.29,0.83,26.13,3.079
CAR106,37.23,10,59.7,2483.0,27.6,1,1,City,346.8,0.32,1.57,88.58,11.339
CAR004,28.87,10,46.2,1580.0,25.7,0,0,City,285.4,0.7,4.45,191.48,22.282
CAR110,38.27,10,40.1,2085.0,17.2,1,2,Highway,432.0,0.55,2.12,82.37,11.901
CAR017,12.52,20,63.3,1484.0,13.6,0,1,Highway,231.0,0.22,2.05,134.86,11.893999999999998
CAR043,36.39,10,67.7,2571.0,39.6,1,2,Highway,265.7,0.86,3.63,219.31,34.570499999999996
CAR021,28.47,20,65.7,2573.0,39.7,1,2,Highway,81.3,0.27,2.76,163.79,26.17
CAR148,42.04,20,53.7,1408.0,39.5,1,1,Rural,148.6,0.19,3.74,180.22,27.626
CAR093,34.32,20,5.0,2822.0,29.8,0,2,,429.3,0.37,4.22,21.0,3.515
CAR088,26.94,0,11.1,1202.0,27.7,1,2,City,201.0,0.14,1.24,12.32,1.352
CAR106,12.52,85,42.2,3176.0,12.5,0,1,Highway,79.8,0.55,1.66,62.48,11.893999999999998
CAR114,34.81,20,7.5,2677.0,29.9,1,2,City,,0.86,1.85,12.96,2.506
CAR069,14.9,10,,1714.0,31.3,1,0,City,327.0,0.65,0.69,24.84,2.976
CAR096,4.95,20,47.4,3047.0,30.2,0,0,City,211.3,0.4,4.21,173.57,4.7025
CAR109,41.34,10,42.5,1970.0,34.6,0,0,City,301.7,0.37,4.21,185.3,21.579
CAR070,9.03,20,39.6,2832.0,29.2,1,0,City,181.9,0.48,2.21,90.57,8.578499999999998
CAR169,35.92,20,38.0,2311.0,,0,0,Rural,235.8,0.67,2.17,78.49,11.647
CAR030,23.96,0,,2668.0,28.7,0,0,Rural,424.1,0.29,2.31,85.67,7.847
CAR170,39.7,20,62.3,1723.0,35.0,1,1,City,382.4,0.66,2.6,137.86,25.025
CAR167,35.48,20,44.1,1804.0,33.3,1,1,City,384.5,0.72,2.14,88.55,15.833
CAR042,2.65,0,43.4,2053.0,27.4,0,0,Highway,100.3,0.27,1.66,63.22,2.5174999999999996
CAR031,38.81,20,33.4,,23.4,0,1,Highway,406.8,0.34,2.26,76.19,10.671
CAR141,17.22,20,23.4,2637.0,31.5,0,2,Rural,211.4,0.45,4.29,87.95,14.026
CAR051,44.3,20,67.4,3311.0,27.6,0,2,Rural,184.8,0.11,0.94,58.82,8.946
CAR079,38.06,10,6.5,2125.0,,0,0,City,327.3,0.41,3.77,23.8,2.574
CAR006,17.83,0,46.4,1857.0,11.4,0,2,Highway,385.2,0.06,2.4,97.39,7.884
CAR073,9.7,20,69.1,3076.0,29.7,1,1,City,237.8,0.89,2.57,155.8,9.214999999999998
CAR006,19.05,20,100.4,4612.917620694965,20.5,0,1,City,190.9,0.53,0.96,87.24,13.504
CAR167,20.6,10,56.2,2304.0,19.1,1,0,City,95.1,0.62,3.86,224.39,19.57
CAR140,15.7,20,43.9,1553.0,23.1,1,0,Highway,133.9,0.74,3.56,159.95,14.915
CAR086,12.95,20,25.4,760.0,35.8,0,2,Highway,317.1,0.78,0.9,23.45,3.749
CAR054,40.99,20,38.0,1611.0,38.8,1,1,Highway,126.1,0.09,1.17,38.86,4.997
CAR120,28.2,10,13.7,1557.0,27.4,0,0,City,149.0,0.9,3.32,40.42,4.941
CAR193,8.66,10,41.2,1846.0,24.2,1,2,Highway,143.2,0.43,3.79,158.75,8.227
CAR019,16.67,20,24.8,1434.0,29.1,1,1,City,209.0,0.63,0.2,4.73,0.82
CAR130,42.02,20,51.5,1527.0,10.0,1,0,Highway,362.9,0.1,1.62,76.21,9.509
CAR032,15.06,20,42.0,2978.0,22.2,0,0,Highway,308.0,0.47,3.92,156.75,14.307
CAR055,35.76,20,45.9,2257.0,18.5,1,2,Rural,335.0,0.46,3.27,143.89,24.105
CAR187,10.2,0,80.2,1998.0,30.5,0,1,,225.9,0.38,0.39,29.01,2.568
CAR024,25.77,20,52.2,3282.0,35.2,0,2,Highway,386.9,0.56,1.61,88.16,15.064
CAR155,39.73,10,64.8,2418.0,14.9,0,1,City,312.2,0.89,0.69,45.05,6.989
CAR134,12.07,10,79.5,2301.0,31.9,1,1,Highway,153.9,0.46,4.36,362.81,11.4665
CAR136,9.75,20,19.7,2463.0,20.2,1,1,Highway,255.2,0.8,3.5,59.84,9.144
CAR180,10.92,0,17.4,1858.0,36.7,1,0,Rural,445.7,0.83,1.85,28.79,3.063
CAR128,14.92,20,30.5,1658.0,16.3,1,2,Rural,353.1,0.25,0.76,21.33,3.694
CAR028,24.54,20,61.5,2432.0,36.1,1,2,Highway,253.4,0.34,3.96,227.06,23.313
CAR137,12.79,20,31.3,2224.0,35.6,0,1,Rural,256.6,0.66,1.08,31.31,4.942
CAR147,36.27,0,92.9,2169.0,19.5,1,2,City,120.1,0.7,0.43,34.63,3.87
CAR044,41.07,10,61.0,2023.0,18.4,0,0,City,306.4,0.7,4.32,248.17,30.561
CAR042,23.35,10,37.3,1932.0,29.4,0,0,Highway,265.2,0.74,1.53,59.56,6.314
CAR113,2.49,20,71.8,2357.0,27.9,1,1,City,384.9,0.7,0.74,47.83,2.3655
CAR022,13.15,20,46.7,8527.51293721898,21.5,0,1,City,,0.53,0.37,18.08,2.833
CAR093,23.65,20,18.7,2628.0,30.7,1,2,,265.4,0.47,1.5,29.17,5.124
CAR176,26.92,85,87.1,1089.0,38.5,0,1,City,206.8,0.35,4.35,343.92,25.574
CAR200,3.66,20,77.0,2554.0,36.8,0,0,Rural,439.1,0.66,4.05,283.29,3.477
CAR051,17.32,10,53.8,1506.0,37.4,0,1,City,106.4,0.49,3.14,153.89,16.454
CAR167,29.74,20,40.9,1320.0,28.4,0,2,City,362.3,0.75,3.02,119.59,22.038
CAR097,8.98,20,77.7,,22.3,0,2,Highway,80.2,0.85,4.33,308.42,8.531
CAR132,38.0,20,35.6,2153.0,33.1,1,0,Highway,338.6,0.23,1.31,41.06,5.206
CAR019,35.09,20,92.0,2088.0,41.4,0,0,Highway,404.0,0.28,3.84,364.39,33.3355
CAR057,28.22,20,5.0,1852.0,15.9,0,1,Rural,252.0,0.66,2.43,12.36,1.87
CAR041,31.61,10,57.6,2306.0,27.0,0,2,City,105.7,0.72,1.89,111.86,16.565
CAR097,5.24,10,54.1,2089.0,48.0,0,0,City,255.7,0.87,1.95,95.74,4.978
CAR075,40.59,20,66.9,2518.0,44.3,1,1,Rural,203.8,0.83,4.08,253.2,38.560500000000005
CAR013,17.72,20,51.2,2185.0,43.9,0,0,Rural,188.4,0.68,0.79,37.31,6.02
CAR137,20.45,10,42.0,3002.0,24.8,1,0,City,319.2,0.86,2.83,119.29,17.063
CAR163,19.34,20,74.3,2530.0,23.7,1,0,Highway,99.6,0.71,3.34,216.71,18.372999999999998
CAR096,19.13,20,,1502.0,22.7,1,2,Highway,121.2,0.41,1.22,80.44,12.219
CAR120,40.76,10,36.3,1386.0,25.9,0,1,City,186.0,0.4,2.34,89.08,10.427
CAR134,31.06,10,37.6,2966.0,21.0,1,1,City,182.6,0.44,2.35,82.85,10.946
CAR105,2.59,20,82.5,2029.0,20.8,0,2,City,,0.54,3.01,231.42,2.4604999999999997
CAR162,25.1,0,61.6,2629.0,28.7,1,2,Highway,226.2,0.28,1.11,66.34,6.257
CAR049,33.2,10,76.8,2807.0,31.4,0,2,Highway,186.4,0.52,2.54,181.21,23.128
CAR080,27.09,20,59.3,1404.0,26.7,0,1,Rural,139.1,0.24,3.7,222.51,25.7355
CAR118,38.28,20,56.2,1163.0,22.7,1,1,Rural,330.2,0.49,0.43,23.4,3.806
CAR124,38.23,20,65.3,1565.0,19.5,0,2,Rural,427.2,0.29,0.94,62.61,9.422
CAR047,3.95,20,61.5,2361.0,39.3,1,1,Highway,92.9,0.71,4.25,248.6,3.7525
CAR118,9.61,0,38.6,2633.0,34.3,0,1,Rural,257.1,0.16,1.9,62.42,5.041
CAR177,29.25,10,24.9,2995.0,24.8,1,1,Highway,127.0,0.57,2.25,53.56,7.023
CAR171,15.88,20,,1608.0,32.8,1,1,Highway,94.3,0.07,1.74,86.4,11.355
CAR052,26.06,0,51.2,1501.0,36.8,0,2,Highway,296.5,0.26,2.03,101.23,8.329
CAR184,6.53,0,41.9,2907.0,28.8,0,2,Rural,277.1,0.67,2.0,81.55,6.2035
CAR105,42.49,10,26.4,1163.0,24.5,1,1,Highway,117.6,0.86,3.48,81.13,10.429
CAR153,40.17,0,60.8,2103.0,23.4,0,0,City,382.6,0.75,1.78,113.16,10.779
CAR197,26.91,10,28.0,2387.0,24.1,0,2,City,387.2,0.56,2.25,59.35,8.802
CAR045,13.58,10,48.0,1486.0,35.3,0,0,City,226.0,0.83,2.4,118.7,12.901
CAR020,6.06,10,41.0,,36.7,0,2,,321.4,0.41,3.26,136.38,5.757
CAR134,12.97,20,38.1,1521.0,29.2,0,0,City,292.2,0.9,3.73,144.3,12.3215
CAR115,20.53,20,38.8,2815.0,,1,1,City,445.2,0.5,2.9,109.2,19.5035
CAR172,12.98,85,31.4,1383.0,19.0,1,0,City,318.9,0.76,3.35,106.13,12.331
CAR134,8.4,20,80.0,2756.0,38.5,1,1,City,203.7,0.67,2.69,190.1,7.9799999999999995
CAR177,7.26,20,55.7,1421.0,29.0,1,0,Highway,267.4,0.19,3.39,174.87,6.896999999999999
CAR102,29.67,10,55.0,2040.0,19.2,1,0,City,113.8,0.3,2.86,164.77,19.094
CAR168,35.79,10,65.3,2444.0,29.5,1,1,Highway,436.8,0.76,2.98,193.94,27.418
CAR137,34.23,10,11.8,1631.0,,0,1,Highway,260.3,0.83,2.67,29.35,3.522
CAR077,42.66,10,51.6,2159.0,37.9,1,1,City,155.7,0.36,0.36,18.39,2.463
CAR189,19.76,20,74.1,2066.0,38.2,0,0,City,283.5,0.1,1.93,134.07,18.093
CAR136,20.93,0,41.0,1405.0,35.7,1,2,City,279.7,0.88,0.64,24.56,3.272
CAR030,27.61,20,33.5,2536.0,18.3,0,1,City,291.3,0.6,1.51,50.88,8.629
CAR084,7.53,20,52.3,2584.0,,1,1,City,353.6,0.9,3.2,144.64,7.1535
CAR159,7.03,20,80.8,1869.0,27.0,0,1,Rural,78.4,0.53,1.64,121.86,6.6785
CAR052,20.15,10,21.5,2497.0,30.4,0,1,,137.0,0.24,1.47,32.09,3.961
CAR043,29.84,85,61.9,1441.0,35.5,0,0,City,115.8,0.33,1.97,111.1,28.348
CAR028,32.95,0,72.7,2525.0,31.7,1,1,City,343.4,0.5,2.43,164.9,19.597
CAR005,8.08,20,51.1,1647.0,26.2,1,1,Highway,82.9,0.77,2.19,95.23,7.675999999999999
CAR001,22.17,20,72.5,1691.0,25.3,1,1,,211.0,0.34,1.22,81.24,13.589
CAR030,39.37,20,49.6,1647.0,42.4,1,1,highway,334.2,0.8,2.98,131.72,22.221
CAR065,32.61,20,,1742.0,27.7,0,0,City,,0.64,1.23,53.92,8.369
CAR113,30.33,85,64.5,2733.0,,1,1,Rural,425.9,0.78,1.72,113.79,28.813499999999998
CAR154,32.33,10,31.1,2641.0,30.3,0,1,Highway,243.3,0.54,1.9,57.73,7.545
CAR107,18.22,20,12.8,2271.0,25.2,1,2,City,249.3,0.34,1.69,18.88,3.292
CAR098,31.92,10,40.7,1287.0,28.5,1,2,,346.2,0.09,4.13,144.39,17.658
CAR137,43.24,85,59.9,1055.0,30.4,0,1,City,412.7,0.2,2.35,124.4,41.078
CAR055,41.85,0,31.5,2077.0,,1,0,Highway,230.3,0.37,1.78,56.53,3.812
CAR181,12.02,20,81.9,1667.0,13.7,1,1,City,128.0,0.61,2.73,226.7,11.418999999999999
CAR177,34.14,20,45.2,2291.0,23.4,1,1,City,95.6,0.61,2.95,118.59,19.938
CAR080,14.61,20,74.6,2916.0,35.7,1,2,City,445.1,0.58,2.33,173.28,13.879499999999998
CAR084,3.91,20,38.8,2439.0,7.2,0,1,City,160.0,0.3,0.79,29.49,3.7145
CAR079,7.16,20,,2900.0,33.8,1,2,City,219.8,0.45,2.92,180.26,6.802
CAR187,44.01,85,52.6,992.0,26.4,0,1,City,,0.75,2.72,127.56,41.80949999999999
CAR152,7.83,20,34.5,2078.0,19.6,1,0,Highway,391.8,0.35,2.16,73.18,7.4384999999999994
CAR010,29.09,20,77.7,2704.0,30.4,1,1,Rural,445.0,0.26,4.23,333.48,27.635499999999997
CAR119,29.07,20,48.8,2227.0,40.4,1,2,City,,0.45,0.62,30.49,5.614
CAR042,6.42,20,78.4,,31.9,0,1,City,237.6,0.32,4.31,353.76,6.098999999999999
CAR054,12.42,10,68.9,3137.0,37.9,0,0,Highway,297.1,0.27,0.61,43.32,4.512
CAR008,44.58,10,55.7,1410.0,20.2,1,0,Rural,378.1,0.42,4.2,200.78,21.479
CAR175,13.28,10,47.7,1885.0,37.8,0,0,City,369.9,0.29,0.34,15.51,1.707
CAR129,5.77,10,37.7,1435.0,42.5,1,2,,437.0,0.07,1.79,68.67,5.4815
CAR096,3.34,10,62.3,2692.0,28.4,0,1,rural,169.1,0.32,2.48,140.23,3.1729999999999996
CAR089,3.47,10,75.1,2236.0,39.3,1,2,City,258.2,0.66,3.28,243.36,3.2965
CAR063,8.8,85,51.9,,32.9,1,1,City,187.0,0.42,1.24,65.28,8.36
CAR111,19.04,10,61.5,2135.0,13.4,0,1,Rural,205.8,0.32,3.81,241.52,18.087999999999997
CAR194,24.5,0,51.5,2034.0,29.7,1,0,Highway,421.5,0.34,2.11,93.44,7.502
CAR124,39.2,0,28.7,3019.0,20.5,1,0,City,431.8,0.18,3.19,88.99,7.655
CAR018,28.16,20,60.2,1853.0,41.1,0,0,City,,0.11,1.04,60.81,9.155
CAR125,39.71,20,34.0,2364.0,28.4,0,2,City,165.8,0.49,2.7,93.55,17.012
CAR119,3.48,10,72.3,1769.0,31.5,0,1,Rural,291.7,0.48,3.95,250.85,3.306
CAR049,29.05,85,55.8,2916.0,27.8,1,2,City,422.9,0.36,0.21,11.85,4.292
CAR134,4.77,0,,1801.0,27.2,1,1,Highway,242.4,0.56,2.71,150.16,4.531499999999999
CAR016,14.5,20,43.5,2225.0,39.2,1,1,City,173.9,0.2,3.0,129.64,13.774999999999999
CAR018,35.52,10,37.6,3382.0,20.7,0,1,Rural,247.4,0.77,2.91,109.13,15.157
CAR053,29.03,10,53.6,2397.0,34.5,1,2,,222.3,0.21,1.19,59.4,8.398
CAR107,2.99,10,5.0,1911.0,31.7,0,1,Highway,201.7,0.67,2.09,9.01,1.032
CAR180,39.96,10,70.6,2595.0,17.5,0,1,City,289.9,0.2,3.28,202.74,24.191
CAR090,39.8,10,57.8,1358.0,20.9,1,0,City,70.6,0.47,2.21,122.52,14.268
CAR041,40.85,20,41.5,2189.0,29.3,1,0,Highway,311.1,0.67,1.41,58.91,9.121
CAR161,28.17,85,31.5,2999.0,44.0,1,2,Rural,435.8,0.73,2.75,85.63,26.7615
CAR083,40.22,10,53.6,3724.0,32.2,1,0,City,332.6,0.55,0.96,51.71,7.459
CAR109,26.12,20,42.3,1992.0,13.0,0,2,Rural,,0.63,3.64,132.71,21.839
CAR052,32.43,20,50.8,1468.0,,1,1,City,307.5,0.43,2.68,124.43,20.523
CAR194,36.99,20,51.3,2218.0,25.9,1,0,Rural,414.8,0.14,1.04,48.76,7.347
CAR038,20.06,85,30.1,2209.0,34.3,0,1,City,189.2,0.83,4.4,128.51,19.057
CAR054,41.88,10,22.9,1435.0,21.1,0,2,City,317.3,0.81,2.17,52.02,8.255
CAR172,12.37,20,76.5,1822.0,46.3,1,0,City,349.3,0.2,3.43,274.46,11.751499999999998
CAR115,5.92,0,40.4,700.0,18.7,1,1,Rural,420.1,0.23,4.44,154.26,5.624
CAR186,36.86,10,69.5,2615.0,12.2,0,2,Highway,70.3,0.58,2.13,142.02,17.317
CAR070,20.49,85,80.9,2209.0,26.5,0,1,City,141.9,0.65,3.25,273.65,19.4655
CAR096,44.43,10,51.0,1930.0,25.5,0,2,City,354.9,0.72,1.54,74.77,10.444
CAR146,33.77,85,28.6,,25.9,1,2,Highway,247.0,0.09,2.36,67.86,22.584
CAR145,22.44,20,14.5,2535.0,22.6,1,2,City,186.5,0.65,3.22,42.04,7.823
CAR032,12.65,10,68.5,2216.0,29.8,1,2,Highway,381.9,0.43,1.14,80.04,11.322
CAR012,37.05,0,39.9,2014.0,13.9,1,1,City,287.4,0.52,3.39,116.18,13.364
CAR141,27.03,20,68.5,1573.0,28.5,0,0,Rural,305.8,0.6,2.76,174.73,24.001
CAR143,37.1,20,36.0,2562.0,31.8,1,1,City,434.3,0.13,1.63,58.47,9.607
CAR187,32.54,20,34.6,,30.5,1,1,City,311.0,0.22,4.0,127.59,20.958
CAR130,26.84,20,51.0,1667.0,32.1,1,1,Rural,,0.64,2.23,108.04,17.9
CAR147,11.88,0,42.4,2792.0,30.4,0,1,Highway,395.1,0.53,1.32,56.87,4.927
CAR173,42.2,20,67.5,1357.0,27.0,0,1,Highway,394.6,0.82,2.66,163.38,24.929
CAR008,39.91,10,51.9,1461.0,33.6,0,2,Highway,139.6,0.5,2.56,132.0,13.952
CAR049,16.92,10,44.1,3810.0,32.4,0,0,Highway,311.0,0.87,3.49,150.36,16.074
CAR023,26.6,85,65.2,2747.0,39.3,1,0,City,284.1,0.16,1.5,83.68,25.27
CAR036,21.88,10,32.8,2044.0,48.0,1,0,City,143.3,0.13,0.43,12.68,1.699
CAR104,28.98,20,63.7,3000.0,36.5,1,1,City,436.9,0.65,1.68,107.27,20.471
CAR168,36.25,10,47.1,2468.0,25.5,0,1,City,266.9,0.59,2.04,84.74,11.681
CAR106,43.63,10,5.0,2146.0,21.5,1,2,City,340.9,0.75,2.91,12.49,1.97
CAR164,23.31,10,63.7,2113.0,36.1,1,1,City,186.3,0.78,1.33,82.32,12.48
CAR158,17.91,10,51.3,1567.0,32.3,1,1,Highway,403.1,0.86,1.35,72.16,9.04
CAR186,24.3,10,26.3,2358.0,38.2,1,1,City,134.7,0.67,3.36,82.88,13.248
CAR036,34.38,20,70.1,1530.0,34.1,1,1,City,180.3,0.45,0.29,19.59,3.054
CAR046,38.06,10,47.0,3352.0,29.0,0,0,Highway,199.8,0.25,1.59,68.9,6.386
CAR025,10.58,20,61.7,,15.1,0,2,City,420.7,0.58,1.46,87.42,10.051
CAR045,7.86,10,39.0,1382.0,32.0,1,0,Highway,,0.26,2.29,80.2,7.467
CAR122,26.73,10,46.0,2177.0,29.9,1,1,City,442.1,0.37,3.44,137.42,18.75
CAR012,11.86,10,33.9,2267.0,35.4,1,1,City,188.7,0.68,3.29,99.21,11.267
CAR086,26.63,0,56.5,1257.0,33.3,0,2,City,376.0,0.84,1.98,100.59,12.456
CAR187,3.65,85,54.8,1834.0,25.4,1,0,City,392.9,0.28,4.4,222.14,3.4675
CAR161,35.74,20,106.3,2514.0,22.3,1,2,City,301.0,0.08,3.15,341.24,33.953
CAR011,31.98,10,14.9,2492.0,31.4,1,1,Highway,,0.37,3.54,45.6,5.645
CAR046,25.26,10,41.5,2975.0,23.0,1,2,City,343.4,0.4,1.22,51.49,7.753
CAR118,33.01,10,66.3,2254.0,30.8,0,2,City,97.7,0.52,3.91,230.48,31.359499999999997
CAR138,13.12,20,8.1,2938.0,33.8,0,1,City,445.3,0.75,3.53,29.55,5.335
CAR190,14.01,10,56.2,2565.0,33.3,0,0,Highway,146.5,0.86,2.93,151.03,13.3095
CAR097,17.64,20,44.2,2388.0,29.6,0,1,Highway,319.9,0.73,0.9,40.29,6.028
CAR097,7.88,10,33.5,2556.0,30.5,0,1,City,191.7,0.52,2.25,70.62,7.486
CAR068,25.94,20,63.3,1666.0,45.2,1,1,Highway,312.8,0.55,1.26,79.67,13.738
CAR005,4.94,10,37.0,2401.0,18.1,0,0,Highway,242.5,0.4,1.65,53.57,4.6930000000000005
CAR098,36.2,20,,2204.0,34.0,0,2,Highway,179.1,0.8,2.01,67.7,10.701
CAR116,18.0,10,65.5,2476.0,29.6,0,1,City,98.0,0.6,0.6,34.66,4.28
CAR141,21.44,10,28.0,1573.0,26.3,1,1,City,423.5,0.42,2.91,83.42,11.2
CAR152,18.71,10,22.1,1404.0,30.1,0,1,Rural,277.9,0.85,4.17,91.12,11.161
CAR033,5.19,0,39.2,1960.0,32.8,1,1,Highway,70.8,0.59,0.35,11.99,0.979
CAR109,10.08,20,41.8,,27.3,1,2,Rural,424.6,0.46,1.13,47.56,8.138
CAR099,22.07,20,63.5,2983.0,31.9,1,1,Rural,314.7,0.81,3.52,200.31,20.9665
CAR091,16.54,85,40.6,2014.0,27.4,1,1,,325.7,0.17,4.3,165.0,15.713
CAR187,7.9,85,34.9,1611.0,41.4,1,1,City,182.9,0.54,0.87,27.69,7.505
CAR199,12.34,85,72.2,2069.0,34.5,0,1,City,443.1,0.72,2.52,172.74,11.722999999999999
CAR106,29.88,10,30.9,1883.0,26.8,0,0,City,132.3,0.06,4.44,143.21,13.371
CAR062,4.11,20,29.0,2678.0,36.4,1,2,City,164.1,0.88,1.55,41.91,3.9045
CAR107,8.39,85,40.4,2416.0,5.0,1,2,City,307.5,0.63,1.27,45.81,7.9705
CAR031,13.03,0,50.0,2012.0,27.0,0,0,Rural,203.9,0.34,0.89,42.16,2.841
CAR156,25.26,20,39.2,2319.0,32.6,0,1,City,187.4,0.77,4.46,162.1,23.997
CAR071,29.14,20,55.5,2680.0,42.2,1,0,Highway,417.8,0.56,3.25,156.32,25.347
CAR127,20.27,10,40.0,2471.0,45.7,1,1,City,319.3,0.36,3.85,137.27,19.2565
CAR108,22.5,20,53.6,1832.0,28.6,1,2,City,377.5,0.75,2.08,106.64,19.661
CAR104,10.64,20,80.5,2705.0,31.8,1,0,Highway,291.3,0.44,1.96,145.76,10.108
CAR047,40.12,10,62.6,950.0,30.6,1,2,Rural,385.6,0.81,1.53,91.57,13.897
CAR011,21.17,0,44.6,3135.0,35.1,0,1,Highway,170.9,0.12,3.14,119.49,8.77
CAR174,34.0,20,6.7,2825.0,25.2,1,1,Highway,314.0,0.25,4.25,29.48,4.431
CAR022,17.95,85,40.4,2488.0,21.4,1,1,City,150.4,0.41,0.31,12.12,4.248
CAR146,25.04,85,51.2,2830.0,26.2,0,1,City,77.2,0.15,3.76,175.26,23.787999999999997
CAR029,24.46,10,49.7,2184.0,35.5,1,1,City,182.3,0.71,1.39,70.8,10.416
CAR010,10.89,20,55.9,2106.0,24.1,0,2,City,228.6,0.05,1.28,61.53,9.595
CAR069,3.66,20,78.3,2661.0,23.9,0,1,City,246.6,0.29,0.75,60.19,3.477
CAR191,44.9,85,85.6,,22.9,1,0,Highway,422.0,0.18,1.91,142.82,42.654999999999994
CAR008,42.06,10,41.4,2279.0,29.7,1,0,Rural,341.7,0.39,3.57,150.65,16.232
CAR098,2.42,10,57.8,2578.0,20.5,1,1,City,236.6,0.16,4.11,226.03,2.299
CAR188,32.17,20,42.5,2406.0,26.4,1,1,Rural,116.3,0.81,0.59,23.89,4.1
CAR195,14.24,0,46.0,2997.0,26.4,0,2,Highway,160.8,0.62,4.12,165.01,13.527999999999999
CAR136,44.39,10,57.0,2978.0,,0,0,Rural,414.9,0.24,0.66,39.17,4.583
CAR057,3.08,20,55.7,1506.0,18.2,1,2,Highway,111.7,0.55,3.18,150.64,2.9259999999999997
CAR138,32.8,20,52.4,,10.1,0,1,City,374.3,0.57,1.6,81.45,13.147
CAR108,6.66,85,56.7,2541.0,31.5,1,1,Highway,244.6,0.19,1.5,74.32,6.327
CAR078,30.11,0,52.5,2924.0,19.9,0,1,Highway,94.1,0.09,2.78,138.91,9.202
CAR115,23.94,10,66.3,2670.0,24.4,0,1,Highway,170.3,0.26,2.76,173.56,18.018
CAR131,12.5,20,37.2,2244.0,25.7,0,0,Rural,326.8,0.53,0.54,17.25,2.521
CAR175,32.29,20,30.6,1468.0,26.3,0,2,Highway,416.6,0.4,4.13,123.04,17.531
CAR129,26.93,20,54.4,2196.0,20.5,1,1,City,178.8,0.2,1.82,85.12,13.455
CAR154,17.05,0,41.6,1814.0,47.9,0,1,Highway,367.1,0.43,1.63,67.59,6.886
CAR184,30.52,10,53.8,1998.0,21.0,1,1,Highway,448.1,0.69,3.82,187.83,23.861
CAR133,40.43,10,45.0,2152.0,14.5,0,1,City,90.9,0.45,4.12,168.06,19.664
CAR151,20.26,85,43.8,1385.0,22.2,0,0,Rural,121.3,0.22,3.44,147.59,19.247
CAR071,25.08,20,50.7,2516.0,29.4,1,0,Rural,303.1,0.88,0.97,51.15,7.944
CAR117,32.33,0,61.3,2075.0,35.8,0,1,City,71.1,0.62,3.77,237.15,22.635
CAR065,21.86,20,17.3,2181.0,39.2,0,0,City,277.7,0.7,1.24,19.49,3.425
CAR015,15.3,10,67.5,1725.0,34.9,1,1,Highway,305.7,0.56,4.05,284.3,14.535
CAR083,34.74,20,43.0,2275.0,27.6,0,0,Highway,112.4,0.25,3.69,157.19,18.777
CAR008,18.18,20,31.2,1552.0,27.6,1,0,Highway,342.9,0.62,1.57,48.42,7.115
CAR055,17.65,0,5.0,3899.0,,1,1,City,189.3,0.74,2.88,13.17,1.534
CAR144,34.94,20,36.3,1877.0,23.3,1,1,Highway,448.0,0.76,4.11,131.08,21.513
CAR123,32.91,10,30.6,,27.1,0,0,Rural,351.3,0.14,0.47,15.01,1.564
CAR008,10.98,10,60.9,2082.0,32.4,0,0,Highway,248.0,0.13,1.52,92.19,8.304
CAR055,34.88,85,49.0,2227.0,31.2,0,1,City,121.7,0.53,1.51,64.16,21.113
CAR145,41.45,20,47.9,2862.0,26.6,1,1,City,134.2,0.18,2.34,99.23,16.753
CAR071,25.89,85,465.5031549787253,1830.0,34.6,1,2,Rural,228.4,0.27,1.96,182.7,24.595499999999998
CAR200,12.08,10,21.2,,23.9,0,2,City,75.6,0.24,2.14,40.3,5.2
CAR160,7.77,10,57.6,2151.0,32.9,1,0,City,190.8,0.06,1.13,55.43,6.091
CAR175,10.22,10,78.0,2139.0,19.7,1,0,Rural,172.5,0.43,4.04,270.7,9.709
CAR133,38.01,20,72.2,1743.0,42.1,1,1,Rural,149.0,0.88,1.02,66.44,11.772
CAR028,8.89,85,78.0,2077.0,28.3,1,1,City,360.5,0.2,0.27,20.13,7.093
CAR182,41.08,10,41.2,2636.0,23.0,0,1,City,180.2,0.41,1.01,41.74,5.37
CAR029,40.5,10,35.6,,12.9,0,2,Rural,226.0,0.33,0.48,16.01,2.072
CAR065,10.66,10,71.4,1986.0,23.4,0,1,,86.1,0.9,1.45,98.82,10.126999999999999
CAR051,26.88,0,21.2,1397.0,24.5,1,1,City,193.2,0.09,2.13,41.11,3.454
CAR026,10.33,20,47.2,1994.0,33.3,0,2,City,351.3,0.7,3.94,158.58,9.8135
CAR092,9.41,20,23.9,2275.0,15.5,0,0,City,351.6,0.39,3.56,76.55,8.939499999999999
CAR137,37.07,20,66.6,2199.0,40.8,0,1,Highway,138.8,0.21,3.57,206.96,28.849
CAR186,32.84,0,104.0,1869.0,36.6,0,2,City,405.2,0.07,0.44,45.54,5.078
CAR187,8.69,20,57.4,1724.0,20.8,0,1,Rural,369.9,0.4,3.28,160.56,8.2555
CAR032,6.35,20,66.8,1799.0,23.8,0,2,Rural,320.6,0.77,0.73,48.29,6.0325
CAR085,33.89,10,18.0,2580.0,28.6,0,0,City,378.8,0.58,4.26,76.24,10.26
CAR090,13.16,10,49.3,1386.0,24.6,1,0,Highway,400.3,0.2,0.39,19.42,1.824
CAR012,5.07,20,33.1,2288.0,24.5,1,1,City,229.0,0.54,3.93,120.13,4.8165000000000004
CAR198,31.86,10,59.6,2161.0,46.2,0,2,Rural,293.9,0.81,0.99,57.05,9.629
CAR152,20.05,10,32.5,839.0,31.9,1,2,City,130.1,0.8,4.31,140.45,19.0475
CAR199,3.17,20,17.0,1849.0,20.2,1,1,City,445.6,0.29,1.09,18.62,2.997
CAR177,30.07,0,304.13492842765874,2220.0,40.7,1,1,Highway,436.5,0.42,3.04,187.86,20.65
CAR187,12.69,85,83.6,1540.0,17.7,1,0,City,301.1,0.56,4.12,349.76,12.055499999999999
CAR017,38.08,20,73.1,700.0,25.5,1,2,City,178.9,0.54,2.13,137.33,23.603
CAR098,18.26,10,63.1,3025.0,28.9,0,2,Highway,151.9,0.24,1.32,80.91,9.635
CAR100,11.23,0,23.8,700.0,23.5,1,0,Highway,215.1,0.07,3.26,80.53,4.532
CAR164,23.31,10,63.7,2113.0,36.1,1,1,City,186.3,0.78,1.33,82.32,12.48
CAR026,8.68,0,54.5,2899.0,30.2,1,1,,131.6,0.27,0.87,40.78,3.433
CAR120,39.91,0,44.2,1929.0,12.2,1,0,Highway,180.4,0.54,2.81,106.88,7.764
CAR128,26.73,85,58.0,1326.0,21.1,1,2,Highway,325.0,0.55,4.46,241.46,25.3935
CAR006,30.35,10,58.4,,33.4,1,1,Highway,424.0,0.18,2.6,146.09,16.059
CAR131,4.64,20,47.8,,28.2,0,2,City,147.2,0.15,0.6,27.98,4.316
CAR148,13.58,10,52.2,,42.3,0,2,Highway,370.8,0.73,3.7,198.6,12.901
CAR012,5.61,10,64.0,1409.0,28.0,1,2,City,191.0,0.79,2.39,160.48,5.3295
CAR130,44.6,20,33.6,1730.0,34.0,1,1,City,326.1,0.16,3.5,120.09,18.46
CAR024,9.09,10,55.9,1943.0,33.1,1,0,City,239.4,0.88,2.97,152.18,8.635499999999999
CAR099,31.38,20,64.1,2024.0,14.5,1,2,City,,0.35,4.2,236.23,29.810999999999996
CAR010,6.15,0,57.8,2061.0,24.3,0,0,City,390.1,0.54,0.31,15.44,1.407
CAR106,6.02,10,36.6,1527.0,31.1,0,2,Highway,93.0,0.79,3.12,100.44,5.718999999999999
CAR060,37.92,20,54.8,2230.0,24.1,1,0,Highway,79.7,0.84,1.77,94.54,12.984
CAR015,37.83,0,328.7819486213375,1742.0,,0,0,rural,311.0,0.86,3.05,190.91,16.584
CAR120,20.2,0,43.4,1994.0,31.0,1,0,Highway,269.7,0.82,3.36,143.97,13.404
CAR197,32.02,0,48.7,1559.0,30.6,0,2,Rural,172.2,0.42,3.49,148.25,15.885
CAR197,9.48,20,62.9,2332.0,19.3,1,1,Highway,395.6,0.52,2.04,127.28,9.006
CAR122,7.04,85,58.6,1767.0,23.5,1,1,City,102.0,0.83,4.37,250.51,6.688
CAR029,37.79,20,55.2,2214.0,32.2,0,2,Highway,83.5,0.22,3.71,185.53,25.86
CAR046,25.87,10,58.6,3529.0,40.4,0,2,Highway,142.6,0.79,0.51,25.93,3.894
CAR136,23.22,10,67.9,1652.0,29.9,0,0,City,255.1,0.46,4.13,241.02,22.058999999999997
CAR107,5.42,85,,2432.0,20.8,1,2,City,442.5,0.72,1.97,109.02,5.149
CAR160,12.91,20,72.4,1377.0,31.1,1,1,City,401.1,0.89,1.97,144.06,12.2645
CAR134,20.29,10,69.5,2632.0,17.9,0,2,City,301.8,0.33,4.09,267.45,19.275499999999997
CAR172,14.0,20,58.7,2147.0,,1,0,City,,0.82,3.42,187.42,13.299999999999999
CAR147,28.5,85,40.8,2155.0,28.0,0,1,Rural,171.7,0.8,0.34,12.64,4.216
CAR111,3.23,0,48.0,,30.8,0,1,Highway,266.1,0.82,0.82,35.06,3.0685
CAR146,23.77,0,86.3,2355.0,34.5,0,1,City,105.9,0.18,3.87,346.44,22.5815
CAR004,36.68,20,43.3,1991.0,28.6,0,0,rural,125.8,0.59,4.26,180.82,24.291
CAR029,38.86,10,47.1,3111.0,34.3,1,0,,170.4,0.41,0.49,23.97,2.631
CAR169,22.34,20,75.3,1988.0,16.9,1,0,Highway,418.4,0.32,1.34,91.21,12.242
CAR142,36.97,20,55.8,1524.0,28.3,1,2,Rural,289.4,0.21,1.32,63.87,10.155
CAR123,5.86,10,67.5,2363.0,34.1,0,0,City,362.9,0.34,1.09,65.67,5.567
CAR015,28.03,85,13.9,2472.0,28.3,1,2,Highway,205.3,0.75,2.46,29.89,10.593
CAR120,34.36,20,76.9,2144.0,28.4,0,1,City,449.3,0.64,3.16,238.31,32.641999999999996
CAR153,25.0,20,54.2,3017.0,24.2,0,2,City,262.6,0.42,0.54,26.48,4.537
CAR148,42.09,10,37.7,2305.0,29.7,1,1,Rural,229.6,0.43,3.73,137.67,17.805
CAR004,16.41,20,39.3,2379.0,21.7,0,2,City,163.8,0.14,2.78,100.26,14.304
CAR155,10.62,20,62.4,2059.0,22.0,0,1,City,349.4,0.35,2.21,125.5,10.088999999999999
CAR198,6.82,20,77.5,2836.0,27.6,1,1,Highway,435.7,0.51,3.67,257.07,6.479
CAR126,39.13,85,95.0,3820.0,20.6,1,2,City,273.8,0.53,2.23,185.05,37.173500000000004
CAR025,39.2,10,64.2,2441.0,15.1,0,1,Rural,303.4,0.46,4.13,240.95,30.254
CAR130,8.09,10,28.7,2471.0,23.8,0,2,City,441.9,0.79,1.5,40.7,6.262
CAR198,33.25,20,60.8,1825.0,39.6,1,1,Highway,379.7,0.88,1.27,67.53,11.553
CAR124,4.63,0,20.0,1926.0,25.3,0,2,Rural,343.7,0.71,3.91,70.3,4.398499999999999
CAR199,43.75,10,80.9,2399.0,32.4,0,1,Highway,120.4,0.15,1.0,79.61,7.305
CAR029,23.19,10,249.26043063795885,2316.0,33.2,1,2,Rural,165.1,0.08,2.23,107.62,14.156
CAR061,10.74,20,56.1,1382.0,27.2,1,0,Rural,76.3,0.42,3.43,177.24,10.203
CAR090,28.98,20,40.5,1816.0,22.0,1,1,City,399.1,0.3,2.62,104.71,17.555
CAR078,33.2,10,52.1,1373.0,33.5,1,2,City,401.1,0.3,1.44,70.68,10.28
CAR067,2.75,85,44.1,2734.0,42.8,1,1,highway,386.8,0.84,0.89,36.94,2.6125
CAR093,36.72,20,65.8,962.0,18.3,1,0,,351.7,0.08,1.39,91.17,12.019
CAR094,4.14,20,39.7,783.0,,0,0,Highway,448.0,0.27,1.16,42.91,3.9329999999999994
CAR173,18.41,0,58.9,1897.0,28.5,1,2,Rural,261.0,0.59,3.93,204.46,17.4895
CAR116,19.88,20,56.5,3239.0,44.6,0,0,Rural,194.8,0.1,3.57,204.58,18.886
CAR004,23.01,10,46.6,1900.0,40.2,0,0,Highway,214.2,0.41,4.2,182.03,20.814
CAR019,11.49,20,45.6,1662.0,30.9,1,0,Highway,97.2,0.49,3.9,182.91,10.9155
CAR017,23.96,10,52.4,2412.0,28.9,1,1,Highway,210.1,0.39,2.8,135.7,14.693
CAR027,12.73,20,36.5,1375.0,27.5,0,1,City,87.9,0.25,0.35,11.55,1.643
CAR007,2.43,0,69.9,2546.0,30.6,0,0,City,341.1,0.76,1.3,78.39,2.3085
CAR058,30.45,20,83.1,2538.0,18.2,1,1,Highway,301.6,0.39,3.05,252.99,28.9275
CAR012,28.95,0,29.4,2994.0,16.6,1,2,City,110.5,0.61,2.82,75.18,9.835
CAR155,17.32,20,51.5,2262.0,35.9,0,2,City,332.9,0.07,1.53,70.11,11.437
CAR097,7.3,10,28.0,1580.0,36.4,0,1,Highway,232.9,0.61,1.75,47.39,5.082
CAR080,37.36,0,22.2,2376.0,33.1,1,1,City,76.8,0.27,1.55,33.34,3.56
CAR178,38.37,0,74.6,2288.0,12.0,0,0,Highway,236.1,0.52,2.03,130.65,10.669
CAR026,38.0,10,64.3,1313.0,20.2,1,2,Highway,293.4,0.57,1.58,87.5,11.458
CAR104,15.68,10,5.0,2308.0,28.2,1,2,Highway,75.5,0.39,1.87,9.7,1.143
CAR155,17.91,20,53.5,1853.0,29.9,1,0,City,,0.25,1.94,104.83,14.875
CAR119,2.81,10,60.0,3323.0,26.5,1,1,City,402.4,0.13,1.97,107.44,2.6694999999999998
CAR086,10.57,20,73.3,3385.0,32.5,0,2,Highway,289.6,0.85,3.83,255.15,10.0415
CAR026,37.4,10,70.4,2828.0,12.9,0,0,City,308.6,0.47,0.39,25.41,3.008
CAR045,31.74,20,28.2,2507.0,13.1,0,2,City,110.2,0.75,3.72,107.48,18.532
CAR032,22.92,10,50.5,2477.0,26.9,0,1,Rural,405.6,0.8,1.45,69.84,9.267
CAR047,14.13,20,52.2,1261.0,20.3,0,0,City,279.2,0.57,3.16,152.57,13.4235
CAR015,7.21,10,55.5,1461.0,32.5,1,1,Highway,290.4,0.21,2.77,138.04,6.8495
CAR146,26.23,20,66.7,6428.5556115394365,,0,1,City,107.5,0.19,0.59,40.52,6.126
CAR157,11.41,10,47.6,2391.0,31.4,1,2,City,361.6,0.79,1.31,59.06,9.796
CAR031,29.16,85,73.2,1330.0,28.9,0,1,,159.7,0.54,3.6,252.72,27.701999999999998
CAR151,23.84,20,,1736.0,15.7,1,0,City,331.9,0.11,2.09,73.33,10.111
CAR068,28.16,20,256.70104050774864,1909.0,9.1,1,0,City,165.1,0.47,0.86,48.96,7.378
CAR127,4.95,20,5.0,2097.0,18.9,0,2,Highway,161.2,0.48,0.33,1.46,0.229
CAR144,30.93,20,84.9,2813.0,29.8,1,0,Highway,354.9,0.52,4.38,366.75,29.383499999999998
CAR112,29.27,10,66.6,1347.0,26.5,1,2,City,306.1,0.67,2.06,119.84,17.735
CAR132,20.02,10,62.2,1070.0,29.0,1,1,City,338.3,0.32,0.68,39.17,5.232
CAR129,6.59,85,28.4,3125.0,33.0,1,1,City,169.3,0.09,2.09,59.72,6.2604999999999995
CAR180,28.38,10,31.2,,41.3,1,0,City,234.3,0.64,0.65,17.83,2.711
CAR153,11.01,10,99.5,1591.0,42.2,1,0,City,130.5,0.6,0.21,18.17,2.59
CAR057,16.66,20,11.9,2091.0,19.7,0,1,Rural,240.1,0.67,2.46,25.37,4.059
CAR185,2.81,0,36.6,2536.0,30.6,0,2,City,334.9,0.12,3.8,140.37,2.6694999999999998
CAR003,3.92,20,59.7,2332.0,30.7,1,1,City,302.2,0.49,4.3,220.4,3.7239999999999998
CAR185,12.09,0,226.47356291172753,2134.0,44.9,1,2,City,275.6,0.6,4.46,198.7,11.4855
CAR099,15.05,20,33.1,2529.0,21.5,1,2,Highway,306.2,0.71,1.31,42.59,7.13
CAR130,19.47,20,73.3,2026.0,34.2,0,0,Rural,264.8,0.22,4.26,302.26,18.496499999999997
CAR026,20.18,10,28.8,3110.0,41.9,1,1,City,193.1,0.77,3.59,92.21,16.105
CAR156,17.11,10,38.6,1766.0,24.3,0,1,City,,0.7,1.34,48.27,6.747
CAR009,32.74,85,11.7,2017.0,31.5,1,1,City,158.1,0.65,1.12,12.13,4.276
CAR012,27.86,85,72.8,2511.0,27.5,1,1,Highway,294.2,0.34,0.43,32.16,10.832
CAR065,10.78,20,48.1,1979.0,16.6,1,1,Rural,258.8,0.83,2.3,95.13,10.241
CAR127,43.51,10,7.7,2993.0,35.9,1,0,Highway,442.5,0.72,1.14,9.09,1.04
CAR169,28.57,10,53.1,1580.0,22.1,0,2,City,209.4,0.48,1.66,78.73,10.24
CAR182,22.74,20,83.5,,23.6,1,2,City,114.4,0.24,2.61,205.66,21.602999999999998
CAR139,35.3,10,6.5,2894.0,17.0,1,0,Rural,215.7,0.23,1.54,8.75,0.963
CAR169,30.37,20,15.1,1044.0,40.5,0,1,City,324.6,0.21,1.86,24.91,3.58
CAR106,24.03,20,83.3,1647.0,17.4,1,2,Rural,299.4,0.06,1.03,87.0,14.346
CAR057,42.76,0,60.5,2153.0,30.3,0,0,City,182.0,0.27,0.88,49.62,3.658
CAR132,16.63,10,54.2,3665.0,29.6,1,2,Highway,264.1,0.4,1.27,59.05,7.919
CAR002,29.67,85,22.9,1912.0,26.0,0,2,City,385.7,0.76,0.65,13.36,4.882
CAR152,3.36,20,49.2,1989.0,26.4,0,2,Rural,113.4,0.3,3.12,153.19,3.1919999999999997
CAR083,32.09,20,35.3,2098.0,30.1,1,2,Highway,274.6,0.27,2.93,104.92,16.62
CAR134,15.05,10,36.3,1288.0,17.5,1,1,Rural,428.5,0.83,0.3,10.3,1.41
CAR118,2.61,10,43.1,2236.0,28.1,0,2,,428.8,0.7,3.34,132.56,2.4795
CAR051,6.13,10,51.9,,28.8,1,1,Rural,423.2,0.41,2.9,147.59,5.823499999999999
CAR111,3.96,20,42.9,1232.0,27.0,1,1,City,183.4,0.79,4.02,146.78,3.762
CAR172,24.94,10,52.9,1118.0,16.4,0,1,Highway,285.4,0.7,1.28,69.09,7.758
CAR063,11.42,0,53.6,2388.0,24.3,1,2,City,309.3,0.68,3.78,187.1,10.849
CAR177,27.25,10,44.0,1675.0,29.1,1,1,Rural,125.8,0.57,3.51,153.9,19.691
CAR025,6.81,20,27.9,1967.0,33.0,1,0,Rural,442.2,0.25,3.62,99.79,6.469499999999999
CAR021,31.05,0,30.4,1690.0,42.6,1,1,City,226.5,0.71,0.89,24.29,3.059
CAR059,30.8,10,36.6,2440.0,23.0,1,1,Highway,130.6,0.86,0.52,18.06,2.277
CAR131,3.26,20,30.8,1698.0,32.9,0,1,City,177.4,0.53,1.82,50.95,3.0969999999999995
CAR097,15.13,20,11.5,1617.0,32.9,0,2,City,146.8,0.31,2.37,26.9,4.348
CAR110,29.03,0,65.8,1958.0,27.3,0,0,City,231.7,0.71,2.74,159.45,13.659
CAR035,16.99,10,37.4,,21.6,1,0,City,146.8,0.52,4.22,157.01,16.1405
CAR188,23.16,20,67.3,1701.0,37.0,0,0,City,102.3,0.78,1.08,62.01,9.558
CAR163,21.29,20,50.8,2766.0,36.3,1,2,City,89.3,0.11,2.7,116.98,20.225499999999997
CAR188,28.9,10,70.9,2773.0,21.3,1,2,City,217.1,0.13,4.34,262.88,27.455
CAR128,41.82,10,42.5,2552.0,27.3,0,0,Rural,91.4,0.2,4.43,194.98,19.383
CAR012,8.48,20,11.4,2033.0,26.0,1,2,Highway,364.5,0.64,1.04,11.51,1.892
CAR075,35.89,85,53.8,1537.0,27.9,1,0,City,422.4,0.51,1.48,83.03,28.223
CAR063,20.78,10,34.9,2401.0,10.8,1,1,City,356.9,0.88,1.2,38.85,6.577
CAR125,18.2,20,89.7,2073.0,32.9,1,1,City,394.9,0.42,1.9,175.37,17.29
CAR006,39.51,20,65.7,,29.8,1,1,City,,0.57,3.54,242.25,37.534499999999994
CAR057,13.43,20,24.9,865.0,24.5,0,0,Highway,419.5,0.54,2.39,52.35,7.496
CAR153,27.79,10,37.2,,29.7,1,2,Rural,291.9,0.41,0.75,24.43,3.51
CAR169,8.09,10,76.5,2798.0,19.2,1,2,Rural,270.4,0.18,2.58,204.36,7.685499999999999
CAR103,26.27,85,89.3,2463.0,43.0,0,0,Highway,,0.63,2.03,182.14,24.9565
CAR095,40.65,0,56.3,2648.0,17.1,0,2,Highway,305.0,0.29,0.85,41.58,3.567
CAR163,44.38,20,65.1,2356.0,25.1,1,2,Highway,,0.87,0.4,23.61,3.868
CAR186,18.98,85,52.9,2290.0,32.2,0,1,Highway,141.4,0.38,2.58,122.16,18.031
CAR149,15.41,20,24.2,2805.0,30.3,0,0,City,362.8,0.51,1.91,40.74,6.497
CAR025,21.39,20,49.6,1618.0,45.9,1,1,City,329.3,0.48,1.92,81.13,15.367
CAR069,34.21,20,40.1,2662.0,33.1,1,0,Rural,336.3,0.42,3.92,135.38,20.036
CAR016,32.91,0,64.5,1300.0,35.3,1,1,City,187.0,0.88,0.39,22.31,2.57
CAR034,12.94,20,80.5,2029.0,22.2,0,1,City,300.2,0.39,0.32,25.36,4.191
CAR141,33.84,20,57.6,2117.0,27.8,0,0,City,,0.57,3.98,236.98,32.148
CAR151,37.33,10,27.0,1839.0,24.5,1,2,City,172.9,0.75,2.37,58.21,9.052
CAR003,10.1,20,6.6,2667.0,35.2,1,2,City,184.5,0.78,3.43,22.47,4.241
CAR176,23.88,20,27.9,2929.0,32.1,0,0,Highway,93.8,0.22,4.28,105.63,12.896
CAR160,14.49,20,61.5,1757.0,37.7,1,0,Rural,400.7,0.31,1.14,68.59,10.423
CAR181,15.39,10,53.3,2081.0,19.1,1,1,City,421.7,0.11,0.68,32.05,3.841
CAR180,24.27,20,40.0,1986.0,37.6,1,1,Highway,448.9,0.51,4.27,167.03,23.0565
CAR076,40.57,20,49.9,2468.0,37.1,0,2,Highway,361.6,0.2,4.04,197.54,27.655
CAR143,41.82,10,40.9,2785.0,25.7,1,1,,288.8,0.71,0.9,33.63,5.349
CAR131,9.38,20,22.7,1106.0,30.9,0,2,City,272.7,0.82,4.15,80.41,8.911
CAR182,24.58,20,72.8,1604.0,32.5,1,0,City,267.8,0.07,1.84,131.52,18.171
CAR113,6.38,20,64.8,2171.0,41.6,1,0,City,420.0,0.72,1.06,70.43,6.061
CAR134,14.71,20,55.4,1843.0,26.1,1,1,Highway,193.6,0.33,3.08,150.08,13.9745
CAR011,11.38,20,32.6,1396.0,31.1,1,2,City,74.2,0.68,2.23,62.92,10.811
CAR046,18.07,20,41.5,2032.0,29.9,0,1,City,78.1,0.8,2.54,90.3,14.492
CAR180,10.32,85,74.2,3170.0,39.8,1,1,City,263.5,0.69,2.41,167.56,9.804
CAR044,20.69,85,88.4,2474.0,27.5,1,1,Rural,421.2,0.59,3.99,324.38,19.6555
CAR086,39.63,10,70.5,2580.0,31.3,0,2,City,123.0,0.3,2.84,197.17,25.795
CAR058,38.58,10,52.3,2477.0,26.7,1,0,City,324.9,0.51,2.95,156.2,19.975
CAR038,23.72,20,52.7,1954.0,48.0,1,1,Highway,204.7,0.71,2.96,140.71,22.534
CAR146,29.71,20,53.9,2207.0,19.5,0,1,City,124.4,0.61,2.01,105.74,17.114
CAR134,34.44,20,55.9,1601.0,29.4,1,0,city,98.6,0.27,0.45,24.86,3.749
CAR081,36.01,20,57.6,2386.0,27.2,0,2,Rural,344.7,0.32,0.26,14.61,2.373
CAR179,43.22,20,72.9,2696.0,32.3,0,0,Highway,97.0,0.62,3.86,240.96,31.636
CAR014,22.15,0,66.8,1848.0,25.7,0,0,Highway,379.1,0.36,2.81,186.25,13.227
CAR196,20.76,20,14.9,1846.0,11.4,1,1,City,449.2,0.7,0.43,6.27,1.104
CAR166,26.51,10,37.3,1800.0,14.6,1,2,City,145.0,0.86,4.06,141.72,21.21
CAR031,15.08,10,25.3,1536.0,35.7,1,0,City,275.6,0.32,1.51,38.02,4.524
CAR139,22.05,20,53.2,1453.0,6.6,0,1,Rural,222.7,0.59,2.6,144.62,19.288
CAR065,2.85,85,20.5,2301.0,16.8,0,1,Highway,243.4,0.43,4.11,72.37,2.7075
CAR186,26.74,0,54.5,2632.0,37.5,0,0,City,269.6,0.37,4.29,204.83,20.492
CAR141,4.53,20,67.0,2194.0,14.3,0,1,Highway,408.7,0.9,3.65,218.16,4.3035
CAR125,28.22,10,87.1,2209.0,43.4,1,1,City,75.5,0.27,3.36,281.94,26.808999999999997
CAR113,16.78,20,70.1,2114.0,22.1,1,2,Highway,447.3,0.24,1.86,127.08,15.941
CAR040,26.26,10,48.5,2109.0,19.6,0,0,City,313.6,0.4,1.59,80.94,9.184
CAR051,31.74,20,36.0,2391.0,26.4,0,0,Rural,410.3,0.36,3.94,128.66,17.654
CAR017,20.61,20,43.6,1634.0,34.0,1,0,City,119.0,0.64,2.76,112.8,18.846
CAR113,28.04,20,49.5,1825.0,17.2,0,1,Highway,203.7,0.13,2.08,88.75,10.947
CAR060,37.62,0,46.2,2736.0,34.1,1,2,rural,217.2,0.53,2.92,138.42,13.968
CAR061,27.6,20,18.3,2179.0,31.2,0,2,City,229.9,0.19,1.68,27.05,4.366
CAR078,21.86,20,32.8,2412.0,23.9,1,2,Highway,193.5,0.12,0.86,24.62,3.718
CAR023,16.49,20,35.0,1741.0,35.8,1,2,City,287.4,0.89,1.89,62.42,12.312
CAR047,20.34,10,62.6,2321.0,31.1,1,0,City,375.3,0.61,1.85,111.24,13.58
CAR182,40.2,10,38.9,1923.0,40.9,1,1,City,289.9,0.57,4.34,167.4,24.099
CAR170,12.85,20,49.7,3049.0,21.1,0,0,City,328.7,0.2,2.02,101.0,12.2075
CAR078,25.69,0,33.0,2894.0,28.6,0,2,Rural,70.8,0.64,0.59,19.71,2.01
CAR136,37.24,0,58.0,1975.0,24.8,1,2,Highway,170.9,0.15,1.31,75.98,6.703
CAR015,38.73,0,63.8,2386.0,17.1,1,0,Highway,293.3,0.1,1.32,88.01,5.862
CAR046,13.08,85,58.8,2434.0,11.8,1,2,City,415.1,0.57,3.86,195.57,12.426
CAR171,13.16,10,33.6,2507.0,20.5,1,0,City,275.4,0.64,0.77,25.3,3.471
CAR102,31.83,10,66.1,2485.0,19.4,1,0,Rural,273.7,0.34,3.29,201.49,24.587
CAR058,25.17,10,25.9,2369.0,25.7,0,2,City,226.6,0.17,2.71,64.9,7.98
CAR199,39.09,20,27.4,1555.0,12.7,1,2,Highway,,0.48,1.9,50.85,7.826
CAR017,31.84,20,47.4,1994.0,20.8,0,0,City,131.5,0.58,2.76,126.76,18.925
CAR047,25.39,20,46.1,2195.0,33.9,1,1,Highway,442.1,0.06,1.41,56.21,7.448
CAR031,14.25,20,45.9,2347.0,29.3,0,2,,192.1,0.27,4.3,170.78,13.5375
CAR100,26.87,20,35.5,2673.0,14.4,0,0,Highway,301.7,0.72,2.61,90.76,12.937
CAR023,36.1,0,20.0,1705.0,24.1,1,1,Highway,83.2,0.51,2.33,45.29,3.573
CAR137,37.51,10,55.8,2135.0,38.7,0,1,City,,0.61,4.34,225.67,32.656
CAR012,31.86,85,5.0,2349.0,19.8,0,0,City,217.4,0.25,2.3,10.85,3.586
CAR115,18.51,20,38.6,3303.0,16.7,1,0,Rural,391.1,0.41,1.77,58.55,8.818
CAR045,38.91,10,82.0,1658.0,21.2,1,1,City,216.3,0.41,2.88,243.87,30.663
CAR119,24.74,20,70.5,1228.0,34.5,1,1,City,74.9,0.13,2.88,198.12,23.502999999999997
CAR094,3.91,20,43.7,3050.0,34.3,1,1,City,199.5,0.27,3.19,126.25,3.7145
CAR082,4.37,20,52.6,2853.0,29.1,1,0,,160.7,0.74,3.85,177.51,4.1514999999999995
CAR081,40.02,20,69.4,2029.0,10.2,0,2,,228.8,0.81,4.05,243.39,38.019
CAR018,39.18,10,41.4,2608.0,23.1,1,1,Highway,392.9,0.57,3.43,144.87,18.733
CAR115,17.01,85,54.0,3025.0,32.8,1,1,City,110.2,0.83,2.61,130.52,16.1595
CAR112,29.01,10,23.5,2515.0,20.6,1,2,Rural,351.4,0.07,0.53,12.34,1.624
CAR121,15.35,20,40.6,1900.0,41.5,1,0,City,433.9,0.14,3.07,119.69,14.5825
CAR117,16.23,0,37.3,2851.0,29.6,1,0,Highway,289.7,0.48,1.79,65.27,5.067
CAR150,21.37,85,11.3,2872.0,24.3,0,2,Highway,376.3,0.4,2.04,19.76,6.666
CAR109,8.55,20,48.0,2425.0,15.5,0,1,Rural,191.7,0.76,3.99,196.85,8.1225
CAR161,24.0,20,66.4,1048.0,12.0,1,1,Highway,413.7,0.78,3.95,245.27,22.799999999999997
CAR141,35.09,20,102.3,2268.0,11.0,1,1,,444.2,0.74,2.24,223.87,33.3355
CAR014,27.83,20,81.6,1854.0,29.0,1,1,Highway,321.6,0.55,1.04,85.32,12.158
CAR121,42.85,10,61.8,3245.0,21.2,1,2,City,399.6,0.78,1.88,108.88,17.896
CAR165,22.12,10,47.3,1959.0,25.9,1,0,Highway,140.3,0.31,2.14,98.73,8.924
CAR065,19.89,20,38.3,1951.0,29.2,1,0,City,274.0,0.56,1.64,65.21,11.271
CAR018,33.08,10,42.4,3267.0,35.6,1,0,City,350.6,0.34,2.43,89.65,10.766
CAR199,5.39,85,40.3,4041.0,29.0,0,2,Highway,103.3,0.56,0.91,31.34,5.1205
CAR137,35.87,20,27.1,2106.0,23.5,1,2,City,,0.68,1.8,44.02,7.884
CAR162,22.04,20,47.4,,33.1,0,0,Rural,412.0,0.79,1.67,72.16,10.252
CAR088,11.45,20,72.8,2928.0,15.4,1,0,City,397.7,0.54,0.98,68.31,10.8775
CAR146,22.08,20,51.0,2179.0,20.1,1,0,City,,0.88,0.71,37.92,6.786
CAR186,19.46,0,43.1,2019.0,28.3,0,0,City,432.3,0.08,3.09,119.45,8.088
CAR191,18.19,20,39.0,9840.358869060366,25.1,0,2,City,274.2,0.49,1.31,47.43,8.509
CAR171,16.24,10,91.5,1352.0,17.6,0,0,,100.8,0.58,3.94,357.35,15.427999999999997
CAR159,4.99,20,44.8,2200.0,25.0,1,1,City,426.8,0.39,3.44,159.62,4.7405
CAR068,32.22,20,55.8,2117.0,38.3,0,1,Highway,412.5,0.78,3.49,187.23,29.641
CAR160,39.72,0,27.0,1885.0,27.7,1,0,Rural,370.6,0.45,2.78,67.4,6.051
CAR062,38.06,10,60.2,2633.0,36.4,1,1,City,282.9,0.08,2.55,158.27,20.655
CAR101,10.79,10,44.6,1778.0,31.8,1,0,Rural,266.2,0.45,3.24,139.9,10.250499999999999
CAR179,3.0,10,47.8,1579.0,9.4,1,2,City,392.7,0.45,1.68,83.19,2.8499999999999996
CAR101,5.39,0,12.2,700.0,16.4,1,2,Rural,282.2,0.13,3.15,36.84,3.381
CAR124,23.7,20,37.1,2609.0,33.4,1,1,City,92.6,0.78,0.47,16.25,2.821
CAR048,4.35,10,38.4,3232.0,28.3,1,0,City,128.9,0.47,4.38,148.02,4.132499999999999
CAR089,4.47,0,56.1,3387.0,27.0,1,2,Rural,417.4,0.34,1.16,61.28,4.246499999999999
CAR102,9.02,20,49.6,2152.0,22.2,1,0,,370.0,0.82,1.98,89.43,8.568999999999999
CAR198,35.85,10,99.7,,30.1,1,2,City,165.3,0.19,0.64,62.39,9.184
CAR145,27.71,20,15.3,2035.0,28.2,0,1,City,351.5,0.23,3.2,51.19,7.905
CAR108,32.41,0,35.6,2979.0,26.4,1,2,Highway,423.2,0.22,1.31,42.15,4.234
CAR119,41.06,20,37.7,2399.0,33.8,0,1,City,445.2,0.7,1.78,61.35,10.993
CAR112,41.75,0,52.1,1264.0,14.4,0,2,City,262.8,0.68,3.67,176.66,20.117
CAR140,8.78,10,48.5,2054.0,31.4,1,1,Highway,225.2,0.35,1.2,57.49,6.527
CAR132,9.18,20,49.0,2886.0,29.2,1,2,City,226.7,0.7,4.48,220.58,8.721
CAR078,16.96,20,28.8,2264.0,34.3,0,0,,135.0,0.09,3.49,95.5,10.643
CAR037,17.58,10,62.3,1846.0,28.6,1,1,Rural,156.8,0.9,3.9,213.39,16.700999999999997
CAR161,44.67,10,16.3,,21.3,1,1,City,169.0,0.13,4.09,65.78,8.495
CAR187,4.2,20,73.4,,38.1,0,1,City,394.0,0.39,0.28,18.65,2.982
CAR178,13.96,10,68.2,2340.0,29.0,1,1,Highway,238.9,0.1,2.07,127.97,11.827
CAR036,5.77,0,46.6,2184.0,41.1,1,1,Highway,73.1,0.83,3.17,144.54,5.4815
CAR186,25.11,20,58.8,2287.0,27.5,0,1,Rural,97.0,0.53,4.2,252.57,23.854499999999998
CAR041,12.73,10,71.6,2742.0,30.3,1,1,City,413.3,0.65,2.52,176.34,12.0935
CAR023,26.62,10,71.6,1603.0,25.4,0,1,City,443.8,0.09,3.71,270.06,25.289
CAR008,25.33,20,37.0,2794.0,31.0,1,1,Highway,138.8,0.65,2.49,85.82,13.336
CAR189,4.75,85,88.1,1909.0,39.2,1,0,,126.9,0.9,3.26,250.43,4.5125
CAR188,39.85,10,,2712.0,22.5,1,2,Highway,338.0,0.21,3.07,202.17,28.065
CAR056,13.37,0,5.5,2668.0,33.7,1,1,City,252.7,0.31,2.87,13.83,1.454
CAR116,18.17,20,38.1,3164.0,37.9,1,0,Rural,255.0,0.38,2.85,100.56,15.885
CAR073,3.7,0,35.6,2045.0,22.9,1,1,Rural,422.0,0.79,0.77,26.23,2.885
CAR111,20.51,10,45.7,2222.0,21.1,1,1,Rural,445.4,0.54,0.45,18.01,2.389
CAR042,13.16,10,8.5,2071.0,19.3,1,2,Highway,192.4,0.65,1.52,11.89,1.567
CAR191,43.25,85,46.5,3600.0,19.2,1,2,City,109.9,0.28,0.42,18.48,6.625
CAR060,41.56,10,56.6,2128.0,27.9,0,1,Highway,347.7,0.13,2.45,119.39,12.987
CAR186,13.69,20,61.0,3239.0,9.2,0,2,City,312.0,0.29,1.53,97.19,13.0055
CAR118,8.38,10,38.4,2405.0,20.9,0,0,Rural,102.6,0.49,2.66,102.18,7.961
CAR059,29.87,10,58.1,2801.0,37.4,0,2,City,277.3,0.41,1.73,89.7,13.462
CAR051,17.11,20,48.0,2636.0,27.7,1,0,,245.5,0.16,0.3,13.74,2.049
CAR122,10.31,20,64.2,2819.0,24.7,0,0,rural,370.8,0.16,0.98,60.15,8.611
CAR195,32.6,10,68.5,2041.0,15.0,0,0,City,256.9,0.66,3.19,196.11,22.322
CAR129,29.19,10,57.6,,25.8,1,1,City,114.6,0.36,2.86,147.17,18.177
CAR183,40.24,20,70.1,2750.0,21.4,1,1,City,249.0,0.79,1.64,119.12,21.145
CAR025,34.04,20,23.0,1412.0,39.4,0,0,City,195.1,0.36,1.64,35.78,5.4
CAR166,44.69,10,83.1,3067.0,15.3,0,2,Highway,368.8,0.06,1.73,139.78,15.247
CAR118,11.27,0,93.8,,26.8,0,0,City,226.3,0.69,1.03,86.31,8.206
CAR021,11.57,20,8.7,3624.0,27.8,0,2,,335.6,0.19,0.75,5.79,0.824
CAR010,12.17,10,51.6,2485.0,17.2,1,0,City,253.5,0.29,0.77,35.4,4.412
CAR076,29.61,85,68.7,2657.0,35.3,1,2,Highway,431.2,0.76,1.56,98.2,28.129499999999997
CAR033,17.16,0,52.5,2416.0,8.3,0,0,City,246.7,0.65,4.04,193.41,16.302
CAR123,11.14,20,46.5,2343.0,33.1,1,0,City,167.3,0.22,0.47,18.77,2.8
CAR138,9.24,10,31.5,2216.0,26.2,1,0,City,303.6,0.45,3.47,97.52,8.778
CAR156,5.64,20,72.6,2639.0,25.4,0,2,Rural,298.0,0.3,4.48,337.27,5.358
CAR172,8.64,10,109.8,3166.0,34.5,1,0,City,357.1,0.09,2.27,252.89,8.208
CAR197,10.46,10,54.8,1746.0,,1,0,Highway,,0.21,0.29,14.72,1.209
CAR123,40.1,20,49.8,1995.0,24.7,1,1,City,375.4,0.65,2.23,97.61,17.627
CAR052,20.8,85,301.34469972648753,1763.0,18.3,1,1,Highway,396.0,0.76,0.86,57.79,19.288
CAR193,4.93,0,49.2,1584.0,18.7,1,1,Highway,298.5,0.26,3.38,145.46,4.6834999999999996
CAR108,8.24,10,33.0,1160.0,,1,1,,293.2,0.18,1.49,49.23,6.03
CAR059,36.74,20,66.4,2193.0,34.0,1,2,City,429.4,0.76,0.49,29.07,5.311
CAR052,9.23,85,35.9,2222.0,33.0,1,2,highway,255.6,0.81,1.78,54.75,8.7685
CAR179,8.42,20,43.5,2210.0,25.5,1,1,City,252.8,0.06,1.95,83.87,7.999
CAR099,37.54,20,12.6,1329.0,38.9,1,0,Highway,337.7,0.3,3.37,38.97,5.03
CAR003,42.2,20,48.0,1683.0,30.7,0,1,City,86.2,0.67,2.37,106.12,16.852
CAR164,39.11,10,72.2,1776.0,25.6,0,2,City,150.4,0.62,3.12,224.3,30.065
CAR082,44.97,20,55.9,2568.0,18.6,0,1,City,209.4,0.75,1.72,98.26,17.323
CAR159,7.94,20,10.8,1843.0,35.6,1,0,City,233.9,0.4,3.41,33.62,5.297
CAR194,36.09,10,42.0,3193.0,23.4,1,2,City,156.8,0.9,0.55,22.78,3.758
CAR113,3.09,0,5.0,2201.0,33.2,0,0,Highway,395.1,0.06,2.21,11.09,0.699
CAR110,8.13,0,49.6,2045.0,40.4,1,0,Highway,401.6,0.34,3.26,145.38,7.7235000000000005
CAR014,4.32,20,59.6,2817.0,19.1,0,1,Rural,209.5,0.32,4.45,274.19,4.104
CAR001,10.26,0,57.6,1556.0,39.6,1,0,City,374.6,0.64,3.4,200.19,9.747
CAR097,34.9,20,27.5,2652.0,17.4,0,2,City,252.7,0.21,2.14,56.49,8.892
CAR026,29.89,20,68.9,2400.0,10.7,1,0,Highway,,0.39,3.87,269.52,28.3955
CAR064,24.48,0,45.3,1961.0,19.9,1,0,Rural,191.2,0.8,2.45,111.62,11.213
CAR021,43.9,10,284.1382894025986,2503.0,28.9,1,1,,74.6,0.15,0.24,14.53,1.414
CAR045,11.58,20,73.1,2265.0,25.2,0,1,City,195.8,0.8,4.05,252.55,11.001
CAR011,14.35,10,59.1,1986.0,13.3,1,1,City,198.1,0.37,1.82,95.98,13.335
CAR099,2.25,10,42.4,2391.0,30.7,1,1,Highway,341.0,0.15,0.87,38.05,2.1374999999999997
CAR158,41.16,20,39.7,2723.0,21.6,1,1,Rural,128.0,0.13,3.86,154.11,22.488
CAR099,15.69,20,45.8,2359.0,5.3,1,1,City,265.4,0.39,0.78,35.92,5.488
CAR108,38.85,10,33.9,2404.0,19.5,1,1,Highway,212.8,0.52,3.05,98.76,10.9
CAR058,8.63,20,29.5,2466.0,24.2,0,2,Highway,183.9,0.88,1.08,31.48,4.916
CAR191,41.84,20,48.7,2742.0,21.0,1,1,City,124.6,0.69,3.75,176.12,30.949
CAR106,34.44,10,88.6,2287.0,29.2,1,1,Rural,341.2,0.84,1.85,170.83,25.289
CAR106,34.36,20,12.7,1784.0,9.2,0,1,Rural,343.8,0.06,4.43,50.98,7.169
CAR168,34.17,85,43.6,2015.0,27.1,0,2,City,291.2,0.32,0.43,17.99,6.236
CAR168,38.43,20,52.1,1267.0,18.5,1,0,City,442.6,0.12,3.6,188.39,27.198
CAR093,5.2,20,14.7,1145.0,22.4,0,1,Rural,73.9,0.19,1.66,21.69,2.815
CAR042,13.81,85,62.4,2186.0,,1,0,City,98.5,0.42,3.98,250.7,13.1195
CAR126,44.07,0,62.6,1233.0,31.0,0,1,City,179.1,0.74,0.86,48.4,5.097
CAR196,39.77,20,39.2,1739.0,27.4,0,2,Highway,181.0,0.18,2.08,79.61,12.088
CAR161,22.77,20,93.8,2154.0,23.3,1,1,Rural,212.2,0.83,0.84,80.42,14.216
CAR183,26.17,20,56.2,2291.0,17.8,0,1,Highway,447.7,0.46,1.28,72.08,10.667
CAR113,35.27,10,61.6,2801.0,26.7,0,1,City,,0.1,1.22,65.6,7.882
CAR118,28.88,10,65.1,2029.0,33.2,1,2,City,151.7,0.35,0.79,46.03,6.398
CAR071,34.61,0,66.4,2230.0,28.2,1,0,City,442.2,0.24,2.86,184.59,14.428
CAR028,20.56,10,65.1,1923.0,16.1,1,0,City,243.6,0.59,0.82,54.65,7.519
CAR020,21.68,85,87.0,1662.0,17.1,1,1,City,,0.38,1.18,90.91,20.596
CAR076,29.45,20,53.2,1147.0,31.7,1,2,Rural,388.7,0.41,1.69,81.41,15.091
CAR072,23.82,10,34.9,2189.0,28.5,0,0,Rural,271.9,0.54,1.91,66.83,6.962
CAR096,17.91,20,19.9,2219.0,23.5,0,0,City,191.7,0.7,1.41,27.6,4.313
CAR116,43.28,20,51.0,2481.0,27.0,0,1,City,320.9,0.75,1.13,50.57,8.406
CAR113,32.07,0,56.3,1071.0,,1,2,,429.2,0.31,3.97,205.92,20.916
CAR102,33.87,10,79.6,2451.0,17.1,0,2,City,175.5,0.39,0.62,49.21,7.066
CAR188,11.5,10,35.3,2490.0,19.2,1,1,Highway,444.3,0.56,1.29,46.9,5.823
CAR186,38.97,10,31.8,2843.0,22.4,0,0,Highway,294.2,0.84,0.63,17.53,2.088
CAR111,13.74,10,6.9,2010.0,24.9,0,2,City,263.0,0.79,0.39,2.7,0.419
CAR183,24.12,10,50.4,1934.0,30.1,1,1,Rural,445.4,0.29,1.35,64.85,7.416
CAR057,20.04,0,70.3,1359.0,25.6,0,1,City,166.8,0.84,3.42,240.65,19.037999999999997
CAR017,5.12,20,35.9,2207.0,,1,1,City,439.9,0.46,0.42,15.82,2.879
CAR036,6.85,20,69.1,2409.0,39.3,0,2,City,273.8,0.65,0.32,20.05,3.894
CAR164,43.47,10,56.9,1455.0,22.3,0,1,Highway,393.5,0.18,2.73,135.19,12.415
CAR132,11.81,20,44.7,2357.0,31.5,1,2,City,267.9,0.58,2.92,114.03,11.2195
CAR116,2.61,10,66.6,2467.0,28.7,0,0,City,370.0,0.25,0.89,51.49,2.4795
CAR130,8.9,0,48.7,2527.0,37.4,1,1,Highway,130.7,0.24,3.82,190.35,8.455
CAR174,29.63,10,79.2,2141.0,31.0,1,2,City,308.6,0.66,1.55,113.19,18.105
CAR030,29.59,20,39.3,2003.0,26.9,0,2,City,181.2,0.6,4.26,163.1,27.225
CAR152,9.41,20,28.8,2337.0,38.2,0,0,Rural,437.2,0.55,3.22,96.41,8.939499999999999
CAR084,41.19,10,22.0,1633.0,,0,2,Highway,252.8,0.51,1.89,42.73,4.879
CAR019,29.27,20,57.0,2282.0,20.5,0,1,City,154.7,0.74,3.67,206.49,27.8065
CAR143,27.64,10,43.1,3284.0,32.0,1,0,Rural,445.5,0.59,2.85,112.97,15.32
CAR096,33.24,20,69.2,2355.0,34.9,0,2,Rural,427.1,0.33,0.35,22.45,3.41
CAR021,35.38,20,80.1,2712.0,26.7,0,0,City,321.6,0.89,3.83,286.05,33.611000000000004
CAR132,13.89,0,40.9,1936.0,23.5,1,2,City,295.0,0.73,2.24,95.76,12.54
CAR037,11.82,20,26.7,2641.0,19.7,1,1,Highway,283.5,0.58,3.7,103.22,11.229
CAR052,29.68,10,23.7,2929.0,36.2,1,0,City,443.2,0.86,3.86,78.01,11.7
CAR182,40.49,85,65.6,2290.0,37.5,1,2,City,446.1,0.1,2.21,143.01,38.4655
CAR039,35.01,10,54.5,1986.0,24.8,0,1,City,224.1,0.06,1.25,64.35,7.711
CAR066,11.93,10,85.3,2834.0,10.1,0,0,Rural,267.0,0.08,3.41,302.44,11.333499999999999
CAR087,29.92,10,54.0,2553.0,16.8,0,1,Rural,395.5,0.53,0.39,18.11,2.308
CAR148,39.54,10,14.2,2543.0,31.6,1,0,City,204.7,0.58,1.18,16.94,2.077
CAR174,30.68,20,74.8,1371.0,27.4,1,1,City,,0.38,1.98,150.04,24.156
CAR022,14.86,20,34.8,1846.0,30.6,1,2,Highway,159.4,0.47,2.78,99.83,14.116999999999999
CAR044,39.76,20,66.6,2333.0,34.7,0,1,Rural,184.8,0.75,0.6,37.31,5.64
CAR159,44.06,85,17.4,1789.0,24.4,0,1,City,203.8,0.46,4.21,69.12,24.179
CAR098,37.48,10,37.2,1709.0,29.8,1,0,City,208.4,0.3,3.64,132.3,13.978
CAR141,44.3,10,36.9,1423.0,28.8,1,2,Rural,429.8,0.88,2.1,75.12,10.938
CAR002,13.26,20,48.0,2004.0,21.1,0,1,Highway,375.7,0.23,0.23,10.07,1.391
CAR077,41.35,20,30.8,3273.0,23.3,1,1,City,189.8,0.49,2.34,69.3,11.295
CAR028,7.62,0,43.3,1505.0,27.7,1,1,City,135.3,0.49,4.29,170.82,7.239
CAR009,15.63,10,73.9,,44.3,1,1,City,282.2,0.7,2.08,154.69,14.8485
CAR183,6.85,85,99.1,1872.0,16.2,0,1,City,210.9,0.47,3.64,371.94,6.507499999999999
CAR038,16.49,85,78.1,1686.0,26.1,1,1,Highway,420.4,0.62,0.95,63.94,15.665499999999998
CAR082,30.74,10,37.3,2439.0,34.4,0,1,City,,0.4,3.42,122.58,15.705
CAR111,39.33,20,63.5,2621.0,27.8,0,2,Highway,226.6,0.21,0.26,14.39,2.079
CAR126,43.13,20,51.3,1989.0,31.7,1,2,City,132.4,0.76,3.11,143.75,27.155
CAR029,20.88,85,56.5,1807.0,31.1,0,0,City,71.9,0.46,0.51,29.67,9.883
CAR054,30.94,10,36.8,1460.0,13.7,1,0,Highway,210.6,0.17,0.63,23.97,2.164
CAR031,24.4,85,65.9,2188.0,13.4,1,0,Rural,,0.06,1.2,80.36,23.179999999999996
CAR047,12.92,85,68.3,2202.0,22.8,0,2,City,229.0,0.22,1.6,113.27,12.274
CAR028,27.46,20,42.6,2470.0,29.6,1,0,City,305.1,0.53,0.82,32.73,5.469
CAR064,18.29,10,70.3,1735.0,33.1,0,1,City,338.0,0.85,1.52,93.82,11.872
CAR115,19.66,20,52.0,2016.0,22.8,0,0,Rural,219.1,0.88,1.67,84.62,12.441
CAR165,19.79,20,30.4,2924.0,14.7,1,0,City,365.9,0.09,1.3,34.44,5.169
CAR016,15.49,20,45.3,2578.0,11.9,0,1,Rural,216.6,0.68,3.39,133.68,14.715499999999999
CAR054,7.01,20,12.2,1722.0,42.4,1,1,City,432.4,0.06,3.97,46.96,6.6594999999999995
CAR068,42.8,20,45.7,2427.0,30.3,0,2,City,266.6,0.87,4.31,172.9,32.964
CAR086,33.58,85,31.6,793.0,22.4,0,2,City,395.8,0.51,2.72,83.37,28.597
CAR147,10.28,85,58.4,9549.058707891914,15.3,0,0,City,429.5,0.32,4.04,204.84,9.765999999999998
CAR032,3.68,20,64.9,2154.0,19.8,0,2,City,413.2,0.6,0.61,39.35,3.496
CAR054,17.54,20,76.9,2170.0,31.1,1,1,City,399.5,0.15,3.98,298.96,16.662999999999997
CAR139,31.84,10,310.6454620637248,2241.0,20.4,1,1,Highway,84.4,0.53,1.13,76.2,8.842
CAR078,28.2,20,59.7,2534.0,31.6,1,1,Highway,85.3,0.15,0.62,38.13,5.053
CAR035,19.86,0,34.9,2084.0,15.7,1,2,City,74.1,0.55,2.46,80.15,10.315
CAR104,22.79,20,55.6,3072.0,39.9,0,1,Rural,163.1,0.78,2.69,136.21,21.650499999999997
CAR059,3.13,10,49.4,1267.0,34.1,1,1,Rural,298.2,0.78,4.16,188.49,2.9734999999999996
CAR046,15.77,20,41.6,1705.0,29.3,0,0,City,212.2,0.05,4.11,152.78,14.981499999999999
CAR159,18.35,85,52.5,2233.0,36.7,1,1,City,70.3,0.25,2.41,110.93,17.4325
CAR131,18.32,20,25.4,,27.3,0,2,Highway,272.4,0.89,1.26,31.77,5.488
CAR163,36.77,0,40.0,1854.0,7.9,0,2,Highway,284.2,0.75,3.27,119.98,12.971
CAR154,31.42,10,5.0,2330.0,19.1,1,1,Rural,,0.05,0.29,1.31,0.15
CAR120,37.01,85,26.6,2293.0,27.4,0,2,Highway,315.3,0.57,0.48,12.1,4.079
CAR075,32.08,10,47.5,2995.0,17.3,0,0,City,445.0,0.49,3.99,173.07,22.559
CAR035,5.68,10,,1964.0,29.6,0,1,Highway,343.1,0.81,0.51,36.24,4.882
CAR048,22.21,20,50.3,744.0,34.1,0,1,City,409.6,0.87,1.55,67.6,10.823
CAR037,6.65,10,51.1,1940.0,20.1,1,1,Highway,274.6,0.34,3.94,190.12,6.3175
CAR109,44.48,10,33.4,1869.0,30.0,1,0,Rural,95.6,0.13,2.56,76.72,8.277
CAR081,24.87,10,40.6,2139.0,33.8,0,1,Highway,253.5,0.19,0.8,30.88,2.993
CAR149,20.38,0,30.9,1899.0,24.5,0,1,Rural,311.2,0.12,1.81,52.03,4.472
CAR161,11.24,10,66.5,2113.0,16.4,1,0,Rural,100.5,0.69,0.25,15.65,1.929
CAR137,23.25,10,23.7,2673.0,22.0,1,2,City,264.3,0.46,3.85,89.67,13.415
CAR028,30.03,10,59.7,1865.0,39.7,0,0,Rural,217.6,0.89,1.66,91.93,11.144
CAR131,38.68,10,30.8,2451.0,12.9,1,2,City,75.5,0.81,3.21,90.38,14.346
CAR162,42.9,85,49.4,3144.0,38.7,0,1,,374.6,0.43,1.88,90.72,30.609
CAR025,21.88,10,31.1,1126.0,26.6,0,1,City,248.2,0.71,0.47,14.91,1.937
CAR089,10.87,20,22.7,3443.0,25.2,0,0,City,375.0,0.52,4.35,103.63,10.3265
CAR110,9.85,10,29.8,2079.0,23.9,0,1,Highway,116.7,0.81,2.02,57.62,6.094
CAR129,14.23,0,48.1,2729.0,25.9,0,0,City,326.4,0.76,1.63,67.74,6.77
CAR155,3.39,0,59.1,1656.0,28.7,1,1,Highway,400.7,0.13,0.23,14.22,1.131
CAR015,28.38,85,93.8,1853.0,15.0,1,0,City,137.2,0.87,1.58,130.4,26.961
CAR170,10.02,10,49.4,1898.0,31.1,1,1,City,96.3,0.16,1.85,81.78,9.518999999999998
CAR188,16.74,10,61.2,1594.0,19.0,1,0,City,247.5,0.56,1.26,79.69,8.966
CAR046,33.72,10,57.7,1925.0,23.2,0,1,City,206.6,0.06,3.22,180.14,21.074
CAR096,23.24,10,38.6,2938.0,17.1,0,1,Highway,426.4,0.58,4.08,153.43,17.762
CAR144,18.94,85,72.1,1869.0,32.5,1,2,Rural,151.2,0.14,3.87,245.94,17.993000000000002
CAR135,25.86,0,65.4,1835.0,30.1,0,0,Rural,100.9,0.2,0.76,42.32,2.677
CAR042,23.09,0,21.4,,,0,0,City,82.6,0.86,1.62,35.4,3.553
CAR087,16.49,85,56.7,2984.0,15.5,0,1,Rural,135.2,0.6,2.11,119.63,15.665499999999998
CAR090,32.82,0,79.1,2061.0,27.6,1,1,City,278.3,0.82,0.92,69.8,8.352
CAR082,18.38,10,47.3,2267.0,21.7,0,1,City,125.0,0.78,0.8,37.55,5.174
CAR120,39.1,20,47.2,2636.0,12.2,0,1,Rural,397.2,0.3,1.68,67.59,10.217
CAR067,42.32,20,79.1,2590.0,35.5,0,2,,419.5,0.19,2.83,219.69,31.631
CAR112,43.82,20,38.2,1061.0,21.4,1,0,City,401.2,0.07,1.08,35.9,4.656
CAR116,44.03,0,40.0,3246.0,32.3,0,0,Highway,194.2,0.87,4.23,164.13,13.65
CAR178,24.04,10,43.6,2356.0,22.6,0,0,City,320.7,0.16,0.48,18.78,2.186
CAR157,11.3,85,45.2,1999.0,33.0,0,2,City,449.2,0.41,2.92,132.45,10.735
CAR153,24.98,10,45.9,2927.0,32.1,0,2,Highway,242.4,0.86,0.31,13.29,1.796
CAR178,43.99,20,23.2,2616.0,36.7,0,1,Highway,448.4,0.78,4.1,93.87,15.192
CAR069,41.82,20,52.8,1423.0,29.6,1,1,Rural,95.6,0.6,4.1,219.97,34.625
CAR120,29.44,20,68.9,1994.0,34.9,0,2,City,413.8,0.44,0.9,63.71,10.484
CAR094,5.41,20,61.4,2007.0,27.8,1,1,City,170.6,0.66,1.48,84.11,5.1395
CAR064,12.43,20,26.2,1896.0,23.6,0,0,,418.6,0.36,2.37,61.86,7.496
CAR070,30.72,10,46.8,2110.0,29.2,0,1,City,357.4,0.55,3.16,130.87,17.682
CAR056,38.18,20,55.5,2867.0,25.1,1,2,Highway,312.2,0.33,3.6,207.86,34.607
CAR187,34.5,0,67.3,2145.0,14.2,1,2,city,118.2,0.74,0.83,55.04,7.086
CAR133,26.12,10,74.4,2718.0,28.1,0,2,City,360.2,0.8,4.14,293.81,24.814
CAR053,42.6,0,68.9,2663.0,30.7,0,2,City,418.7,0.72,0.68,46.34,5.983
CAR157,41.01,20,16.3,2226.0,26.8,1,2,Highway,439.7,0.44,0.28,4.07,0.653
CAR077,42.75,20,75.1,2459.0,27.2,1,1,Highway,110.8,0.33,2.55,196.41,28.499
CAR196,43.94,10,68.5,2061.0,12.9,1,1,Highway,175.4,0.36,2.65,168.98,18.349
CAR193,18.85,10,69.7,2775.0,24.0,0,1,Rural,148.1,0.79,3.46,213.94,17.9075
CAR014,29.61,20,47.6,1706.0,32.2,1,1,City,377.3,0.76,0.42,20.7,3.758
CAR183,5.0,85,49.7,2295.0,25.9,1,1,Rural,390.3,0.43,2.82,134.92,4.75
CAR026,31.85,20,62.7,2370.0,33.2,1,0,City,,0.71,0.8,42.74,7.255
CAR112,28.74,20,53.6,,27.9,1,0,City,,0.8,2.03,105.03,18.33
CAR065,17.53,20,50.7,3123.0,19.4,1,0,Highway,347.1,0.16,2.07,90.81,12.757
CAR151,5.93,85,27.6,2273.0,,0,1,City,74.1,0.51,1.2,30.44,5.6335
CAR049,30.86,20,26.3,1853.0,21.9,1,0,Highway,348.9,0.51,3.07,75.3,10.635
CAR153,20.24,20,55.8,2339.0,34.2,1,1,City,373.2,0.54,2.12,117.22,19.227999999999998
CAR085,44.28,0,42.8,2456.0,22.9,0,0,City,369.7,0.51,3.54,132.39,11.66
CAR197,27.27,10,26.0,2701.0,21.2,1,2,City,116.9,0.12,1.59,43.34,5.382
CAR128,15.34,10,63.6,2471.0,40.9,1,1,City,246.3,0.65,3.32,215.44,14.572999999999999
CAR145,29.69,20,15.6,898.0,27.3,0,0,City,368.0,0.16,0.42,6.12,0.85
CAR124,22.24,20,21.6,2474.0,29.8,0,1,City,237.0,0.09,4.06,87.04,13.445
CAR026,5.02,20,42.3,1692.0,39.0,1,2,Rural,315.0,0.38,4.07,161.81,4.768999999999999
CAR026,23.39,0,35.5,4221.0,39.4,0,2,Highway,316.1,0.39,2.18,77.2,8.848
CAR130,3.5,20,49.3,1576.0,28.8,1,0,City,251.0,0.34,3.57,152.87,3.3249999999999997
CAR181,31.78,10,61.2,3251.0,26.7,0,1,Highway,431.0,0.53,4.2,221.99,27.396
CAR162,33.14,0,21.8,1764.0,25.4,0,1,City,381.1,0.52,3.04,65.61,6.73
CAR167,30.17,20,25.6,3193.0,19.0,1,2,Rural,117.6,0.11,3.46,85.78,13.303
CAR165,3.8,20,61.3,1094.0,28.5,1,2,City,263.1,0.37,3.71,223.04,3.61
CAR102,18.59,0,35.3,1593.0,28.9,0,1,City,287.6,0.21,1.5,53.46,4.288
CAR154,37.66,10,60.6,2060.0,17.4,1,1,Rural,261.7,0.8,2.4,148.98,21.581
CAR195,40.61,10,201.36150460118688,1919.0,17.5,0,1,City,254.3,0.37,0.72,30.26,3.865
CAR081,2.95,20,35.8,1779.0,22.2,0,0,City,234.3,0.75,2.78,97.11,2.8025
CAR195,5.62,0,40.0,2242.0,23.9,0,0,Rural,,0.17,2.81,101.38,5.3389999999999995
CAR124,26.11,20,52.3,2034.0,26.0,0,2,City,341.2,0.37,3.59,170.35,24.804499999999997
CAR145,16.58,20,52.1,2270.0,15.2,1,1,Rural,424.7,0.5,2.23,112.28,15.750999999999998
CAR140,38.08,20,21.0,2723.0,40.3,0,2,City,371.0,0.87,0.75,13.64,2.745
CAR179,3.11,20,64.0,2835.0,17.2,0,2,,161.4,0.16,0.64,42.53,2.9545
CAR180,30.18,20,75.4,1916.0,20.1,0,1,Rural,348.5,0.47,1.51,106.28,16.919
CAR116,12.31,10,26.9,1738.0,23.9,1,1,City,448.4,0.32,3.8,102.75,11.6945
CAR101,19.39,20,60.8,2737.0,48.0,1,2,Rural,319.3,0.51,3.01,158.43,18.4205
CAR138,23.93,10,88.8,,28.5,0,1,Rural,234.6,0.5,2.44,195.2,22.7335
CAR168,32.13,10,60.8,2071.0,,0,2,City,141.8,0.17,3.19,168.48,21.357
CAR193,17.64,20,33.5,2287.0,16.1,0,1,Rural,366.9,0.1,1.44,43.9,5.746
CAR008,38.34,10,60.5,3057.0,27.6,0,2,Rural,428.7,0.32,2.42,135.54,17.864
CAR095,9.82,85,37.5,2503.0,14.4,1,1,Rural,72.2,0.48,1.15,40.71,9.329
CAR122,43.62,10,64.4,2813.0,17.4,0,0,Rural,345.0,0.51,1.26,70.27,7.881
CAR039,19.06,10,35.2,2318.0,20.7,1,0,City,332.0,0.85,2.09,63.54,8.945
CAR122,14.69,20,65.3,3360.0,17.0,1,0,Highway,251.1,0.52,3.01,204.82,13.955499999999999
CAR150,22.93,85,48.8,2006.0,34.8,1,0,Rural,264.6,0.21,0.51,21.76,6.999
CAR163,11.62,20,40.4,,26.1,0,0,City,356.4,0.23,2.9,122.71,11.038999999999998
CAR092,30.89,20,61.0,1916.0,30.1,1,1,Rural,194.1,0.53,0.69,43.38,7.348
CAR046,22.91,20,33.1,2158.0,27.6,0,0,Rural,448.8,0.34,3.57,110.25,15.906
CAR109,42.96,10,65.3,1436.0,38.5,0,1,City,251.3,0.74,3.81,243.57,33.718
CAR161,19.45,0,9.8,2333.0,,1,2,City,212.0,0.46,1.96,19.5,2.306
CAR129,44.18,0,41.9,2780.0,30.0,0,0,Rural,147.8,0.85,1.0,39.79,3.207
CAR139,3.58,10,34.2,3194.0,16.0,0,2,Highway,127.4,0.86,2.98,95.08,3.401
CAR058,3.51,20,68.6,2820.0,,0,0,Highway,194.8,0.13,3.56,219.07,3.3345
CAR174,39.04,20,28.2,1721.0,26.8,0,1,City,115.9,0.32,4.22,122.26,17.364
CAR106,42.83,10,24.2,2120.0,27.2,1,0,Rural,203.9,0.37,3.08,70.03,8.752
CAR192,2.19,20,41.0,1451.0,16.0,0,0,City,330.5,0.22,0.45,16.25,2.0805
CAR156,13.65,20,50.4,2955.0,30.9,1,1,City,335.7,0.66,1.06,53.01,9.393
CAR147,17.37,20,,2953.0,21.2,1,2,City,250.6,0.15,0.75,20.03,3.734
CAR083,23.12,10,5.0,2632.0,24.3,1,2,Rural,393.0,0.3,0.68,3.44,0.466
CAR025,20.03,0,28.0,2828.0,22.6,1,1,Highway,116.6,0.52,0.45,12.03,1.175
CAR086,19.17,20,45.6,1615.0,27.2,1,1,City,130.8,0.89,0.69,28.61,4.965
CAR101,43.65,10,60.7,2008.0,35.9,1,2,City,420.2,0.89,0.94,55.94,9.726
CAR200,15.93,20,60.4,2188.0,32.3,0,1,City,,0.2,1.17,63.05,9.335
CAR043,39.72,20,6.9,2738.0,21.6,0,2,City,297.5,0.22,4.37,27.75,4.579
CAR066,35.13,20,49.1,2647.0,35.4,1,0,City,438.0,0.56,1.42,72.05,12.51
CAR019,18.83,10,80.3,3153.0,42.6,1,1,Highway,272.8,0.29,4.33,344.64,17.888499999999997
CAR050,8.31,10,56.6,2448.0,26.1,0,1,City,126.4,0.72,3.12,179.37,7.8945
CAR104,33.84,10,33.7,2566.0,32.9,1,0,Highway,,0.33,2.84,91.11,9.488
CAR107,3.89,10,11.7,1429.0,18.2,0,0,Highway,173.1,0.87,4.08,48.81,3.6955
CAR137,14.53,0,43.9,2388.0,,0,2,City,275.4,0.24,4.09,171.09,13.803499999999998
CAR141,40.52,20,38.6,2298.0,22.4,0,1,City,398.6,0.37,0.76,29.54,4.782
CAR022,43.54,0,48.4,2937.0,34.8,0,0,City,330.6,0.23,3.42,162.07,12.905
CAR165,5.42,0,66.5,3234.0,19.0,1,1,Highway,448.5,0.18,0.55,31.57,3.007
CAR147,35.07,20,50.9,1775.0,25.1,1,1,City,196.1,0.85,0.47,24.56,4.378
CAR164,41.41,0,46.5,1787.0,42.0,1,1,Rural,299.7,0.61,1.11,53.02,6.128
CAR006,15.68,10,10.7,2846.0,36.0,1,1,Rural,355.8,0.46,2.41,25.38,3.462
CAR130,22.71,10,52.8,2261.0,41.2,1,1,Highway,274.4,0.38,2.57,116.88,14.577
CAR004,3.4,20,34.5,1788.0,25.2,1,2,City,136.4,0.76,2.95,102.32,3.23
CAR157,36.33,10,55.2,1751.0,27.6,1,1,City,329.2,0.72,1.41,78.0,10.282
CAR070,30.72,20,52.9,3022.0,20.6,0,1,Highway,97.5,0.35,1.8,83.54,11.297
CAR151,4.0,20,53.3,1959.0,14.4,1,1,Highway,220.3,0.32,0.61,29.78,3.8
CAR191,7.54,20,72.9,2218.0,18.7,0,1,,81.9,0.4,2.46,154.02,7.162999999999999
CAR160,22.56,20,79.2,1778.0,26.2,1,2,Rural,,0.11,1.15,78.91,12.547
CAR079,37.69,10,63.4,2032.0,31.0,1,1,City,85.6,0.41,1.17,63.74,8.295
CAR103,11.69,20,43.9,1257.0,24.1,1,0,City,249.1,0.55,1.61,73.97,11.1055
CAR072,36.71,10,30.0,2451.0,30.8,1,1,City,111.1,0.53,2.98,77.9,11.317
CAR028,20.74,85,38.0,2609.0,17.5,1,2,City,87.9,0.16,2.87,113.4,19.702999999999996
CAR151,9.01,20,82.6,1708.0,37.3,1,0,City,411.0,0.23,4.45,381.37,8.5595
CAR108,14.75,20,44.2,2372.0,30.6,0,1,Highway,181.8,0.82,2.54,110.43,14.0125
CAR096,40.28,85,29.2,835.0,24.4,1,2,City,342.1,0.66,1.97,53.15,19.014
CAR200,37.9,20,49.7,3190.0,33.5,0,0,Rural,74.0,0.8,1.2,50.7,7.67
CAR006,13.18,20,59.0,1864.0,28.4,1,0,City,,0.16,3.6,221.78,12.520999999999999
CAR167,29.17,10,31.9,2644.0,25.9,1,2,Highway,277.7,0.33,0.23,6.73,0.873
CAR101,33.03,10,25.8,3439.0,15.7,0,1,City,356.1,0.23,3.84,92.02,12.446
CAR178,12.78,20,33.4,1242.0,29.8,1,2,City,164.4,0.44,3.05,87.83,12.140999999999998
CAR190,29.56,10,41.6,3301.0,40.8,0,2,Highway,282.8,0.32,2.69,95.15,13.267
CAR016,31.33,20,86.7,2469.0,20.3,0,0,Rural,307.1,0.51,2.24,169.4,24.201
CAR047,35.68,20,55.4,3009.0,47.2,0,0,Rural,267.7,0.9,2.65,154.02,26.942
CAR144,12.76,20,45.5,1923.0,28.7,0,2,City,141.8,0.59,3.4,157.86,12.122
CAR072,33.72,20,29.5,2631.0,23.4,1,1,Rural,205.4,0.65,1.12,30.08,5.204
CAR120,42.9,20,5.0,2300.0,14.3,1,2,City,181.0,0.69,1.31,6.13,1.145
CAR044,5.05,85,45.6,2138.0,35.8,0,1,City,,0.27,0.29,12.4,4.242
CAR102,28.94,20,44.9,1348.0,21.7,0,1,City,290.1,0.82,0.3,12.78,2.119
CAR130,17.64,10,50.9,2235.0,32.1,0,2,Highway,368.8,0.66,0.55,27.09,3.719
CAR103,42.47,0,50.5,2350.0,33.9,0,2,Highway,248.2,0.64,4.43,197.76,19.92
CAR127,19.72,85,25.1,2453.0,9.8,1,1,City,263.5,0.15,2.75,68.62,18.733999999999998
CAR081,25.95,10,68.9,3292.0,29.8,1,0,City,95.9,0.85,0.87,54.8,7.4
CAR137,14.49,20,51.4,1819.0,30.7,0,1,Highway,170.9,0.47,4.22,201.43,13.7655
CAR070,8.06,0,53.9,3003.0,33.8,1,2,City,143.0,0.16,2.72,149.42,7.657
CAR114,25.52,10,44.0,2741.0,31.6,1,0,Highway,85.7,0.25,1.58,60.42,6.414
CAR169,43.03,20,41.1,,25.8,0,1,,196.6,0.83,1.34,54.74,9.515
CAR082,32.75,0,23.4,1142.0,39.0,1,1,Rural,342.6,0.28,3.79,83.96,8.025
CAR009,32.92,20,25.1,3137.0,26.8,0,2,Highway,206.2,0.72,0.3,7.32,1.218
CAR055,4.03,10,50.3,2158.0,31.1,1,0,,287.3,0.16,0.98,42.79,3.8285
CAR157,12.78,10,164.62349336909966,2372.0,17.4,1,1,Rural,149.2,0.1,0.3,9.79,1.128
CAR163,23.09,10,15.9,2547.0,25.7,0,2,City,344.3,0.44,0.32,5.03,0.778
CAR182,15.62,10,187.41036109533098,2749.0,25.1,0,1,Highway,317.7,0.5,0.62,22.24,2.62
CAR049,15.22,20,59.2,2616.0,33.4,0,1,Rural,118.1,0.53,3.45,210.08,14.459
CAR020,13.56,85,52.7,1760.0,18.4,1,2,Highway,257.5,0.72,0.59,30.13,10.213
CAR095,15.78,20,48.0,988.0,30.1,1,0,City,440.4,0.65,3.37,143.94,14.990999999999998
CAR184,5.28,10,46.2,2244.0,33.5,1,2,Rural,140.6,0.41,3.07,134.95,5.016
CAR067,36.2,10,85.7,1669.0,34.0,1,1,Highway,201.6,0.22,2.89,236.52,25.216
CAR010,32.14,10,40.5,2680.0,12.0,1,1,,,0.25,3.6,134.29,16.156
CAR154,21.97,20,64.1,1974.0,28.0,1,1,City,313.2,0.83,3.5,220.19,20.871499999999997
CAR099,29.86,85,15.6,2295.0,27.8,0,1,Rural,349.1,0.29,0.36,5.17,1.733
CAR089,36.64,10,40.1,1965.0,43.5,1,1,City,156.7,0.19,2.92,102.08,15.432
CAR123,33.47,20,39.0,2112.0,40.5,0,0,Rural,175.6,0.59,4.13,166.82,25.839
CAR115,40.62,10,51.1,,18.2,0,1,Rural,259.0,0.44,0.3,15.72,2.029
CAR054,31.9,10,49.7,2001.0,,0,2,Highway,210.2,0.68,4.16,196.04,26.217
CAR179,6.93,10,35.7,3161.0,31.5,0,2,City,364.0,0.89,2.05,75.57,6.583499999999999
CAR118,33.73,0,30.3,2250.0,19.2,1,1,City,318.1,0.41,2.28,68.62,7.139
CAR129,3.28,10,26.8,2262.0,28.3,1,2,City,160.0,0.17,0.42,10.3,1.453
CAR036,9.41,10,23.5,1855.0,26.6,0,1,City,434.2,0.47,1.69,35.62,4.336
CAR057,4.39,10,68.7,2090.0,40.6,0,2,Highway,248.7,0.56,1.14,75.99,4.1705
CAR012,7.47,10,29.4,2548.0,31.8,0,0,City,209.0,0.11,1.43,40.42,4.032
CAR103,20.63,10,71.5,2326.0,25.4,1,1,Rural,390.5,0.37,2.5,167.64,19.598499999999998
CAR046,44.32,0,62.3,1436.0,38.9,0,1,Highway,282.5,0.78,0.84,54.89,5.412
CAR031,44.93,0,51.5,1020.0,32.9,1,1,City,302.5,0.79,1.95,95.38,10.081
CAR039,6.77,10,45.8,2144.0,22.2,1,0,Rural,449.2,0.9,1.7,73.46,6.431499999999999
CAR123,22.9,20,61.8,3102.0,38.6,1,0,City,247.7,0.65,4.35,278.34,21.755
CAR045,7.79,20,33.8,1903.0,34.4,1,1,City,80.7,0.08,4.38,137.28,7.4005
CAR116,11.58,10,48.8,1896.0,,0,2,Highway,150.7,0.39,2.96,130.24,11.001
CAR163,19.75,20,49.9,1181.0,16.7,0,1,City,317.8,0.41,0.84,40.85,5.889
CAR193,5.06,0,53.4,997.0,31.2,1,2,Rural,398.3,0.64,3.11,149.56,4.8069999999999995
CAR032,8.46,10,5.0,1616.0,13.7,1,0,Rural,79.7,0.06,4.32,21.46,2.354
CAR087,23.2,20,61.4,2160.0,,0,0,City,241.1,0.62,0.76,42.08,6.768
CAR062,26.63,0,47.4,1906.0,27.0,1,1,Highway,400.7,0.45,0.42,18.46,1.712
CAR128,34.04,20,47.8,2628.0,15.1,1,1,City,364.9,0.82,2.27,113.13,20.865
CAR071,4.87,20,74.5,1421.0,29.0,0,0,City,149.9,0.8,3.99,260.68,4.6265
CAR101,14.21,20,49.4,2214.0,25.8,1,1,Highway,132.7,0.73,3.95,173.64,13.4995
CAR017,23.14,85,34.9,3453.0,28.6,1,1,City,403.2,0.26,0.92,30.41,10.794
CAR056,8.24,10,43.1,1352.0,28.5,1,0,City,258.5,0.44,1.81,73.51,7.827999999999999
CAR018,42.45,0,50.1,2949.0,29.3,0,1,Highway,279.3,0.49,4.1,186.27,16.829
CAR163,34.33,0,69.0,1739.0,14.7,0,1,Highway,71.9,0.18,0.25,17.51,1.113
CAR138,8.31,10,40.1,1072.0,27.2,1,2,Highway,249.0,0.08,0.54,22.32,2.516
CAR182,9.42,85,70.6,1334.0,24.1,1,1,Highway,325.4,0.59,1.17,82.24,8.949
CAR090,34.57,0,33.9,988.0,,1,0,City,438.6,0.24,1.16,38.23,3.252
CAR089,2.51,85,66.7,3174.0,,0,0,Highway,338.8,0.7,0.26,17.04,2.3844999999999996
CAR172,22.79,20,51.9,1606.0,39.0,1,2,City,247.8,0.1,1.75,77.93,13.558
CAR197,38.08,85,29.5,2070.0,34.5,1,1,highway,356.0,0.56,1.37,35.24,11.941
CAR100,41.84,85,64.0,,22.0,1,2,Highway,79.8,0.76,4.35,238.72,39.748000000000005
CAR107,27.23,20,,1988.0,20.0,1,1,City,109.9,0.64,0.26,21.79,3.641
CAR166,4.71,85,31.8,2479.0,21.3,1,2,Highway,121.4,0.64,1.29,42.39,4.4745
CAR044,11.51,20,48.1,2346.0,26.0,0,1,,175.2,0.66,0.98,49.48,8.046
CAR090,26.54,0,54.8,1199.0,23.5,1,0,City,248.0,0.8,1.91,98.96,9.716
CAR077,14.83,10,42.7,2266.0,20.2,1,0,City,329.9,0.66,3.68,151.94,14.0885
CAR030,17.7,10,73.7,2888.0,19.4,1,1,Highway,406.5,0.88,4.3,296.51,16.814999999999998
CAR184,35.62,20,41.3,1514.0,39.2,1,1,City,395.9,0.27,2.09,85.61,15.496
CAR055,18.23,20,48.3,1701.0,18.8,0,0,,374.0,0.32,2.36,99.74,12.455
CAR058,5.5,20,37.2,2656.0,22.6,1,2,Highway,325.6,0.68,2.53,93.7,5.225
CAR192,7.74,85,84.9,2062.0,36.6,1,2,City,117.2,0.07,2.77,244.38,7.353
CAR060,28.14,10,84.4,2252.0,20.9,0,1,City,141.0,0.62,1.03,83.72,11.771
CAR026,37.98,10,69.9,1388.0,34.9,1,1,Highway,174.9,0.77,1.3,82.45,10.002
CAR183,7.76,10,23.5,2845.0,40.1,1,1,Rural,369.1,0.18,1.21,26.76,3.763
CAR004,9.34,0,52.9,2142.0,38.0,1,1,City,394.9,0.76,2.65,137.97,8.873
CAR180,18.28,0,72.5,1792.0,21.7,0,2,,157.8,0.06,2.48,159.09,11.303
CAR079,42.55,0,41.4,838.0,34.9,0,1,City,74.4,0.15,3.37,132.53,10.108
CAR105,20.46,20,46.0,1661.0,17.8,1,0,Rural,74.2,0.18,1.29,61.77,7.837
CAR125,43.29,20,52.7,1655.0,34.9,0,0,,427.6,0.11,1.68,86.97,9.697
CAR018,40.7,20,15.9,1892.0,29.1,0,0,Highway,274.1,0.87,2.28,33.35,4.719
CAR069,37.78,10,58.7,2497.0,31.7,1,1,Rural,198.3,0.15,2.78,161.64,19.266
CAR139,44.73,10,34.5,2221.0,18.6,1,2,Highway,292.6,0.73,3.99,121.83,17.784
CAR177,9.32,0,,3121.0,13.0,1,2,Rural,180.9,0.39,3.28,226.74,8.854
CAR155,6.31,10,40.7,1347.0,38.9,1,2,Highway,212.2,0.1,3.31,128.89,5.9944999999999995
CAR066,7.39,20,77.0,2318.0,24.2,0,1,Highway,363.7,0.22,1.16,85.2,7.020499999999999
CAR031,23.2,10,65.3,3285.0,30.9,0,2,,202.3,0.43,3.13,182.68,22.04
CAR093,40.94,0,53.9,3225.0,40.3,1,0,Rural,184.0,0.68,0.23,12.78,1.284
CAR155,16.95,20,80.0,3794.0,38.1,1,1,City,237.3,0.54,1.83,141.59,16.1025
CAR070,3.35,85,75.4,2158.0,40.9,1,2,city,341.4,0.46,1.89,146.29,3.1825
CAR114,19.32,10,57.2,1754.0,16.0,1,1,Highway,441.4,0.18,2.7,153.46,15.984
CAR054,44.77,10,55.0,1301.0,34.5,1,2,Highway,413.4,0.33,3.59,195.11,24.534
CAR013,28.25,0,200.43142836746318,2554.0,30.3,1,1,Highway,76.7,0.06,1.34,59.71,4.479
CAR122,18.34,85,49.2,2514.0,37.2,1,2,Highway,160.8,0.76,2.26,97.21,17.423
CAR170,16.92,0,58.8,1462.0,21.5,1,2,Highway,146.1,0.06,1.04,57.37,4.877
CAR099,4.92,85,108.0,2303.0,38.7,1,2,Highway,400.4,0.12,0.68,70.99,4.6739999999999995
CAR122,27.9,85,36.5,2433.0,18.6,1,0,Highway,73.1,0.24,1.69,62.15,18.933
CAR199,2.01,10,60.7,2441.0,17.8,1,0,City,97.6,0.75,0.74,40.9,1.9094999999999998
CAR002,4.08,10,40.6,2351.0,29.3,0,1,City,272.0,0.52,0.58,22.18,2.951
CAR004,10.12,10,21.8,2684.0,24.0,0,1,City,86.2,0.56,1.11,24.88,3.424
CAR094,39.01,10,24.8,1487.0,34.9,1,2,City,168.3,0.58,2.45,56.36,8.115
CAR143,16.09,20,55.4,2304.0,24.9,1,0,Highway,304.6,0.59,4.31,217.4,15.285499999999999
CAR107,31.81,0,45.4,2956.0,29.5,1,1,City,431.7,0.27,1.03,42.07,4.857
CAR106,28.17,20,20.8,2340.0,17.7,1,1,City,258.2,0.5,2.8,54.48,9.287
CAR190,9.76,10,35.7,3087.0,37.6,1,0,City,288.5,0.83,0.4,13.69,2.025
CAR153,30.08,20,23.7,2545.0,21.5,1,1,City,240.5,0.29,0.26,5.88,0.986
CAR063,17.33,20,27.0,2024.0,11.7,1,2,Highway,303.9,0.19,3.74,87.98,12.776
CAR135,26.36,20,58.9,1938.0,28.7,0,1,City,359.5,0.36,2.9,156.32,24.127
CAR015,29.11,20,55.7,2534.0,13.0,1,1,Highway,101.9,0.57,2.87,145.8,22.6
CAR077,20.52,10,8.8,2567.0,34.6,1,1,City,278.3,0.54,0.92,7.04,1.007
CAR183,28.89,20,73.4,1168.0,26.8,0,0,City,338.5,0.41,1.66,107.58,15.367
CAR197,36.72,10,84.0,1918.0,30.5,1,1,City,312.8,0.7,2.25,164.93,23.361
CAR038,8.84,10,66.0,2511.0,38.1,0,1,City,408.4,0.73,1.86,112.44,8.398
CAR023,34.22,10,12.0,2819.0,35.9,0,2,City,197.2,0.63,2.25,26.38,4.051
CAR071,42.23,85,64.9,2154.0,34.1,0,0,Highway,121.2,0.55,1.4,79.24,24.447
CAR126,12.39,10,79.4,2406.0,24.4,1,0,Rural,176.1,0.7,3.08,232.62,11.7705
CAR186,35.45,0,55.5,,20.9,1,0,Highway,438.3,0.09,0.86,46.06,3.23
CAR013,29.23,20,17.5,1613.0,16.7,1,2,Rural,72.6,0.64,2.73,48.7,7.967
CAR189,21.87,10,35.1,1558.0,27.5,0,2,City,262.9,0.88,1.2,36.89,5.984
CAR086,36.92,85,72.1,1835.0,18.7,1,1,City,323.8,0.37,3.96,245.93,35.074
CAR076,37.99,10,19.9,1449.0,27.2,0,1,City,355.7,0.09,2.71,47.1,5.449
CAR039,17.01,0,53.0,3198.0,15.3,0,1,City,155.5,0.31,0.87,42.82,3.98
CAR092,28.29,20,63.7,2858.0,26.1,1,2,,412.9,0.1,2.85,161.76,25.263
CAR152,43.94,10,40.1,3020.0,39.4,0,2,City,358.9,0.52,3.95,150.92,23.599
CAR101,13.38,10,44.7,1846.0,27.6,1,0,City,234.5,0.07,2.34,93.25,11.085
CAR047,25.88,10,107.4,1667.0,29.2,0,1,Highway,213.6,0.73,1.47,139.48,17.366
CAR093,28.5,0,36.5,1776.0,28.3,0,0,City,371.9,0.39,3.17,110.47,9.123
CAR027,13.73,0,37.4,1946.0,18.1,1,1,Rural,409.0,0.74,2.61,85.92,9.584
CAR078,17.28,20,42.5,1251.0,31.5,0,1,City,413.6,0.88,0.74,32.84,5.756
CAR028,36.71,20,32.6,2516.0,24.1,0,0,Rural,187.5,0.1,2.09,64.96,7.996
CAR107,4.76,85,60.5,1984.0,28.9,1,1,City,217.3,0.7,3.95,220.61,4.521999999999999
CAR124,42.1,20,29.4,1779.0,13.3,1,2,Rural,389.5,0.24,2.99,87.05,14.153
CAR086,35.39,0,30.9,,24.7,0,1,City,76.4,0.1,1.82,54.55,4.585
CAR168,16.0,20,46.4,2711.0,26.9,1,2,Highway,397.1,0.35,3.58,146.81,15.2
CAR078,37.55,0,44.9,2069.0,22.5,1,0,City,326.5,0.74,2.08,86.77,8.531
CAR125,14.87,20,27.4,2684.0,37.4,1,1,Rural,374.9,0.89,1.84,49.35,8.763
CAR049,39.55,20,65.3,3109.0,24.7,0,0,Highway,358.1,0.31,1.38,92.73,13.017
CAR085,44.1,10,57.6,2748.0,34.0,0,1,Highway,416.3,0.1,1.59,80.2,8.453
CAR183,40.79,85,52.7,2832.0,31.0,1,0,City,129.3,0.47,3.4,162.98,38.750499999999995
CAR165,23.57,10,53.9,2112.0,27.4,1,2,City,211.1,0.56,3.35,171.52,22.3915
CAR196,8.04,20,54.2,2539.0,37.2,1,2,Rural,111.8,0.82,1.48,78.45,7.637999999999999
CAR047,3.64,10,71.6,1578.0,17.4,1,1,Rural,355.6,0.26,4.08,268.47,3.4579999999999997
CAR121,13.09,20,29.2,2889.0,33.5,1,0,City,372.8,0.7,1.35,38.7,6.695
CAR187,44.76,10,24.0,1740.0,33.7,0,0,City,101.1,0.78,3.18,72.76,8.43
CAR114,15.71,85,65.4,2199.0,33.8,0,1,City,428.5,0.32,3.67,208.83,14.9245
CAR072,25.86,10,20.8,3222.0,26.8,1,2,Rural,147.2,0.21,0.47,9.98,1.21
CAR043,23.27,20,34.9,2819.0,32.2,0,0,City,287.6,0.55,2.91,87.7,13.596
CAR021,42.52,0,70.3,3209.0,23.2,0,0,,115.9,0.47,3.86,239.23,19.419
CAR052,32.25,0,57.6,3575.0,31.9,1,2,City,228.1,0.83,3.5,180.55,25.426
CAR113,39.24,0,,2479.0,14.9,0,2,Highway,169.5,0.5,2.77,111.74,10.019
CAR096,23.59,20,24.5,2925.0,27.4,0,0,City,286.7,0.43,4.02,102.52,15.13
CAR032,3.77,20,49.6,1117.0,25.6,0,2,City,367.7,0.55,3.98,186.0,3.5814999999999997
CAR051,20.73,10,76.6,2443.0,26.9,0,0,Highway,179.4,0.11,3.5,233.19,19.6935
CAR121,8.54,10,42.3,3350.0,24.9,0,1,Highway,422.6,0.67,2.01,78.1,8.113
CAR174,32.59,20,50.7,2647.0,31.0,1,1,City,71.7,0.08,0.5,22.37,3.389
CAR137,12.44,0,,1898.0,36.3,1,2,City,445.3,0.34,4.3,151.56,11.818
CAR161,8.34,20,56.3,2737.0,34.2,0,2,City,267.9,0.48,0.22,11.31,2.057
CAR106,11.09,20,31.1,2501.0,33.3,1,2,City,423.6,0.25,0.66,19.91,3.477
CAR035,18.44,10,13.0,2297.0,23.8,0,2,City,298.6,0.27,4.08,54.88,7.267
CAR196,40.44,20,45.7,2673.0,32.1,1,2,Highway,,0.09,3.75,154.17,21.872
CAR007,13.61,20,70.7,3653.0,24.1,0,1,Highway,288.2,0.14,3.5,240.52,12.929499999999999
CAR160,28.47,20,25.6,1952.0,21.7,0,1,Rural,222.4,0.45,3.07,68.83,10.846
CAR092,42.13,10,44.3,1207.0,,1,0,Rural,274.3,0.21,1.78,70.15,8.198
CAR010,37.97,20,36.7,1613.0,20.5,1,2,Rural,,0.9,0.69,23.39,4.13
CAR134,22.62,20,56.7,1718.0,30.8,0,0,Rural,194.1,0.84,2.46,131.88,19.459
CAR067,39.48,10,27.9,1308.0,32.6,1,2,Rural,367.4,0.26,4.39,104.28,12.787
CAR017,30.87,10,40.7,912.0,30.7,0,1,Highway,96.1,0.8,2.99,104.88,11.391
CAR186,3.29,10,42.6,2251.0,40.9,0,0,Rural,273.3,0.35,1.01,37.87,3.1254999999999997
CAR074,13.62,20,59.5,3228.0,33.2,1,1,Highway,331.0,0.34,4.42,260.94,12.938999999999998
CAR007,32.28,20,76.3,2902.0,17.5,0,1,City,231.4,0.8,3.76,295.63,30.666
CAR025,6.4,20,87.6,1929.0,33.1,0,1,Rural,,0.79,2.65,221.82,6.08
CAR161,17.18,10,94.5,2476.0,5.9,0,1,City,384.1,0.65,1.62,134.08,16.320999999999998
CAR123,20.53,0,55.4,2129.0,9.2,0,0,City,310.3,0.38,2.29,122.6,11.23
CAR103,4.5,0,65.3,2832.0,26.9,0,2,City,187.6,0.61,2.06,121.77,4.2749999999999995
CAR020,12.99,10,61.2,3116.0,18.5,1,1,City,145.6,0.38,4.18,263.13,12.3405
CAR057,8.26,10,69.1,1994.0,20.1,0,2,Highway,446.5,0.08,1.26,89.32,7.8469999999999995
CAR185,33.13,20,10.3,10383.055059730363,7.1,0,1,Highway,84.2,0.86,2.67,24.92,3.781
CAR173,41.25,85,22.8,2460.0,24.8,0,1,City,379.6,0.11,2.23,44.56,14.807
CAR113,30.01,10,53.9,2258.0,28.9,0,0,City,339.3,0.64,0.94,48.5,5.808
CAR198,37.08,10,14.5,2448.0,25.6,0,2,Highway,100.7,0.53,2.99,40.87,4.863
CAR186,21.24,20,52.7,2586.0,,0,0,City,92.4,0.81,4.11,210.21,20.177999999999997
CAR102,24.56,10,29.4,2608.0,17.1,1,0,City,356.6,0.43,0.58,16.51,2.062
CAR114,14.31,85,71.1,2436.0,30.8,1,1,Rural,397.7,0.5,2.9,180.62,13.5945
CAR012,22.67,20,62.2,2668.0,36.8,1,2,City,270.3,0.21,3.51,194.91,21.5365
CAR046,28.92,20,33.8,3361.0,25.3,1,1,City,342.4,0.11,1.83,58.79,9.395
CAR158,6.98,20,34.3,1620.0,27.7,1,1,City,275.3,0.1,4.21,132.11,6.631
CAR034,42.32,10,30.8,2240.0,32.0,1,1,City,385.7,0.6,4.18,112.66,16.365
CAR074,40.34,20,80.5,2718.0,25.7,1,2,City,299.1,0.08,1.83,128.12,23.013
CAR026,30.7,20,39.0,2411.0,22.6,1,2,City,250.3,0.22,1.06,36.38,6.377
CAR126,39.11,85,102.2,2088.0,36.4,0,2,City,311.4,0.17,4.16,379.4,37.1545
CAR161,42.82,85,73.7,,30.4,1,1,Highway,102.7,0.33,3.64,254.61,40.678999999999995
CAR085,8.01,20,45.5,1288.0,39.9,1,0,City,88.1,0.05,4.41,187.08,7.6095
CAR184,11.79,10,,2936.0,30.7,0,0,Highway,293.1,0.66,2.04,116.48,11.200499999999998
CAR189,6.4,0,40.6,1981.0,34.2,1,0,Highway,299.3,0.69,1.53,59.24,4.46
CAR147,19.54,20,39.6,1683.0,,1,0,City,200.8,0.44,1.95,71.44,10.823
CAR150,42.39,10,39.3,995.0,23.4,0,0,Highway,315.7,0.46,2.9,115.66,11.668
CAR166,31.98,0,56.8,3363.0,28.3,0,1,Rural,352.8,0.6,2.43,130.03,14.3
CAR190,8.89,20,81.2,1584.0,34.9,0,1,Rural,366.9,0.6,0.85,68.44,8.445500000000001
CAR092,4.55,20,54.4,1318.0,19.1,0,2,City,323.7,0.06,0.9,50.78,4.3225
CAR075,42.99,20,29.1,1760.0,36.8,1,2,Highway,89.2,0.58,3.76,111.13,17.62
CAR108,26.64,85,59.1,1827.0,27.3,0,1,Highway,146.6,0.77,0.28,15.69,5.231
CAR184,6.28,20,50.0,2794.0,13.7,0,1,City,326.2,0.61,3.2,140.49,5.966
CAR124,28.91,20,20.0,2094.0,37.7,1,2,Highway,92.8,0.64,2.76,55.08,9.141
CAR142,11.57,20,30.5,2257.0,37.8,1,0,City,126.8,0.72,1.65,49.64,7.978
CAR034,25.2,10,57.0,2387.0,33.4,1,1,Rural,252.6,0.64,2.83,165.2,21.662
CAR141,11.51,20,59.3,1664.0,31.1,1,0,City,201.4,0.36,3.23,190.5,10.9345
CAR155,24.85,20,31.7,2545.0,30.1,1,1,Highway,363.5,0.45,3.23,99.46,15.816
CAR077,3.21,20,79.1,4165.991346025557,18.2,0,2,City,419.9,0.58,1.9,141.44,3.0494999999999997
CAR066,30.62,20,66.4,1628.0,25.2,1,0,City,318.5,0.15,1.9,107.98,15.45
CAR099,37.83,20,41.1,2336.0,35.4,1,2,City,340.3,0.32,2.73,98.83,17.293
CAR041,37.08,10,82.8,2033.0,19.1,1,0,Highway,304.4,0.4,1.91,160.43,16.549
CAR063,35.55,0,26.4,2609.0,38.0,0,2,City,417.9,0.56,3.22,72.45,9.909
CAR067,13.5,10,,2666.0,26.4,1,2,Rural,185.8,0.65,1.28,39.56,5.979
CAR139,18.91,10,64.1,1676.0,17.9,1,0,Highway,393.4,0.22,1.28,75.51,7.276
CAR019,21.61,20,43.2,2647.0,32.3,1,1,City,280.7,0.59,4.08,163.98,20.5295
CAR108,17.07,10,39.0,,18.8,1,1,Rural,160.4,0.69,2.03,75.69,10.135
CAR030,27.43,10,23.1,3544.0,32.5,1,1,Highway,83.1,0.51,1.54,32.52,4.174
CAR002,22.76,20,52.0,2568.0,24.5,0,1,Rural,,0.75,2.71,144.14,21.622
CAR165,24.11,20,19.4,1823.0,39.3,1,1,City,285.5,0.59,2.01,34.39,6.551
CAR180,12.0,20,41.7,2044.0,27.9,1,1,City,151.6,0.69,0.58,25.28,4.388
CAR083,20.11,20,29.0,1940.0,30.4,1,1,Rural,406.8,0.31,3.66,100.36,15.918
CAR067,21.71,20,37.9,2362.0,19.9,1,0,City,182.0,0.55,1.19,40.59,6.79
CAR130,31.13,10,44.9,2834.0,23.4,0,0,Highway,422.2,0.4,1.62,75.42,7.206
CAR055,21.76,85,36.8,2811.0,26.3,1,0,Highway,371.2,0.14,3.2,115.56,20.672
CAR185,44.98,85,32.2,2131.0,6.1,0,1,Highway,350.9,0.44,0.29,9.17,2.961
CAR133,15.16,20,56.8,3067.0,27.3,1,0,Highway,260.0,0.44,1.26,71.42,10.1
CAR096,34.91,20,43.0,2141.0,33.3,1,2,Rural,302.9,0.06,3.78,144.04,21.321
CAR007,36.22,85,143.69677811031582,2414.0,22.7,1,1,Rural,390.9,0.49,3.14,99.4,33.645
CAR071,24.84,10,44.1,2689.0,23.0,0,0,City,139.9,0.14,1.71,65.51,7.134
CAR158,6.16,85,87.9,1078.0,34.5,1,2,Highway,177.7,0.38,1.47,122.6,5.851999999999999
CAR037,42.96,20,40.0,2234.0,10.9,1,2,Rural,400.6,0.67,2.55,100.6,16.987
CAR067,5.0,10,61.9,2471.0,28.4,1,0,Rural,141.0,0.41,1.93,114.9,4.75
CAR116,13.09,20,64.3,2975.0,25.7,1,1,City,410.1,0.51,1.27,77.47,12.4355
CAR170,29.22,10,12.1,1813.0,31.9,1,2,Highway,90.0,0.46,2.41,24.81,3.147
CAR184,17.14,0,55.9,2002.0,23.4,1,1,,348.7,0.14,2.21,113.1,9.919
CAR154,30.06,85,57.7,2444.0,23.9,1,1,City,346.5,0.26,4.04,224.12,28.557
CAR081,3.72,10,55.8,2129.0,32.5,0,1,City,115.7,0.63,1.32,63.65,3.534
CAR180,27.72,10,18.4,2618.0,23.2,0,2,City,369.7,0.12,0.92,16.15,2.118
CAR037,26.82,20,65.0,2856.0,15.0,0,0,Highway,174.9,0.27,4.36,253.38,25.479
CAR064,25.5,0,44.2,13930.532364918792,26.5,1,2,City,70.5,0.25,0.56,24.92,2.992
CAR109,38.86,10,30.1,2490.0,30.4,1,2,City,126.2,0.2,0.4,12.26,1.834
CAR162,23.6,0,60.5,1414.0,24.8,1,1,Highway,444.7,0.41,0.99,58.0,4.932
CAR125,8.92,10,37.3,1263.0,31.4,0,1,City,227.8,0.15,1.28,43.57,4.849
CAR096,30.46,10,35.3,3149.0,34.5,0,1,City,324.1,0.32,1.72,63.0,8.665
CAR094,4.94,0,,1536.0,29.3,0,2,City,274.2,0.08,2.54,146.09,4.6930000000000005
CAR171,17.11,10,64.0,,24.7,1,1,Rural,327.8,0.25,4.14,269.63,16.2545
CAR057,18.94,85,65.7,2520.0,31.1,0,1,Highway,184.5,0.52,1.8,110.44,17.993000000000002
CAR012,37.11,20,34.1,1116.0,38.4,1,0,City,382.4,0.5,0.86,29.06,4.621
CAR091,7.65,20,85.8,3323.0,15.4,1,2,Highway,139.7,0.21,1.71,125.44,7.2675
CAR180,36.29,0,81.0,3321.0,17.5,1,2,Highway,141.8,0.2,3.33,244.81,24.612
CAR124,34.77,20,33.5,700.0,25.0,0,2,City,131.2,0.25,2.07,63.13,10.09
CAR128,28.5,0,66.3,1984.0,41.1,1,2,Highway,191.4,0.28,4.07,233.06,21.608
CAR143,37.91,20,46.8,2807.0,24.4,0,2,City,89.6,0.26,2.28,108.0,17.826
CAR140,33.51,10,44.4,2168.0,29.3,0,2,City,,0.8,2.25,90.09,13.725
CAR168,2.35,20,46.4,3446.0,20.5,1,1,City,442.9,0.25,0.26,11.63,2.012
CAR074,14.09,20,69.3,2553.0,19.5,0,1,Highway,109.8,0.73,1.19,71.54,10.455
CAR180,9.03,20,25.9,1799.0,20.6,1,1,City,199.6,0.72,2.75,69.71,8.578499999999998
CAR075,10.66,85,35.4,2043.0,23.9,0,1,City,296.7,0.58,1.84,58.12,10.126999999999999
CAR017,44.19,20,49.1,2280.0,34.0,1,2,Highway,266.4,0.27,2.24,95.57,13.746
CAR040,37.54,20,45.5,13439.711545415781,18.5,0,1,City,100.7,0.89,1.61,70.07,12.56
CAR150,16.54,0,67.3,2113.0,36.4,1,1,City,444.9,0.79,2.99,191.24,15.713
CAR003,42.29,20,27.9,1999.0,,0,2,City,293.3,0.09,0.64,16.41,2.609
CAR136,3.38,20,81.2,700.0,23.9,1,1,Highway,,0.13,0.38,31.13,3.211
CAR046,2.45,20,43.7,1372.0,33.9,1,2,Rural,79.9,0.3,1.74,69.33,2.3275
CAR164,16.78,10,19.5,1273.0,5.0,0,1,Highway,107.2,0.43,3.55,69.99,7.402
CAR057,3.65,10,58.5,2205.0,11.4,1,1,City,90.3,0.19,2.23,122.08,3.4675
CAR094,43.82,20,76.6,1180.0,41.9,0,1,City,327.4,0.61,2.45,163.22,30.29
CAR070,44.86,0,67.1,1601.0,22.2,0,0,,275.4,0.24,0.51,34.39,2.825
CAR074,27.58,10,57.7,2962.0,26.6,0,1,City,122.0,0.44,1.91,96.04,12.3
CAR010,28.97,0,72.8,2020.0,21.0,0,0,Highway,121.1,0.8,3.57,254.85,19.027
CAR065,8.31,85,35.7,3007.0,24.4,1,2,City,,0.22,4.14,141.01,7.8945
CAR012,39.17,10,74.3,2356.0,30.1,1,2,Highway,127.7,0.41,4.39,331.26,37.2115
CAR034,27.21,20,41.6,2338.0,26.5,1,2,City,263.4,0.25,0.4,14.55,2.584
CAR020,43.55,20,38.6,1625.0,26.3,0,2,Rural,373.3,0.38,1.76,70.83,11.284
CAR179,21.94,0,63.3,1660.0,30.7,1,2,Highway,104.2,0.59,1.55,99.89,10.078
CAR103,13.01,20,51.1,2379.0,26.3,1,0,City,404.9,0.67,4.1,184.63,12.359499999999999
CAR154,10.32,0,22.2,1704.0,32.5,1,1,Highway,329.5,0.9,0.7,15.88,1.553
CAR170,3.91,0,35.8,2836.0,39.7,0,1,City,217.3,0.05,1.74,65.12,3.7145
CAR073,23.25,10,88.5,2489.0,30.0,0,0,City,305.8,0.39,3.93,315.23,22.0875
CAR125,14.08,85,55.3,2066.0,46.4,1,2,Rural,364.1,0.61,3.4,195.09,13.376
CAR134,34.63,20,53.1,2106.0,22.1,1,0,Highway,97.7,0.36,0.77,37.83,4.171
CAR023,21.07,20,68.0,2028.0,14.5,0,0,Highway,294.3,0.54,2.01,121.6,14.558
CAR181,22.35,20,43.5,2026.0,34.3,1,1,Rural,,0.5,3.64,157.81,21.2325
CAR149,31.56,20,21.4,2733.0,43.2,1,0,City,254.3,0.51,1.05,21.28,4.021
CAR198,8.01,0,56.3,988.0,28.5,0,2,City,270.6,0.12,1.85,99.1,7.6095
CAR008,22.11,20,26.5,1875.0,25.2,1,0,Highway,260.0,0.39,1.03,24.33,3.393
CAR178,42.66,10,50.2,2218.0,12.1,1,2,City,449.3,0.28,1.74,82.52,13.356
CAR090,34.23,20,54.3,2649.0,27.4,0,1,City,315.6,0.14,3.29,181.28,28.443
CAR041,44.33,10,36.1,2936.0,27.3,0,1,Highway,244.4,0.43,2.64,89.31,11.504
CAR100,24.46,20,51.9,2730.0,19.6,1,2,,133.3,0.24,0.68,35.41,5.674
CAR042,27.23,0,64.2,928.0,34.2,0,1,City,351.9,0.51,3.4,221.48,23.765
CAR112,6.62,20,62.1,1845.0,27.0,0,2,City,227.5,0.2,1.54,99.26,6.289
CAR014,23.94,20,25.5,1877.0,25.9,1,2,Rural,311.0,0.17,2.1,55.56,9.067
CAR163,41.66,20,33.7,1492.0,33.2,1,1,Rural,124.4,0.39,0.8,26.49,3.893
CAR062,22.21,85,59.8,1619.0,29.3,1,2,City,301.0,0.52,0.2,10.49,3.714
CAR173,4.08,20,53.2,1086.0,32.4,1,2,Rural,154.0,0.21,3.59,173.06,3.876
CAR151,36.86,0,77.2,3365.0,27.9,1,1,Rural,191.8,0.88,3.64,270.74,29.007
CAR197,27.73,10,63.4,2680.0,13.8,0,0,Highway,386.0,0.18,0.92,53.63,4.902
CAR150,18.58,10,70.8,1809.0,26.8,0,1,City,362.8,0.2,0.43,27.96,3.566
CAR048,29.74,10,51.5,2628.0,24.5,1,1,Highway,159.8,0.79,3.49,174.37,23.384
CAR147,40.54,85,28.0,1894.0,24.5,1,0,City,127.6,0.76,4.35,124.38,38.513
CAR003,16.3,20,49.8,2335.0,21.2,1,0,city,253.8,0.05,2.73,137.63,15.485
CAR113,42.15,10,97.4,1946.0,,1,2,Rural,257.2,0.68,3.07,294.39,40.0425
CAR013,27.04,10,46.2,1872.0,21.4,1,0,Rural,219.1,0.32,3.7,164.03,18.391
CAR088,32.06,20,45.6,2438.0,26.9,1,0,Highway,73.4,0.21,1.47,67.61,8.633
CAR177,18.45,20,54.0,1202.0,13.5,0,0,City,391.8,0.51,3.76,193.96,17.5275
CAR087,40.51,10,6.2,2975.0,17.5,1,1,City,297.0,0.58,2.34,12.56,1.846
CAR137,32.85,20,6.7,1832.0,31.5,1,0,City,249.8,0.38,3.92,24.81,3.733
CAR087,43.87,10,43.1,1913.0,32.3,0,2,Highway,201.9,0.81,0.33,14.11,1.732
CAR037,7.95,20,,1910.0,24.8,1,1,Highway,302.3,0.81,3.82,226.2,7.5525
CAR139,25.31,20,44.6,1318.0,36.6,1,2,City,431.2,0.82,2.14,90.19,17.178
CAR141,11.06,0,80.6,2895.0,20.6,0,1,Rural,115.3,0.77,4.15,311.92,10.507
CAR093,32.7,20,45.0,2398.0,27.9,1,1,Highway,189.2,0.14,3.18,140.82,20.48
CAR012,14.98,0,6.8,1228.0,37.9,0,2,Rural,168.7,0.5,2.09,14.67,1.461
CAR027,8.51,10,45.4,2326.0,26.5,0,1,City,130.3,0.29,2.3,100.28,8.0845
CAR020,18.19,20,44.8,2393.0,41.3,1,0,Rural,171.3,0.58,3.43,160.85,17.2805
CAR140,32.48,20,30.3,,23.2,1,2,City,297.5,0.71,3.29,95.21,18.152
CAR107,13.01,10,30.1,2457.0,30.1,1,2,Rural,170.6,0.55,0.65,17.71,2.448
CAR141,35.81,85,50.7,8890.640535387874,19.0,0,0,Highway,246.2,0.1,2.73,139.35,34.0195
CAR121,25.08,10,58.2,2799.0,28.9,0,1,Rural,168.9,0.62,3.13,185.29,21.661
CAR034,28.91,20,71.2,2493.0,27.3,1,1,City,119.3,0.3,2.92,197.04,27.464499999999997
CAR138,36.34,20,47.4,1778.0,31.5,0,0,City,153.7,0.67,2.76,123.18,19.603
CAR117,14.66,20,72.4,1953.0,21.8,0,0,Highway,211.3,0.65,0.89,62.31,8.691
CAR140,28.18,20,53.9,1966.0,22.5,1,2,City,,0.14,2.64,140.7,24.713
CAR197,10.73,85,54.2,1905.0,34.3,1,1,Rural,434.6,0.68,0.97,54.42,10.1935
CAR163,24.7,0,61.8,2405.0,27.3,0,0,Highway,240.6,0.79,1.6,84.12,6.923
CAR064,27.68,10,65.4,1798.0,21.7,1,1,City,352.3,0.22,1.79,102.86,14.143
CAR175,9.53,10,36.5,3255.0,24.2,1,1,Highway,393.7,0.84,3.34,108.66,9.0535
CAR002,24.26,10,72.0,2596.0,24.4,0,2,Rural,412.7,0.86,2.99,219.5,23.047
CAR173,24.7,10,61.1,1938.0,26.9,1,2,,,0.71,1.09,69.48,10.084
CAR112,36.79,85,13.2,2397.0,35.1,1,0,City,377.5,0.87,0.69,9.13,3.162
CAR141,43.38,20,54.4,2206.0,,0,1,Rural,346.6,0.66,2.67,145.91,24.018
CAR086,23.98,10,44.0,2251.0,29.9,1,1,Highway,259.8,0.8,1.15,51.51,6.666
CAR011,17.91,20,67.8,2150.0,26.1,1,2,City,73.5,0.58,4.45,264.0,17.014499999999998
CAR145,6.58,20,74.3,2061.0,42.6,1,1,Highway,320.2,0.11,0.64,46.19,6.2509999999999994
CAR142,15.72,20,60.7,1389.0,28.2,0,0,Highway,278.2,0.59,1.54,92.92,11.549
CAR097,14.47,0,74.4,2109.0,29.2,0,1,Highway,281.6,0.67,2.35,169.48,13.7465
CAR167,30.77,85,91.9,2028.0,36.0,1,2,Highway,268.6,0.45,1.44,138.02,29.231499999999997
CAR093,38.64,85,45.4,1884.0,16.7,0,1,Highway,351.6,0.55,3.54,162.87,36.708
CAR143,19.77,20,60.8,1194.0,24.8,0,2,,,0.12,1.82,116.16,16.758
CAR066,21.51,10,35.5,2145.0,14.8,0,2,City,185.7,0.23,2.55,84.08,11.854
CAR073,15.37,20,105.8,,19.7,1,2,Highway,382.0,0.67,1.78,189.26,14.601499999999998
CAR033,35.73,10,63.2,2411.0,33.3,1,2,City,85.6,0.67,3.63,222.06,33.94349999999999
CAR053,7.99,20,65.8,1635.0,27.4,0,1,City,,0.56,3.6,222.41,7.5905
CAR005,19.39,0,26.6,924.0,32.2,1,2,Rural,396.0,0.26,4.04,95.65,9.997
CAR001,37.31,10,23.1,2112.0,27.0,0,2,Highway,227.9,0.08,1.99,47.46,4.913
CAR023,23.71,20,24.8,2377.0,25.4,0,1,Highway,217.3,0.67,0.96,23.01,3.231
CAR198,15.92,10,45.0,3310.0,22.6,0,1,City,175.6,0.87,0.61,27.78,3.949
CAR195,42.29,20,65.1,2078.0,29.8,1,1,Rural,384.9,0.87,1.68,107.1,18.775
CAR152,11.51,20,45.0,3269.0,17.7,1,0,Highway,397.1,0.88,3.34,130.13,10.9345
CAR154,44.59,10,34.4,1539.0,25.6,1,0,Highway,261.4,0.38,2.82,100.0,8.412
CAR071,15.09,10,,2789.0,21.5,0,1,Highway,307.6,0.9,1.65,41.55,4.465
CAR055,9.32,10,24.0,2754.0,35.7,0,1,City,229.4,0.62,3.23,69.78,8.854
CAR153,34.0,20,57.1,2124.0,19.3,1,0,City,351.8,0.68,2.2,115.56,18.831
CAR190,33.21,0,48.7,2347.0,16.1,1,1,Highway,225.1,0.28,2.22,94.49,7.183
CAR107,9.64,20,74.2,2520.0,19.5,1,2,Rural,221.4,0.79,2.59,171.57,9.158
CAR024,15.85,20,54.3,2038.0,28.9,1,1,City,397.5,0.39,1.04,53.8,8.492
CAR167,38.24,20,64.9,3245.0,35.1,1,2,City,113.8,0.23,2.78,160.21,26.909
CAR171,20.6,0,41.5,1922.0,28.3,1,1,City,261.2,0.45,0.77,28.25,2.879
CAR105,19.14,20,44.7,3033.0,25.8,0,1,,125.7,0.64,1.6,61.78,9.332
CAR135,8.77,10,43.5,,45.7,1,1,Rural,188.6,0.85,1.27,54.57,8.331499999999998
CAR049,12.02,10,5.0,2112.0,30.2,0,1,City,289.5,0.52,0.88,3.9,0.515
CAR118,13.34,10,62.0,1767.0,31.3,1,1,Rural,211.6,0.08,3.24,210.73,12.673
CAR053,12.63,10,53.9,1772.0,45.1,1,0,City,331.9,0.1,3.15,151.95,11.9985
CAR113,44.53,85,78.7,2550.0,27.0,0,1,City,290.5,0.52,1.09,84.32,28.623
CAR119,13.76,20,53.6,2205.0,26.7,1,0,City,374.6,0.66,3.5,166.14,13.072
CAR007,38.12,20,43.9,3375.0,27.4,0,2,City,,0.7,3.65,159.87,28.548
CAR007,33.42,20,65.4,1406.0,29.9,1,1,Rural,192.0,0.22,0.22,13.08,1.831
CAR176,24.86,0,80.1,2384.0,24.0,0,1,Highway,247.9,0.37,0.28,19.56,1.57
CAR092,13.72,10,47.7,1606.0,22.2,0,2,City,418.7,0.47,4.23,206.24,13.034
CAR178,23.24,20,59.3,2412.0,33.8,1,2,Rural,151.9,0.74,2.83,150.5,22.077999999999996
CAR047,38.23,10,62.8,2895.0,26.9,1,1,Highway,435.5,0.39,1.57,92.14,11.657
CAR191,6.0,20,19.3,3508.0,15.7,0,1,Highway,322.9,0.63,3.93,73.44,5.699999999999999
CAR048,26.32,0,35.2,6951.299736375977,21.3,1,2,Highway,231.4,0.78,0.94,33.87,3.824
CAR015,16.99,20,56.6,,12.5,1,0,Rural,168.9,0.66,3.04,161.44,16.1405
CAR063,15.32,20,50.0,1844.0,,1,0,City,143.0,0.74,3.83,190.68,14.554
CAR093,19.38,20,95.2,2724.0,26.7,0,0,City,262.8,0.53,3.54,292.69,18.410999999999998
CAR118,22.68,20,52.8,1461.0,23.9,1,1,City,230.6,0.8,3.54,195.31,21.546
CAR119,22.75,10,71.6,3291.0,28.6,1,1,City,403.2,0.88,0.68,49.98,8.172
CAR011,12.51,0,14.2,2816.0,36.3,1,1,Highway,235.5,0.46,0.76,10.91,1.081
CAR192,8.53,20,47.2,2389.0,25.4,1,1,Highway,338.6,0.16,3.44,143.82,8.103499999999999
CAR185,8.84,10,43.1,1655.0,26.7,1,2,City,157.8,0.27,3.92,162.83,8.398
CAR050,8.6,20,57.6,1691.0,37.0,0,0,City,164.6,0.85,1.36,81.62,8.17
CAR064,37.78,10,31.3,2577.0,30.5,0,1,Highway,83.5,0.31,3.61,98.11,10.734
CAR136,30.63,0,55.4,7486.0151007125905,32.3,0,0,Highway,391.4,0.29,0.7,38.61,1.976
CAR132,2.53,20,229.2637916128987,1939.0,29.5,1,1,Rural,237.5,0.23,1.79,78.49,2.4034999999999997
CAR002,4.75,0,74.5,1808.0,37.8,1,2,Rural,378.3,0.63,1.92,139.55,4.5125
CAR172,17.05,85,78.3,969.0,20.5,0,0,Highway,405.0,0.2,2.33,155.69,16.1975
CAR103,12.59,20,49.0,2063.0,24.7,1,1,City,384.8,0.38,4.1,173.47,11.9605
CAR109,44.03,20,99.4,2234.0,24.1,1,0,City,418.5,0.48,0.61,55.39,9.108
CAR013,40.89,20,125.56029155270315,2970.0,16.9,0,1,City,94.0,0.6,1.95,54.6,9.117
CAR173,43.74,10,22.8,2337.0,10.3,1,0,Highway,229.4,0.76,3.33,72.0,7.633
CAR048,12.68,20,75.8,1789.0,27.4,1,0,City,444.5,0.08,1.04,76.99,11.613
CAR122,37.42,85,5.0,1568.0,39.4,1,1,City,112.8,0.54,3.32,17.06,5.912
CAR068,44.41,20,35.6,4328.0,28.0,0,0,City,293.8,0.47,3.7,129.85,21.876
CAR059,24.05,20,67.6,1920.0,36.6,1,1,Rural,271.8,0.89,1.08,65.89,11.256
CAR012,20.12,10,49.3,2024.0,23.4,1,2,Rural,239.6,0.5,2.07,101.72,14.171
CAR127,13.63,85,24.2,1600.0,30.0,0,2,Rural,324.0,0.84,4.07,85.91,12.948500000000001
CAR197,21.75,10,43.8,2867.0,18.8,0,2,City,220.2,0.54,4.19,172.08,20.662499999999998
CAR054,20.89,10,71.2,2439.0,20.5,1,1,rural,302.0,0.17,0.41,30.28,3.783
CAR047,8.72,20,57.6,1446.0,18.3,0,1,City,,0.64,3.18,157.16,8.284
CAR050,9.63,20,51.9,2175.0,12.2,1,1,Rural,339.6,0.14,0.22,10.75,1.666
CAR040,36.15,10,48.2,,26.1,1,1,City,434.2,0.75,3.54,157.37,22.837
CAR144,25.16,10,60.0,1780.0,18.8,1,2,City,372.7,0.4,2.72,152.93,22.317
CAR047,36.18,10,79.8,2110.0,22.5,1,2,Highway,294.9,0.06,4.02,304.6,34.370999999999995
CAR129,12.02,20,31.8,3121.0,29.3,1,0,Highway,348.5,0.11,3.11,102.09,11.418999999999999
CAR026,42.51,85,49.7,2028.0,15.3,0,0,Highway,174.5,0.42,1.29,59.33,17.154
CAR156,3.46,10,90.2,3014.0,24.6,1,1,City,,0.57,2.28,186.75,3.287
CAR108,24.39,20,23.6,2413.0,33.5,1,2,Highway,301.1,0.5,3.9,96.03,15.854
CAR102,12.08,20,54.1,2389.0,35.9,0,2,Highway,435.8,0.4,2.7,133.03,11.475999999999999
CAR156,16.48,0,28.7,,,1,0,Highway,377.2,0.31,3.81,104.06,8.505
CAR154,11.94,10,44.4,2499.0,33.0,0,1,,,0.27,1.56,62.09,6.976
CAR190,39.2,20,34.7,2469.0,15.9,1,1,Highway,380.1,0.38,0.74,25.38,3.71
CAR009,33.08,10,54.3,1956.0,27.5,1,0,Rural,179.7,0.77,1.86,101.59,11.555
CAR157,3.69,10,49.7,905.0,24.9,0,0,City,99.6,0.58,2.03,94.16,3.5054999999999996
CAR013,12.91,85,29.2,2978.0,25.9,0,0,City,221.8,0.52,0.81,22.45,7.573
CAR062,12.49,0,27.8,3470.0,31.0,0,2,City,223.6,0.5,1.1,31.22,3.258
CAR113,4.29,20,40.6,2260.0,32.1,0,0,City,297.4,0.12,1.87,76.83,4.0755
CAR007,34.82,20,51.0,1778.0,29.6,0,2,Highway,440.6,0.07,1.31,60.1,7.786
CAR031,28.06,10,56.5,2156.0,23.6,0,0,City,367.0,0.28,4.45,235.06,24.736
CAR034,26.92,0,21.8,2910.0,21.3,0,0,rural,88.3,0.26,2.32,49.7,3.807
CAR030,36.92,20,33.3,2227.0,24.2,1,1,Highway,80.9,0.7,4.34,140.35,20.652
CAR145,7.09,20,31.0,2619.0,19.2,1,2,Rural,384.7,0.38,1.77,48.52,6.735499999999999
CAR032,32.57,20,55.8,1736.0,27.7,1,1,City,328.3,0.61,3.35,165.48,28.315
CAR036,32.45,20,46.6,2012.0,29.0,0,0,City,320.5,0.17,2.0,88.53,11.641
CAR051,43.14,20,,1307.0,23.1,1,1,,273.1,0.75,2.43,124.66,20.515
CAR048,39.51,20,50.1,2141.0,18.1,1,2,Rural,140.2,0.47,1.49,68.69,11.28
CAR068,16.65,20,68.1,1828.0,33.1,0,1,Rural,83.1,0.19,0.41,28.66,4.194
CAR083,16.3,20,43.0,2398.0,35.0,1,0,Highway,99.7,0.45,1.79,72.22,10.596
CAR163,8.9,20,,1610.0,24.8,1,2,City,420.5,0.43,2.87,106.94,8.455
CAR099,36.88,10,46.9,1033.0,28.4,1,2,Highway,320.3,0.2,4.29,209.42,24.443
CAR166,28.63,20,57.9,2843.0,21.7,0,0,Rural,271.5,0.86,2.9,170.34,26.363
CAR200,6.85,20,62.8,2167.0,30.9,0,1,Rural,345.3,0.71,4.15,253.79,6.507499999999999
CAR155,25.08,0,76.4,2835.0,26.2,0,0,City,266.7,0.55,1.47,108.55,11.293
CAR034,32.53,10,54.2,2499.0,19.0,1,0,City,93.3,0.77,1.03,54.92,7.117
CAR199,43.25,10,45.2,1516.0,26.3,1,1,City,108.6,0.22,2.57,114.94,15.177
CAR086,22.25,20,65.6,,17.9,0,0,Highway,384.3,0.38,1.62,103.49,13.881
CAR105,5.33,0,35.7,2635.0,25.1,1,1,city,439.5,0.36,3.01,109.79,5.0634999999999994
CAR015,24.44,20,56.6,2738.0,,1,2,City,401.0,0.74,0.54,31.76,6.237
CAR146,34.54,10,35.9,2950.0,28.5,0,0,City,396.3,0.31,3.5,117.75,13.905
CAR083,32.17,10,5.0,2648.0,25.0,0,1,City,448.7,0.19,2.6,12.18,1.514
CAR045,27.38,20,45.0,2528.0,19.6,0,1,City,134.7,0.42,1.0,44.69,7.395
CAR075,33.24,20,33.4,2163.0,40.1,1,0,Highway,140.3,0.46,0.71,20.61,3.034
CAR039,2.97,20,45.7,3039.0,7.7,1,1,City,146.7,0.81,3.33,150.59,2.8215
CAR041,13.4,10,47.7,3584.0,14.2,1,2,Highway,366.4,0.22,0.38,16.15,1.986
CAR080,43.2,20,47.4,2270.0,32.8,0,1,City,174.0,0.36,0.57,27.84,4.248
CAR180,38.08,20,67.7,3212.0,25.9,0,0,Highway,133.8,0.47,3.13,207.79,27.253
CAR020,41.61,20,14.6,768.0,32.8,0,2,Highway,92.7,0.63,1.13,17.11,2.619
CAR083,19.77,20,35.4,1432.0,11.0,0,0,Highway,78.3,0.31,3.21,106.58,12.455
CAR140,30.06,85,34.0,1655.0,17.5,1,0,City,144.3,0.82,2.85,100.11,28.557
CAR012,11.76,10,36.8,3111.0,15.5,0,0,,170.0,0.78,1.56,59.77,7.708
CAR181,13.97,0,56.1,1833.0,28.6,1,2,City,323.9,0.42,3.72,185.03,13.2715
CAR148,12.93,10,60.5,1154.0,36.6,0,1,City,210.4,0.57,1.74,94.56,11.99
CAR200,6.86,85,41.9,2830.0,26.2,0,1,Highway,428.6,0.08,3.93,163.34,6.517
CAR149,36.1,85,6.3,2554.0,21.9,1,0,City,403.0,0.49,1.52,9.13,2.993
CAR152,32.47,0,58.6,2374.0,23.8,0,1,Highway,211.1,0.9,3.53,179.7,17.258
CAR068,16.92,0,28.7,1229.0,34.4,1,0,Rural,402.4,0.6,1.9,46.73,3.969
CAR188,43.2,20,57.3,1833.0,19.1,0,1,City,106.6,0.89,4.32,215.23,37.659
CAR141,31.39,85,25.6,2105.0,28.6,1,1,Rural,165.7,0.6,2.43,61.84,20.702
CAR020,4.72,20,37.3,1974.0,25.9,1,2,City,133.6,0.5,1.46,48.06,4.484
CAR171,39.54,10,57.2,3129.0,35.7,1,1,Rural,195.7,0.67,2.45,143.91,19.613
CAR005,39.86,20,22.6,876.0,39.5,0,0,Rural,278.7,0.21,4.5,88.37,11.398
CAR113,7.93,10,33.6,1616.0,18.4,1,1,City,242.1,0.42,2.6,90.02,7.533499999999999
CAR160,27.95,20,42.3,2947.0,30.5,1,2,Highway,129.7,0.6,2.94,123.99,20.296
CAR061,17.33,20,8.1,2529.0,30.7,1,1,Highway,127.2,0.83,2.37,18.05,2.991
CAR151,6.96,20,70.4,3198.0,17.6,1,2,Highway,395.6,0.13,4.34,297.14,6.612
CAR035,43.22,10,45.0,,24.1,1,2,Highway,290.1,0.33,2.19,88.67,10.909
CAR162,22.04,20,47.4,,33.1,0,0,Rural,412.0,0.79,1.67,72.16,10.252
CAR198,21.62,20,50.9,2253.0,23.8,0,1,City,201.6,0.59,4.49,197.95,20.539
CAR040,9.56,85,19.2,2646.0,20.9,0,0,Highway,203.0,0.73,2.28,41.46,9.082
CAR196,9.25,85,5.0,1513.0,11.8,0,0,,253.4,0.67,4.17,21.54,7.13
CAR146,8.26,20,39.2,2091.0,20.3,1,1,City,238.3,0.42,2.87,113.23,7.8469999999999995
CAR022,22.14,10,34.1,1851.0,41.3,0,2,City,121.5,0.81,1.32,42.74,6.673
CAR055,13.82,10,37.9,1606.0,21.6,1,2,Rural,333.5,0.84,2.78,106.71,13.129
CAR084,29.96,0,38.9,1940.0,30.6,1,1,City,410.0,0.71,2.89,101.69,11.382
CAR028,20.83,10,59.5,1871.0,7.6,0,2,Rural,432.8,0.45,3.93,224.92,19.7885
CAR127,14.63,20,42.0,2306.0,41.1,1,0,Highway,144.3,0.76,0.44,17.86,2.979
CAR054,33.09,0,32.1,2076.0,12.5,1,0,City,202.6,0.56,0.86,23.96,2.364
CAR176,42.76,0,70.3,2677.0,25.0,1,2,Rural,215.9,0.42,2.15,155.41,17.801
CAR188,15.11,20,47.0,1763.0,21.1,1,0,Highway,282.7,0.78,3.23,143.85,14.354499999999998
CAR008,30.16,10,21.7,,33.8,0,1,Rural,181.1,0.33,4.42,91.15,11.162
CAR137,40.66,20,51.7,2343.0,19.8,1,0,Rural,326.2,0.29,2.01,105.85,14.212
CAR072,18.88,10,42.5,2860.0,25.4,0,0,City,331.3,0.77,0.43,16.64,2.104
CAR059,34.96,10,66.0,2594.0,16.5,1,2,City,,0.77,3.27,199.82,30.573
CAR060,26.13,10,53.5,2209.0,14.7,0,1,Highway,188.3,0.43,0.59,29.6,3.242
CAR049,8.08,20,52.1,2432.0,24.2,1,0,highway,141.5,0.59,0.24,11.24,1.584
CAR104,6.2,85,18.8,2574.0,20.7,1,1,City,442.3,0.8,2.35,38.14,5.89
CAR087,15.9,20,24.6,1962.0,29.9,1,1,City,97.8,0.64,2.12,54.15,8.923
CAR103,2.97,10,49.7,2555.0,26.5,0,2,Highway,163.1,0.1,3.25,139.79,2.8215
CAR079,4.58,10,56.7,1112.0,27.6,1,2,Rural,441.4,0.86,2.9,141.58,4.351
CAR131,44.89,10,71.9,2984.0,28.2,0,0,City,223.2,0.26,2.19,155.18,16.947
CAR050,21.65,85,73.6,2282.0,18.1,1,0,Rural,288.6,0.55,1.84,140.42,20.5675
CAR158,42.01,10,34.4,1991.0,,1,2,Highway,174.2,0.23,0.75,22.04,2.74
CAR082,30.88,10,57.6,2745.0,28.8,1,1,,112.0,0.7,3.61,200.01,25.639
CAR154,4.85,85,61.5,2523.0,36.9,1,0,Highway,88.5,0.54,4.47,257.7,4.607499999999999
CAR192,15.89,20,87.3,2115.0,41.3,1,2,City,282.8,0.5,3.63,331.48,15.0955
CAR091,9.65,85,59.1,1570.0,29.4,1,1,City,85.6,0.15,1.74,92.24,9.1675
CAR199,33.65,20,16.2,1620.0,24.7,1,0,City,305.6,0.87,2.06,35.0,5.811
CAR109,25.69,20,29.0,3489.0,39.4,0,1,City,99.9,0.28,2.88,74.54,11.964
CAR140,27.24,85,50.0,2344.0,14.4,0,1,Rural,171.4,0.72,0.37,16.33,5.539
CAR002,22.26,10,39.1,2752.0,25.7,1,0,City,202.9,0.08,0.84,31.91,3.204
CAR082,34.15,20,57.6,1165.0,35.8,1,0,Highway,307.1,0.26,3.49,193.07,23.793
CAR194,18.5,10,50.5,2023.0,,1,1,Rural,92.5,0.09,2.11,102.6,12.478
CAR087,42.78,20,23.5,3272.0,17.2,1,0,City,153.6,0.71,3.0,65.63,10.951
CAR081,3.44,10,65.8,1503.0,29.7,0,2,Rural,428.6,0.08,3.0,202.08,3.268
CAR056,42.34,0,78.9,1720.0,26.6,0,1,Rural,288.8,0.45,2.8,228.75,18.988
CAR143,5.71,10,9.7,2445.0,23.4,1,1,,113.6,0.86,1.68,14.79,2.15
CAR179,40.29,0,76.6,2330.0,34.9,1,0,City,268.3,0.32,4.03,302.74,31.008
CAR039,15.91,20,52.9,,25.9,1,1,Highway,197.1,0.25,4.08,207.35,15.1145
CAR002,12.75,0,37.2,2432.0,23.6,1,2,Highway,70.7,0.23,1.38,43.88,4.374
CAR200,33.41,0,72.4,1631.0,30.1,1,0,Highway,71.6,0.6,1.75,119.87,9.038
CAR019,22.15,10,57.5,2188.0,28.0,1,1,Rural,422.3,0.75,0.65,36.44,5.119
CAR015,35.54,10,55.7,2113.0,20.7,0,0,Rural,,0.79,3.7,209.29,22.927
CAR028,13.44,0,201.36150460118688,2232.0,23.9,0,2,City,213.5,0.45,2.37,103.14,10.841
CAR044,11.08,10,67.4,2597.0,30.6,0,0,City,425.8,0.25,0.65,37.34,4.516
CAR026,24.25,10,54.5,1614.0,29.4,0,0,City,418.9,0.35,0.48,22.26,2.631
CAR060,5.03,0,46.2,2801.0,35.4,1,1,City,325.5,0.46,0.23,10.94,1.133
CAR002,6.94,20,25.7,2475.0,19.8,1,1,Rural,109.3,0.58,1.47,35.29,5.74
CAR138,35.77,10,14.6,2565.0,29.3,1,0,Rural,127.9,0.27,4.41,56.11,5.744
CAR026,31.55,10,38.4,2144.0,13.5,1,1,Rural,87.5,0.67,2.11,75.07,9.885
CAR199,34.9,85,66.3,2614.0,35.5,1,0,City,255.4,0.88,2.1,137.01,33.154999999999994
CAR157,13.25,20,42.6,1441.0,26.9,0,1,Highway,235.3,0.65,3.27,128.26,12.587499999999999
CAR017,18.41,20,42.5,1830.0,29.1,0,1,Rural,439.2,0.46,3.44,127.24,17.4895
CAR097,32.87,10,30.6,3068.0,37.8,1,0,City,415.4,0.84,1.55,48.24,6.964
CAR060,26.53,10,68.8,1895.0,36.2,0,1,Rural,345.6,0.53,3.88,265.73,25.2035
CAR034,2.8,85,32.2,2974.0,27.5,1,0,Highway,82.5,0.69,1.92,58.94,2.6599999999999997
CAR064,25.73,10,21.0,1437.0,30.8,1,1,City,433.3,0.32,3.34,64.21,8.832
CAR145,15.88,0,64.2,700.0,31.5,1,0,Rural,171.3,0.77,0.72,39.36,3.223
CAR098,28.88,10,83.7,,18.4,1,0,Highway,118.5,0.83,0.42,35.17,4.107
CAR004,10.55,10,48.7,4182.0,15.5,1,0,Rural,358.2,0.84,2.45,117.27,10.0225
CAR123,43.03,85,27.1,2037.0,11.6,0,2,City,184.4,0.53,1.36,33.55,11.973
CAR088,28.66,10,46.0,3239.0,27.8,0,2,City,174.8,0.84,1.66,68.88,10.456
CAR028,33.7,20,46.8,1570.0,28.9,0,2,Highway,316.7,0.43,1.32,54.18,7.47
CAR120,21.26,10,70.9,1965.0,33.4,1,2,City,449.1,0.86,2.87,203.44,20.197
CAR046,20.41,20,21.9,2685.0,29.5,0,0,Highway,418.8,0.34,1.12,22.67,3.065
CAR035,38.94,85,52.4,3250.0,29.2,0,1,City,213.6,0.23,3.42,175.33,36.992999999999995
CAR005,41.67,10,37.0,2818.0,18.1,1,1,City,394.6,0.12,4.23,137.66,17.655
CAR184,23.51,20,107.4,1831.0,24.4,0,0,City,188.6,0.15,4.03,432.58,22.334500000000002
CAR184,18.01,20,83.9,2532.0,16.3,0,1,City,155.7,0.3,1.02,74.04,11.274
CAR148,24.81,0,45.4,2084.0,23.4,1,1,Highway,166.4,0.16,3.16,150.08,10.568
CAR165,36.74,10,26.9,2013.0,26.5,0,0,City,123.8,0.06,4.44,113.11,11.569
CAR200,11.35,20,60.8,2638.0,26.7,1,0,Highway,140.1,0.3,2.23,130.35,10.782499999999999
CAR044,18.65,20,54.7,700.0,35.6,1,2,Highway,300.3,0.18,2.59,136.07,17.717499999999998
CAR090,29.83,0,30.4,2185.0,42.1,1,2,Highway,178.1,0.52,3.49,92.59,9.898
CAR028,21.61,10,53.5,3120.0,24.8,0,1,City,203.4,0.53,1.93,93.65,12.268
CAR091,34.92,20,52.5,1927.0,34.0,1,2,Highway,438.8,0.41,0.56,25.86,4.502
CAR162,31.39,0,71.6,1990.0,48.0,0,2,City,82.7,0.41,4.44,306.69,29.8205
CAR050,43.41,10,75.9,2523.0,23.7,1,0,Highway,411.7,0.24,0.23,15.25,1.576
CAR186,30.16,20,55.4,2706.0,41.3,1,0,Rural,264.5,0.6,3.43,183.67,28.651999999999997
CAR199,17.96,20,53.1,3167.0,17.6,1,2,City,238.7,0.36,3.4,171.07,17.062
CAR139,12.98,20,87.7,2498.0,23.8,0,0,City,316.7,0.77,2.02,185.58,12.331
CAR144,3.71,10,63.2,1679.0,38.1,0,0,City,315.4,0.4,3.56,205.13,3.5244999999999997
CAR093,17.82,10,40.9,,13.1,1,0,City,285.6,0.17,1.15,48.12,6.116
CAR014,31.31,10,33.5,2061.0,21.5,0,1,Highway,90.2,0.88,1.26,40.13,4.679
CAR081,18.66,20,32.3,1725.0,32.3,0,2,Highway,386.9,0.78,0.34,9.59,1.54
CAR158,8.62,10,58.1,1864.0,,0,1,Highway,213.9,0.33,2.23,124.22,8.188999999999998
CAR026,25.9,10,52.9,2393.0,24.7,0,1,City,244.8,0.46,2.86,147.34,17.732
CAR038,42.76,10,64.1,1819.0,11.7,1,1,City,363.7,0.72,2.64,156.94,24.088
CAR090,42.71,10,70.2,,36.9,0,0,Highway,272.1,0.81,4.27,297.74,33.942
CAR009,41.67,85,55.0,2604.0,29.5,1,0,City,353.7,0.38,1.0,56.16,19.132
CAR133,15.79,85,67.8,2806.0,24.2,1,2,Highway,275.7,0.22,0.57,36.06,11.75
CAR119,22.32,20,51.9,1142.0,22.6,0,2,Highway,104.4,0.16,1.65,83.69,10.293
CAR083,37.77,20,80.7,2360.0,29.7,1,0,city,,0.28,2.0,156.41,23.776
CAR075,41.53,20,62.9,876.0,24.2,1,1,,331.1,0.8,2.4,146.43,25.137
CAR143,27.33,0,78.6,2036.0,45.3,0,1,Rural,307.5,0.11,0.3,23.87,2.482
CAR139,20.52,0,27.5,1752.0,31.6,1,2,Highway,,0.19,1.17,27.95,2.551
CAR145,38.39,10,52.1,1278.0,29.2,1,1,Highway,132.4,0.43,4.0,189.57,19.487
CAR049,33.03,20,44.4,1115.0,36.7,0,2,City,180.9,0.14,0.91,38.08,5.996
CAR102,4.34,0,15.3,1137.0,25.1,0,0,Highway,223.0,0.79,3.68,59.11,4.122999999999999
CAR023,22.74,20,55.4,2287.0,18.9,1,2,Rural,316.9,0.21,2.99,167.53,21.602999999999998
CAR196,19.01,0,297.62439479159264,2996.0,22.2,1,2,City,158.1,0.18,0.66,40.6,5.271
CAR059,35.47,10,13.4,1902.0,31.3,1,1,City,279.0,0.19,3.47,44.45,5.705
CAR096,13.84,0,47.3,1624.0,18.6,1,0,Highway,332.0,0.27,1.65,71.13,4.766
CAR146,8.64,20,32.3,1251.0,20.1,1,2,Rural,440.2,0.21,4.15,123.74,8.208
CAR147,16.36,0,37.5,1784.0,18.0,0,2,Rural,121.9,0.34,3.84,139.64,13.463
CAR127,10.82,20,32.4,8627.273266386259,30.5,0,1,Highway,,0.41,1.19,36.6,5.219
CAR058,6.91,10,50.8,2249.0,23.4,1,2,Highway,219.6,0.85,0.54,27.95,3.622
CAR123,17.46,10,70.9,2019.0,20.4,0,0,Highway,194.1,0.3,2.1,139.78,12.786
CAR085,29.55,10,38.1,3110.0,25.2,0,0,Highway,252.2,0.87,3.57,132.1,14.826
CAR167,3.28,20,80.1,,17.1,1,0,Highway,274.6,0.31,4.03,314.03,3.1159999999999997
CAR021,39.26,0,49.5,3341.0,22.5,0,2,City,409.8,0.58,4.13,197.22,24.584
CAR004,44.1,10,50.0,700.0,19.5,0,1,City,147.8,0.71,3.56,169.74,19.834
CAR130,36.29,85,42.3,2519.0,23.5,1,0,,420.8,0.31,1.55,60.11,20.264
CAR167,16.97,85,44.7,3098.0,29.3,0,1,City,89.9,0.84,4.18,187.22,16.121499999999997
CAR187,7.08,10,,1730.0,31.1,1,2,Highway,173.1,0.38,2.47,180.54,6.726
CAR103,10.09,85,59.0,3349.0,18.4,1,1,Highway,425.6,0.81,3.33,200.41,9.5855
CAR181,28.79,10,15.6,1692.0,26.6,0,0,City,396.1,0.6,0.4,6.51,0.754
CAR059,12.88,20,40.8,2872.0,12.7,0,1,City,156.8,0.32,2.76,98.78,12.236
CAR136,15.33,10,26.9,1472.0,22.9,1,1,City,,0.41,3.09,87.22,10.939
CAR034,36.14,85,61.9,1619.0,16.8,0,1,Highway,395.4,0.68,3.86,234.94,34.333
CAR155,11.67,0,65.0,1957.0,21.7,1,1,City,423.4,0.06,4.42,246.29,11.0865
CAR004,28.5,10,67.0,,27.8,1,0,City,71.0,0.64,0.89,54.7,7.483
CAR155,20.83,10,53.7,2307.0,43.6,1,1,Highway,192.2,0.66,1.78,87.91,11.475
CAR055,8.78,0,17.8,3141.0,27.1,0,2,Rural,169.9,0.18,2.66,43.84,4.336
CAR102,37.6,85,27.6,2755.0,29.7,0,1,Highway,383.8,0.72,2.36,67.53,22.495
CAR181,37.98,20,56.4,1529.0,32.6,0,1,City,78.5,0.21,2.52,147.57,20.609
CAR143,17.66,10,62.1,1980.0,33.5,1,2,Highway,331.6,0.24,2.89,182.61,16.777
CAR180,18.98,10,35.6,2424.0,17.9,0,0,Highway,391.3,0.14,3.3,116.72,10.623
CAR086,31.73,10,77.8,2585.0,37.9,0,2,City,102.3,0.59,3.3,242.63,30.1435
CAR030,7.91,20,63.8,1875.0,25.2,1,1,City,358.5,0.17,0.43,26.74,4.28
CAR021,17.98,10,34.2,2043.0,29.5,1,0,Highway,135.3,0.15,0.97,34.09,2.827
CAR090,6.73,0,43.9,2466.0,16.6,1,2,City,430.1,0.73,1.12,45.72,6.3935
CAR117,17.68,85,62.5,2391.0,29.4,1,1,Rural,73.0,0.31,3.79,205.48,16.796
CAR044,33.87,20,31.1,2952.0,31.2,0,1,Highway,91.3,0.54,0.66,18.0,2.635
CAR057,7.16,20,50.0,2459.0,35.2,1,1,City,134.2,0.84,1.66,84.87,6.802
CAR041,41.6,20,25.6,1706.0,36.4,1,2,Rural,236.3,0.16,0.23,5.02,0.847
CAR051,26.33,10,38.5,3138.0,28.0,0,1,City,405.1,0.84,3.4,124.79,18.226
CAR046,8.74,10,52.8,1823.0,20.2,0,1,Rural,223.7,0.48,3.88,199.84,8.302999999999999
CAR039,40.82,85,31.5,,29.5,0,0,Highway,386.7,0.58,4.03,129.21,38.778999999999996
CAR078,43.75,10,62.1,3282.0,27.2,1,1,Highway,429.9,0.07,2.54,165.06,20.115
CAR073,17.19,85,45.1,3733.0,40.9,1,2,City,,0.69,3.85,169.4,16.3305
CAR183,10.09,20,29.4,2771.0,24.1,0,1,City,445.5,0.28,2.75,81.18,9.5855
CAR144,11.01,10,29.0,1886.0,22.3,1,0,Highway,239.4,0.28,0.72,21.33,2.26
CAR080,43.28,85,38.5,2954.0,19.8,1,0,Highway,408.3,0.16,3.65,131.21,41.116
CAR135,17.78,20,47.1,1319.0,,1,0,Rural,94.6,0.16,2.14,97.65,13.247
CAR045,44.77,20,49.2,1951.0,30.4,0,0,Highway,288.0,0.88,0.5,22.66,3.303
CAR041,37.43,20,53.6,2779.0,30.9,1,2,Highway,401.3,0.73,2.32,125.54,22.524
CAR129,12.69,20,32.9,2470.0,25.3,0,1,Rural,398.5,0.57,2.65,86.65,12.055499999999999
CAR158,12.89,10,68.9,2427.0,41.3,1,0,Rural,98.9,0.45,3.95,271.12,12.2455
CAR015,22.84,85,70.0,2862.0,13.8,1,1,City,335.4,0.67,2.7,183.69,21.698
CAR090,33.44,20,35.8,2037.0,26.3,1,1,city,82.3,0.45,3.57,120.8,19.944
CAR191,15.3,0,30.9,2136.0,25.8,0,1,City,190.3,0.17,3.82,122.41,11.363
CAR007,26.59,10,33.4,2965.0,39.5,0,2,,278.4,0.44,1.92,55.84,8.476
CAR150,17.32,85,44.8,2990.0,27.9,0,0,Rural,115.6,0.68,1.86,80.5,16.454
CAR099,41.2,10,51.4,1755.0,26.8,1,1,City,179.7,0.65,1.83,91.34,12.588
CAR010,29.73,20,38.6,1532.0,33.3,1,0,City,72.7,0.47,2.64,106.11,16.684
CAR199,28.47,20,40.3,,26.1,1,1,Highway,398.0,0.41,1.94,76.03,11.675
CAR057,10.16,20,23.0,2339.0,18.5,0,2,Highway,428.0,0.58,3.27,70.62,9.652
CAR161,33.31,10,53.5,2564.0,39.7,1,2,City,296.5,0.52,1.44,68.6,10.712
CAR149,13.05,85,29.9,864.0,21.9,1,1,Highway,428.5,0.9,1.46,37.63,12.3975
CAR082,37.38,0,47.9,700.0,38.1,1,0,Rural,328.8,0.79,3.39,146.59,12.917
CAR133,31.82,10,,2198.0,30.7,1,1,,417.3,0.53,0.86,59.9,7.571
CAR042,22.98,20,21.7,2081.0,40.8,0,0,Rural,291.7,0.53,2.72,54.64,7.868
CAR009,17.22,10,23.5,2403.0,20.5,1,0,City,385.6,0.66,0.9,18.92,2.715
CAR029,43.47,20,77.9,2780.0,19.8,1,2,City,293.4,0.47,2.99,238.55,41.296499999999995
CAR088,39.65,10,18.2,1791.0,32.9,1,1,City,75.7,0.19,2.13,34.28,4.193
CAR024,24.91,0,66.3,1845.0,22.2,0,2,Rural,256.8,0.76,3.87,245.26,23.6645
CAR061,34.92,0,75.8,2603.0,30.2,0,1,Highway,401.8,0.11,0.98,67.04,4.706
CAR127,6.68,10,59.9,2381.0,19.0,1,1,Highway,351.4,0.5,3.44,197.01,6.345999999999999
CAR128,30.62,85,71.6,2409.0,43.7,1,0,City,235.4,0.1,4.1,260.98,29.089
CAR173,24.64,10,45.7,1171.0,25.0,0,2,City,387.2,0.29,3.48,151.46,20.322
CAR041,37.73,20,70.6,3252.0,22.0,1,0,Rural,,0.49,1.78,129.45,20.883
CAR148,6.55,20,55.9,2068.0,34.1,1,1,City,444.4,0.74,4.1,227.13,6.222499999999999
CAR088,34.76,20,96.9,1071.0,21.3,1,2,City,355.6,0.16,1.72,168.65,27.774
CAR168,44.97,20,48.0,1736.0,23.8,0,1,City,226.1,0.88,1.92,95.35,16.635
CAR163,19.52,20,70.5,2542.0,24.0,1,1,City,156.6,0.58,0.82,57.98,9.655
CAR151,40.58,10,79.6,2319.0,,0,1,Highway,169.2,0.6,0.65,50.28,5.989
CAR108,25.5,10,52.3,2152.0,36.5,1,1,City,,0.13,2.62,139.46,16.852
CAR159,28.16,0,42.0,1957.0,38.3,0,1,Highway,330.1,0.58,1.45,54.13,4.76
CAR042,42.24,20,84.8,3315.0,43.0,1,1,City,398.4,0.74,2.14,179.42,35.764
CAR167,30.92,20,10.1,2172.0,19.3,1,0,Rural,361.1,0.72,2.64,27.58,4.255
CAR070,6.53,20,36.3,1721.0,40.7,1,2,City,348.3,0.49,1.95,71.93,6.2035
CAR023,40.55,20,28.2,2416.0,29.9,1,0,City,173.2,0.05,1.28,36.71,5.248
CAR187,7.09,20,20.7,2447.0,39.0,0,2,Highway,443.6,0.08,1.79,38.69,5.905
CAR141,43.04,10,40.6,1295.0,39.6,1,0,,110.0,0.86,2.42,99.08,13.75
CAR139,36.57,20,56.4,2539.0,28.1,1,2,Highway,267.7,0.87,2.3,113.01,19.027
CAR033,41.29,20,52.1,2431.0,31.3,0,0,Highway,280.8,0.31,3.64,186.02,24.256
CAR094,19.88,10,49.4,3460.0,34.8,0,1,City,340.0,0.14,3.51,171.84,18.886
CAR058,35.82,0,23.7,1979.0,26.3,0,0,City,351.1,0.59,1.83,38.75,3.584
CAR186,38.41,10,27.1,2047.0,31.5,1,0,Highway,374.7,0.06,1.68,44.77,4.481
CAR081,9.89,85,75.9,2693.0,29.1,1,2,,352.8,0.12,3.41,240.78,9.3955
CAR027,37.79,20,52.5,1578.0,32.4,0,2,City,207.9,0.83,3.1,160.44,28.318
CAR136,25.69,85,66.6,2114.0,19.8,1,0,City,336.6,0.28,2.46,150.84,24.4055
CAR126,30.92,10,62.4,2466.0,28.4,1,2,City,251.9,0.69,0.27,16.08,2.692
CAR095,13.24,10,84.1,2371.0,24.0,1,1,Highway,89.9,0.87,0.36,26.31,3.31
CAR097,31.92,20,56.6,2355.0,25.2,1,1,City,116.8,0.36,2.78,145.31,23.81
CAR134,30.53,85,55.6,2383.0,17.3,0,0,Highway,280.4,0.72,1.14,65.24,20.42
CAR049,22.14,20,58.1,3595.0,21.6,1,0,Highway,394.8,0.7,3.97,212.48,21.033
CAR012,8.89,20,51.3,1998.0,34.8,0,2,City,388.5,0.78,3.06,148.9,8.445500000000001
CAR075,44.65,20,5.0,1115.0,17.5,1,1,City,257.3,0.9,3.02,14.17,2.431
CAR052,4.32,10,98.5,2156.0,10.9,1,0,City,213.7,0.74,0.48,47.6,4.104
CAR110,25.95,0,90.4,1779.0,32.0,1,1,Rural,397.0,0.84,0.38,30.08,3.404
CAR111,4.42,85,48.2,2109.0,28.1,0,2,City,102.0,0.11,2.75,119.38,4.199
CAR115,23.37,10,30.9,3189.0,32.2,0,0,City,391.5,0.34,4.23,123.66,15.631
CAR060,30.17,10,73.0,2425.0,26.1,0,0,Rural,319.4,0.47,2.47,160.02,17.025
CAR107,29.12,10,15.3,2608.0,24.6,1,0,City,412.3,0.75,3.7,51.66,7.051
CAR159,36.09,20,65.7,1377.0,21.0,0,0,city,242.8,0.15,2.12,144.59,18.027
CAR187,21.18,10,47.1,2229.0,29.8,0,0,City,200.4,0.32,0.6,24.89,2.709
CAR124,35.56,20,53.0,1203.0,23.5,1,1,City,111.6,0.41,1.5,69.71,10.802
CAR082,31.95,0,71.5,1713.0,30.0,1,0,Highway,,0.25,1.62,120.34,8.01
CAR029,10.46,10,35.2,2644.0,26.1,1,1,Highway,167.7,0.06,1.11,34.25,3.612
CAR015,42.4,0,34.1,2020.0,31.2,1,1,,96.7,0.27,3.86,135.86,12.181
CAR083,28.68,0,66.8,,37.2,0,2,Rural,188.2,0.83,0.79,53.6,6.349
CAR176,31.06,0,38.3,2967.0,12.4,0,0,City,180.6,0.45,1.28,45.89,4.425
CAR064,17.62,20,82.4,1987.0,19.3,0,0,City,378.9,0.9,4.14,305.0,16.739
CAR068,3.35,10,36.1,2817.0,15.5,1,0,Highway,322.3,0.16,3.74,141.6,3.1825
CAR062,42.69,10,36.1,2649.0,23.1,1,1,Highway,175.3,0.14,1.0,31.84,3.622
CAR181,20.62,20,49.6,2331.0,39.1,0,1,Highway,377.2,0.75,2.74,117.44,18.765
CAR149,22.52,10,64.3,2501.0,31.8,1,1,Rural,228.5,0.47,2.43,145.03,18.826
CAR101,20.63,20,68.8,2758.0,28.8,1,1,City,406.4,0.32,1.3,92.9,15.337
CAR030,27.14,10,29.5,1995.0,25.4,1,2,City,,0.2,1.47,40.27,5.774
CAR153,31.09,10,29.6,2081.0,34.9,1,1,City,111.4,0.87,2.54,74.72,10.933
CAR079,27.85,10,34.8,7023.127173376418,30.9,0,1,City,436.4,0.26,3.13,96.89,11.61
CAR012,30.8,10,83.3,3149.0,30.1,0,0,Highway,423.9,0.44,0.61,51.68,5.284
CAR192,4.89,0,10.5,2340.0,41.8,1,1,City,292.8,0.28,3.89,39.69,4.338
CAR189,34.72,0,5.0,2023.0,47.3,0,1,City,147.0,0.29,2.12,10.83,1.383
CAR127,23.2,10,47.7,1026.0,40.3,1,0,Highway,102.7,0.17,2.1,93.49,9.958
CAR177,38.06,0,48.1,3928.0,23.3,1,1,City,206.6,0.67,2.49,124.73,14.621
CAR179,41.86,0,37.0,2408.0,19.0,1,1,Highway,274.3,0.44,2.58,97.84,8.228
CAR081,18.47,20,64.5,2299.0,17.0,0,0,City,164.2,0.37,0.75,47.73,7.389
CAR083,40.37,20,44.7,2193.0,19.0,1,1,Rural,126.6,0.67,0.77,34.62,5.547
CAR161,29.23,0,58.0,1923.0,26.0,0,1,,112.8,0.62,0.29,14.61,1.145
CAR116,31.6,10,40.0,1950.0,41.9,1,2,City,105.9,0.11,1.45,57.65,9.007
CAR043,31.95,10,35.4,2401.0,14.9,1,1,City,74.4,0.81,2.76,94.57,13.941
CAR194,16.69,85,52.4,2420.0,27.3,1,1,City,299.0,0.14,1.45,78.66,15.855500000000001
CAR057,23.89,10,69.0,2053.0,34.7,1,2,City,87.4,0.89,4.31,291.3,22.6955
CAR104,10.96,20,53.1,1924.0,19.5,1,1,Rural,162.8,0.39,3.12,171.39,10.412
CAR031,30.97,0,23.3,1682.0,31.2,0,0,Highway,116.4,0.13,1.25,28.47,1.608
CAR197,42.34,10,29.5,3113.0,38.5,1,2,City,131.4,0.52,2.02,57.8,8.297
CAR199,18.14,20,63.3,1742.0,39.1,1,0,Highway,299.2,0.35,3.97,216.3,17.233
CAR062,36.74,85,88.6,3121.0,20.6,1,1,Highway,,0.67,2.23,169.62,34.903
CAR048,19.91,10,59.9,3607.0,16.5,0,2,Rural,250.3,0.63,3.52,181.35,18.9145
CAR147,43.38,20,57.6,1633.0,25.6,1,1,Rural,376.8,0.22,1.67,95.81,12.926
CAR109,15.85,10,55.6,2918.0,42.6,1,2,Rural,270.9,0.67,1.82,95.77,14.468
CAR012,26.81,10,35.6,1686.0,32.5,1,2,City,393.7,0.13,2.81,101.42,14.103
CAR141,4.26,10,9.4,2307.0,29.7,1,0,City,428.0,0.76,3.37,28.87,4.047
CAR025,24.57,20,18.8,2598.0,40.9,1,0,Rural,404.1,0.43,3.52,60.94,9.735
CAR055,26.83,10,49.0,1951.0,26.7,1,1,,367.5,0.42,2.45,108.19,12.723
CAR179,33.59,20,57.0,1760.0,28.8,1,1,Highway,154.5,0.27,1.58,79.79,11.007
CAR162,30.63,20,66.9,2292.0,39.5,1,1,Rural,443.2,0.51,0.77,47.1,8.251
CAR118,14.62,20,61.5,3256.0,32.6,1,2,City,299.2,0.35,1.88,99.2,13.889
CAR059,39.17,20,57.1,1999.0,22.9,1,1,City,446.9,0.41,3.21,178.56,32.804
CAR178,24.22,20,61.0,1867.0,31.1,1,2,,350.1,0.35,2.17,130.64,20.254
CAR048,23.4,20,9.1,1020.0,20.2,1,2,City,333.9,0.78,0.64,5.94,1.071
CAR178,16.33,10,59.0,1092.0,27.1,1,1,City,441.3,0.44,3.32,180.24,15.513499999999997
CAR080,36.23,10,54.2,2781.0,16.2,1,2,Highway,288.7,0.29,3.42,176.46,21.184
CAR128,31.77,20,58.0,700.0,22.9,1,2,City,353.1,0.72,1.39,77.07,13.177
CAR186,22.29,0,46.2,2219.0,33.4,0,1,Rural,274.4,0.41,3.78,172.11,13.412
CAR166,9.03,10,29.3,1739.0,20.3,1,2,City,353.5,0.35,1.79,51.73,7.599
CAR179,17.32,10,24.3,2572.0,5.0,1,2,Rural,233.8,0.09,3.25,73.64,9.056
CAR070,10.36,10,52.5,2127.0,26.0,0,2,Rural,444.0,0.39,1.07,48.03,6.775
CAR147,26.56,0,5.0,2729.0,30.1,0,2,City,91.5,0.63,0.71,3.68,0.432
CAR089,12.63,20,9.4,1892.0,33.8,0,0,Rural,176.2,0.12,0.61,5.07,0.633
CAR146,32.01,20,45.1,1926.0,29.8,1,2,City,399.3,0.23,2.46,114.26,19.395
CAR027,22.13,20,6.1,3293.0,24.2,1,1,City,71.6,0.48,3.05,18.81,3.221
CAR141,9.07,10,34.2,1848.0,32.0,0,1,City,411.2,0.82,1.41,48.68,7.135
CAR144,37.12,10,73.5,902.0,32.6,0,1,City,345.3,0.77,4.45,295.05,35.263999999999996
CAR191,42.56,20,97.4,1322.0,24.0,1,1,Highway,107.2,0.51,0.21,17.62,2.41
CAR012,7.81,20,39.7,1373.0,29.4,1,1,City,384.9,0.82,2.64,107.8,7.419499999999999
CAR064,27.37,85,58.7,1973.0,18.5,0,2,City,86.6,0.8,1.89,112.06,26.0015
CAR193,3.53,20,20.6,2009.0,29.9,0,1,Rural,269.9,0.32,3.99,73.18,3.3534999999999995
CAR151,19.12,20,28.3,1247.0,30.8,1,0,Rural,423.2,0.52,1.63,40.63,5.765
CAR188,21.32,20,47.8,1993.0,28.0,1,1,Highway,372.7,0.57,2.81,123.78,19.004
CAR161,22.77,20,93.8,2154.0,23.3,1,1,Rural,212.2,0.83,0.84,80.42,14.216
CAR048,7.81,10,38.5,2928.0,26.4,0,1,City,444.2,0.8,3.04,109.71,7.419499999999999
CAR127,7.03,20,54.2,1671.0,26.9,1,2,City,272.6,0.72,3.07,148.58,6.6785
CAR003,23.59,10,69.6,1352.0,27.7,0,1,City,368.2,0.71,2.46,175.64,21.525
CAR015,18.79,20,45.8,2306.0,20.6,1,2,Rural,146.8,0.18,1.05,42.76,6.417
CAR144,20.7,20,81.1,1940.0,18.1,1,0,City,274.9,0.41,1.82,126.21,19.665
CAR185,40.29,10,64.4,1288.0,33.1,1,1,Highway,412.1,0.52,2.29,154.14,17.707
CAR070,5.79,85,36.0,,28.9,0,1,City,172.0,0.76,4.06,140.49,5.5005
CAR106,32.29,10,62.3,2153.0,31.2,1,2,Rural,150.3,0.71,1.35,87.43,12.806
CAR186,28.86,10,43.3,1518.0,31.1,1,2,City,290.1,0.46,2.1,87.35,11.991
CAR189,13.99,10,33.1,2409.0,27.8,1,1,City,240.2,0.17,2.26,65.72,7.872
CAR019,35.07,20,36.8,1471.0,,1,1,Highway,99.4,0.75,4.43,158.54,24.39
CAR076,27.41,10,19.8,2407.0,37.5,1,1,Rural,385.0,0.66,2.55,44.63,6.265
CAR142,40.84,0,38.6,2805.0,19.7,0,2,City,338.1,0.2,2.94,100.68,10.612
CAR134,19.67,85,39.2,1884.0,27.9,1,1,City,238.3,0.12,1.61,65.28,18.686500000000002
CAR077,38.63,10,60.6,2562.0,,1,0,Rural,151.0,0.09,4.42,237.69,23.883
CAR130,7.66,20,65.5,1677.0,21.6,0,0,Highway,414.1,0.9,0.33,21.23,3.097
CAR192,36.75,85,29.3,2892.0,33.1,1,2,Rural,280.1,0.15,3.27,85.43,29.108
CAR157,16.57,10,33.0,3567.0,31.5,1,1,Rural,429.2,0.87,2.45,80.64,12.013
CAR151,38.65,20,54.6,2762.0,20.2,1,0,city,77.8,0.7,0.7,37.98,6.332
CAR112,18.65,10,50.7,1210.0,12.1,1,0,Highway,422.1,0.39,4.27,213.19,17.717499999999998
CAR079,42.85,10,94.7,1585.0,19.9,1,1,highway,,0.08,1.83,159.95,14.832
CAR179,36.92,85,57.7,1783.0,14.4,1,1,Highway,339.9,0.1,2.86,157.71,35.074
CAR166,24.36,20,64.7,2671.0,32.8,0,2,Highway,86.6,0.07,3.44,212.69,23.142
CAR009,35.93,85,48.1,2308.0,18.3,1,1,City,159.0,0.22,3.09,150.89,34.1335
CAR170,39.73,20,68.1,1363.0,38.4,0,0,City,321.6,0.25,2.85,177.77,25.789
CAR068,14.81,10,24.0,2502.0,34.7,0,1,City,334.7,0.7,1.4,28.81,4.043
CAR036,15.47,10,58.3,1961.0,15.7,0,2,Rural,99.4,0.32,1.28,69.25,8.427
CAR021,23.32,20,57.5,2320.0,,1,0,City,357.6,0.5,3.7,218.74,22.154
CAR135,11.46,10,32.2,3068.0,34.7,1,2,Rural,152.9,0.64,2.25,68.27,10.0
CAR183,39.57,85,79.6,1365.0,30.2,1,2,City,294.5,0.31,1.52,119.26,37.591499999999996
CAR066,7.28,85,25.8,2550.0,27.9,0,2,rural,249.6,0.82,4.1,101.52,6.9159999999999995
CAR099,41.74,85,76.1,2342.0,36.4,1,0,Highway,71.0,0.22,1.72,127.81,38.362
CAR012,23.74,0,72.4,,27.4,1,1,Rural,207.8,0.22,4.37,314.18,22.552999999999997
CAR037,19.76,85,24.7,2941.0,29.7,0,2,Highway,300.1,0.62,2.45,52.16,18.167
CAR134,5.7,20,51.2,1972.0,32.1,1,1,City,147.4,0.45,1.71,87.22,5.415
CAR078,8.31,20,56.2,2040.0,32.6,1,1,City,304.1,0.34,1.66,80.07,7.8945
CAR002,31.56,20,58.2,,41.0,0,0,City,400.6,0.75,3.07,177.23,29.852
CAR023,30.77,20,39.4,2038.0,16.4,1,2,,163.9,0.45,1.9,76.97,13.107
CAR001,31.57,20,32.1,1588.0,30.5,1,1,Rural,439.4,0.82,3.58,112.66,18.071
CAR027,36.27,20,53.8,3226.0,35.0,1,0,Rural,378.1,0.55,2.44,128.78,19.691
CAR094,28.03,20,36.4,6771.731143874876,40.9,0,1,Highway,,0.21,2.67,92.79,14.359
CAR048,16.77,0,58.2,2480.0,25.8,1,0,City,207.2,0.18,2.74,153.41,13.352
CAR102,19.99,85,59.2,2913.0,26.8,1,2,City,96.1,0.5,4.24,219.37,18.990499999999997
CAR089,16.86,10,104.3,2841.0,18.7,1,2,Highway,223.4,0.52,0.84,80.01,10.846
CAR180,39.32,10,49.6,2036.0,32.5,1,1,Rural,254.4,0.29,3.2,163.37,21.544
CAR032,28.87,10,62.2,913.0,23.0,1,0,Rural,218.4,0.37,4.09,246.64,26.268
CAR176,38.91,10,9.2,1748.0,30.3,0,1,City,85.3,0.27,3.58,29.33,3.366
CAR110,36.47,10,23.4,2440.0,26.9,0,0,Highway,433.9,0.38,2.61,63.56,6.333
CAR110,24.66,10,54.2,1725.0,22.8,0,2,Highway,420.2,0.24,2.02,103.62,11.806
CAR053,3.8,85,59.5,2738.0,45.0,1,1,City,157.6,0.05,2.15,124.21,3.61
CAR063,33.03,20,46.4,2134.0,18.6,0,0,City,290.2,0.66,3.96,172.46,25.491
CAR147,12.92,20,44.1,2212.0,30.0,1,0,Highway,170.0,0.31,2.17,89.43,12.274
CAR176,16.69,10,84.7,2027.0,35.0,1,1,City,389.6,0.85,3.64,310.69,15.855500000000001
CAR093,20.52,0,62.4,3302.0,28.1,0,1,highway,344.4,0.57,4.4,266.61,19.494
CAR069,30.8,10,,3222.0,26.8,0,1,City,161.5,0.22,1.16,78.96,9.957
CAR007,20.5,10,70.3,1726.0,26.9,0,1,Rural,205.6,0.13,0.39,26.13,3.042
CAR098,11.71,20,38.6,3021.0,27.9,1,2,,374.0,0.75,3.27,126.53,11.124500000000001
CAR006,22.66,20,35.3,1836.0,19.9,1,0,City,195.9,0.18,0.9,29.16,4.264
CAR049,21.2,10,5.0,2876.0,39.6,1,1,City,101.6,0.61,3.71,18.1,2.808
CAR127,24.66,10,23.9,2300.0,41.0,0,1,Highway,91.4,0.46,1.05,21.37,2.591
CAR049,43.84,10,61.1,1995.0,26.7,1,2,,276.6,0.64,4.12,233.4,33.787
CAR097,4.24,20,84.4,2530.0,14.3,1,0,City,234.4,0.67,4.36,334.82,4.028
CAR077,21.98,10,25.0,2898.0,32.7,1,1,City,334.1,0.45,4.07,87.21,12.107
CAR066,12.18,10,126.2,2454.0,32.4,1,1,City,344.0,0.24,3.79,419.18,11.571
CAR017,7.06,10,20.1,1362.0,33.2,0,1,City,289.6,0.12,0.27,5.52,0.65
CAR124,11.05,10,87.3,2848.0,35.5,1,1,City,327.5,0.85,2.99,256.89,10.4975
CAR049,34.71,10,67.5,2418.0,34.0,1,1,City,362.7,0.19,3.96,227.44,28.353
CAR146,25.91,20,49.6,1823.0,25.3,1,1,Rural,321.5,0.19,3.57,179.78,24.6145
CAR171,21.89,10,30.5,1420.0,17.4,1,1,Highway,305.7,0.29,2.24,70.5,7.301
CAR030,34.29,20,37.9,1843.0,36.2,0,1,City,,0.6,3.47,130.6,20.806
CAR123,35.9,20,93.8,1816.0,26.8,1,1,Highway,113.8,0.68,0.8,75.79,11.878
CAR198,30.65,10,77.1,2122.0,27.4,0,1,,419.1,0.42,1.21,88.84,10.824
CAR039,26.1,10,67.6,2755.0,19.4,1,1,City,381.8,0.19,2.11,136.17,17.8
CAR190,12.78,0,35.2,1875.0,31.8,1,1,City,196.0,0.37,3.29,112.8,11.551
CAR039,13.55,0,96.1,1758.0,35.0,0,1,City,294.6,0.49,1.11,104.49,9.911
CAR171,22.61,10,57.1,2213.0,26.7,1,2,Highway,105.4,0.3,2.75,163.82,18.357
CAR192,33.15,0,51.4,2044.0,29.5,0,2,City,80.8,0.8,1.08,52.97,6.107
CAR047,19.39,10,69.7,2705.0,22.5,0,0,City,140.3,0.08,3.2,190.38,18.4205
CAR195,42.53,10,37.7,1708.0,37.1,0,0,Rural,72.5,0.12,0.68,23.09,2.23
CAR053,30.93,10,32.3,2167.0,34.8,0,2,Highway,115.8,0.09,4.15,121.34,12.831
CAR056,10.9,0,56.2,1916.0,26.2,0,1,City,193.0,0.42,2.27,126.42,10.355
CAR156,15.08,10,45.6,3286.0,31.8,1,2,City,267.0,0.17,2.01,87.87,12.762
CAR187,32.79,10,32.7,2257.0,18.4,1,0,City,343.0,0.56,1.52,45.68,6.196
CAR043,14.16,10,34.7,1261.0,22.6,0,1,Highway,91.2,0.77,2.11,75.48,8.036
CAR016,18.27,20,49.2,1825.0,27.6,0,2,Highway,,0.06,3.91,192.7,17.3565
CAR114,34.15,10,36.2,2436.0,31.8,1,0,City,158.0,0.16,3.02,112.01,11.797
CAR199,16.97,20,21.8,1896.0,21.3,0,2,City,380.7,0.54,2.03,39.35,7.15
CAR079,25.83,85,32.5,2165.0,13.7,1,1,Rural,302.8,0.29,1.44,41.33,13.326
CAR060,14.38,20,36.8,2031.0,36.6,0,1,Rural,200.7,0.77,3.64,124.06,13.661
CAR129,24.45,20,70.0,2453.0,26.3,0,1,City,375.2,0.11,1.01,62.09,9.263
CAR145,31.03,10,80.4,3128.0,23.5,0,0,City,430.0,0.63,3.85,298.22,29.4785
CAR134,30.15,0,57.8,2316.0,32.1,1,0,City,330.9,0.45,1.25,75.35,7.471
CAR146,29.98,20,68.1,1157.0,38.8,0,2,Highway,347.1,0.12,4.18,263.59,28.480999999999998
CAR044,24.5,20,53.9,1638.0,17.7,1,1,,171.7,0.83,3.16,169.85,23.275
CAR150,39.14,20,40.5,1880.0,19.6,0,1,City,143.6,0.31,3.71,156.23,25.357
CAR184,31.92,10,24.8,3834.0,37.0,1,0,Highway,162.4,0.9,3.07,79.23,10.39
CAR120,15.68,10,65.9,1975.0,27.1,0,0,City,199.5,0.41,1.68,96.13,10.968
CAR057,16.54,10,61.0,3142.0,35.9,1,0,Rural,358.2,0.26,1.4,85.93,9.408
CAR033,20.02,20,48.9,1859.0,14.2,0,0,Highway,349.9,0.23,1.31,66.29,8.322
CAR046,7.61,10,19.1,3235.0,17.0,1,2,Rural,346.6,0.77,1.07,18.3,2.736
CAR062,41.89,20,33.1,2474.0,24.8,1,1,Rural,335.1,0.37,2.92,85.44,14.179
CAR175,17.66,20,64.8,1484.0,9.2,1,0,Highway,126.4,0.77,3.81,214.18,16.777
CAR104,41.2,0,60.0,2474.0,23.5,1,1,Highway,422.7,0.88,1.84,104.16,11.243
CAR099,18.06,0,72.1,1793.0,22.1,0,0,Highway,397.0,0.28,0.2,12.29,0.761
CAR044,41.09,20,37.4,2148.0,19.1,1,1,Highway,172.5,0.54,0.26,8.3,1.224
CAR059,39.24,0,73.1,1853.0,21.4,0,2,Highway,216.4,0.41,2.8,211.97,19.661
CAR021,28.81,20,98.1,1758.0,26.4,1,0,Rural,437.3,0.64,4.08,406.05,27.3695
CAR127,12.86,10,37.8,2049.0,10.3,1,1,Rural,309.0,0.4,2.39,90.81,11.466
CAR008,33.8,10,45.1,2520.0,36.7,0,1,City,81.2,0.47,4.27,193.43,25.053
CAR024,23.98,0,41.3,3355.0,28.9,1,2,Highway,89.0,0.34,1.4,57.61,5.302
CAR199,33.65,20,16.2,1620.0,24.7,1,0,City,305.6,0.87,2.06,35.0,5.811
CAR152,15.8,0,66.0,3543.0,31.1,1,1,City,226.5,0.66,1.3,79.93,8.743
CAR027,17.52,20,32.2,2113.0,26.2,0,2,City,369.4,0.64,0.32,10.29,1.876
CAR119,3.92,20,74.3,1494.0,30.8,1,2,City,376.7,0.63,2.9,186.4,3.7239999999999998
CAR165,38.38,20,31.6,1850.0,22.3,1,1,Highway,416.6,0.53,1.64,47.25,6.553
CAR083,32.09,20,35.3,2098.0,30.1,1,2,Highway,274.6,0.27,2.93,104.92,16.62
CAR113,13.12,20,15.2,3422.0,34.5,0,2,City,75.4,0.65,4.19,56.61,10.289
CAR073,34.43,10,29.5,3460.0,25.7,1,1,Highway,269.4,0.55,0.52,14.56,1.787
CAR074,6.01,10,40.4,,22.9,0,2,City,80.0,0.76,0.27,10.95,1.649
CAR122,32.22,10,52.5,2019.0,27.6,1,2,highway,317.3,0.51,0.25,11.54,1.489
CAR156,17.04,0,46.4,1972.0,9.1,1,0,Highway,312.2,0.12,3.95,171.65,13.08
CAR034,21.78,20,43.4,939.0,24.1,0,1,,346.7,0.3,0.2,8.99,1.154
CAR080,32.79,10,53.4,1893.0,23.6,0,1,City,148.9,0.43,2.22,100.96,10.963
CAR154,29.13,20,74.9,2356.0,32.3,1,2,Highway,146.6,0.79,2.41,169.95,27.673499999999997
CAR095,10.16,0,42.1,2220.0,39.1,1,1,City,148.6,0.86,3.07,123.41,9.652
CAR151,9.03,20,63.1,2058.0,39.2,1,0,,97.3,0.11,2.74,164.05,8.578499999999998
CAR185,21.52,20,36.3,3065.0,23.7,0,1,City,266.3,0.4,3.37,121.53,19.236
CAR066,11.22,10,66.4,3130.0,29.1,1,2,Highway,139.3,0.39,3.83,245.98,10.659
CAR031,44.98,20,,2600.0,20.8,1,2,Rural,315.1,0.42,2.64,181.35,30.219
CAR198,6.02,85,27.3,1856.0,14.7,1,1,Highway,293.9,0.71,0.47,11.78,3.822
CAR018,32.27,10,43.1,1877.0,21.7,1,1,,342.3,0.58,1.46,57.3,7.855
CAR159,15.31,10,46.1,1793.0,,0,0,Highway,375.9,0.22,4.01,191.6,14.5445
CAR061,23.94,20,52.8,2226.0,24.8,0,1,City,384.1,0.73,2.4,126.32,21.8
CAR039,21.37,10,33.2,2090.0,20.8,0,0,Rural,411.2,0.2,1.6,49.03,5.108
CAR012,19.61,20,41.8,1374.0,35.1,1,1,Highway,423.7,0.49,1.5,59.29,8.882
CAR144,38.62,20,21.2,1168.0,21.0,0,0,City,363.8,0.12,2.38,45.21,6.189
CAR118,38.07,20,75.2,3237.0,31.6,0,1,Highway,117.7,0.12,1.86,127.25,14.875
CAR076,14.36,10,54.6,3292.0,32.4,1,1,City,,0.25,3.73,209.83,13.642
CAR163,18.94,20,35.3,,38.4,1,2,Rural,429.7,0.56,3.57,127.32,17.993000000000002
CAR174,4.97,10,70.8,2288.0,21.7,1,2,Highway,221.6,0.39,1.22,88.52,4.7215
CAR091,6.03,85,45.4,2942.0,21.7,1,1,Highway,71.2,0.32,2.21,96.67,5.7285
CAR084,4.08,20,71.8,2427.0,27.1,0,1,City,349.2,0.09,1.2,76.02,3.876
CAR069,13.8,0,59.0,4086.0,21.5,0,1,City,281.3,0.86,0.63,32.89,4.143
CAR119,20.65,20,71.7,2200.0,21.9,0,1,City,372.5,0.43,0.87,59.11,9.242
CAR047,43.08,20,64.0,2830.0,37.6,0,1,Highway,421.7,0.52,1.16,75.04,11.557
CAR195,31.29,0,55.0,,29.9,0,1,Rural,311.5,0.66,0.64,32.12,2.806
CAR186,6.65,10,52.7,2143.0,,0,0,City,342.1,0.64,1.64,76.89,6.3175
CAR058,31.61,10,61.3,2546.0,21.5,0,2,City,429.6,0.15,2.05,122.06,16.54
CAR025,10.86,20,61.2,1986.0,24.6,1,2,City,345.5,0.07,1.19,73.71,10.316999999999998
CAR177,36.7,0,49.8,2599.0,30.5,1,0,,79.3,0.23,1.93,90.64,7.907
CAR184,32.61,0,77.3,2327.0,28.3,0,1,Highway,425.4,0.18,1.95,148.45,9.425
CAR150,15.96,0,88.9,1555.0,36.8,0,2,City,126.7,0.47,3.41,291.92,15.162
CAR109,4.32,20,49.9,2287.0,28.3,0,1,Highway,300.5,0.12,2.35,120.3,4.104
CAR054,16.87,0,44.7,2827.0,36.1,1,1,City,145.6,0.54,3.24,143.63,16.0265
CAR153,13.73,20,35.5,1722.0,23.6,1,0,,182.7,0.38,1.88,65.92,9.501
CAR097,23.94,20,72.2,2748.0,28.0,1,1,City,211.9,0.33,1.78,127.5,20.907
CAR108,30.69,10,44.6,2567.0,32.3,1,0,Highway,370.0,0.48,3.59,160.27,17.917
CAR112,8.69,20,55.6,2487.0,24.8,0,2,City,208.3,0.51,2.75,144.21,8.2555
CAR166,26.02,20,54.3,2447.0,21.1,0,1,Highway,400.3,0.15,0.7,36.23,4.502
CAR078,37.21,10,5.0,2386.0,23.3,1,1,Highway,375.8,0.64,1.19,5.45,0.709
CAR180,37.89,0,21.0,981.0,31.9,1,2,Highway,289.8,0.62,0.49,9.68,0.984
CAR078,13.52,0,63.5,1076.0,38.5,1,0,Rural,94.4,0.77,2.94,159.51,12.844
CAR027,14.37,0,58.7,2288.0,24.4,1,2,Rural,192.5,0.56,3.39,189.04,13.651499999999999
CAR178,2.08,10,43.0,2192.0,26.8,0,1,City,207.7,0.56,0.87,35.04,1.976
CAR063,44.03,20,74.8,1236.0,28.1,0,2,City,339.5,0.31,1.68,108.15,18.072
CAR076,43.24,10,51.5,2750.0,29.4,1,0,Highway,391.0,0.9,2.91,140.16,17.186
CAR147,31.56,20,52.5,2391.0,,1,2,Highway,,0.37,1.45,72.46,12.008
CAR160,9.68,20,19.6,1615.0,32.8,1,2,Highway,250.2,0.14,2.09,39.35,5.914
CAR090,2.52,20,56.4,3062.0,25.8,0,2,Rural,439.0,0.46,4.02,194.27,2.3939999999999997
CAR080,32.13,0,38.9,2770.0,31.1,0,2,Rural,441.9,0.36,0.94,33.26,3.417
CAR079,38.38,85,51.7,2230.0,27.9,1,1,Highway,354.7,0.31,2.0,91.75,30.09
CAR049,36.24,0,49.8,2619.0,25.2,1,0,Highway,355.9,0.58,0.64,28.18,2.58
CAR154,44.62,20,65.9,2826.0,21.0,0,1,City,342.8,0.4,3.03,206.26,35.954
CAR160,37.37,20,50.8,2891.0,24.7,1,2,City,,0.14,3.61,191.62,35.435
CAR097,20.57,85,83.3,1833.0,26.4,1,1,City,209.6,0.18,3.45,296.67,19.5415
CAR193,14.89,0,69.0,1848.0,32.1,1,2,Rural,170.4,0.67,1.94,129.24,14.1455
CAR101,38.5,10,55.9,2076.0,,0,1,Highway,194.9,0.15,2.6,152.1,16.132
CAR023,3.81,20,30.8,2140.0,40.8,1,2,Highway,281.8,0.71,3.74,109.69,3.6195
CAR055,25.35,20,56.5,1561.0,35.5,0,0,Highway,404.8,0.69,2.25,111.75,14.55
CAR166,9.6,20,24.3,2080.0,31.6,0,0,city,367.0,0.29,3.75,82.34,9.12
CAR185,39.91,20,31.9,,31.6,1,2,City,,0.24,3.6,112.64,21.346
CAR089,42.53,10,41.3,3291.0,32.7,0,1,,406.9,0.52,2.32,100.43,11.839
CAR094,16.45,85,66.4,2385.0,25.5,1,2,Rural,98.7,0.55,2.74,161.89,15.627499999999998
CAR050,6.45,85,34.0,2571.0,28.4,0,1,Highway,355.4,0.19,3.71,128.58,6.1274999999999995
CAR129,30.99,10,64.2,1303.0,27.7,0,1,Rural,353.6,0.68,2.19,130.38,17.183
CAR143,30.6,10,55.3,2763.0,33.7,0,2,Highway,322.3,0.39,0.38,21.45,2.542
CAR118,23.18,10,57.8,2531.0,23.8,1,2,Highway,253.2,0.52,4.11,223.51,22.020999999999997
CAR137,25.95,10,35.0,1917.0,23.1,1,2,City,334.8,0.87,3.58,119.26,18.424
CAR017,34.38,10,11.5,2583.0,29.6,1,0,,341.7,0.24,2.66,26.15,3.344
CAR170,34.78,0,32.3,1812.0,,1,1,City,213.0,0.79,2.41,73.49,10.482
CAR171,38.9,20,15.8,2283.0,36.7,0,0,,295.5,0.18,1.21,16.39,2.306
CAR161,27.65,20,36.1,2907.0,5.0,1,1,Rural,272.4,0.76,1.41,52.16,9.352
CAR025,13.91,0,62.6,2201.0,27.3,1,0,Highway,239.7,0.28,4.1,227.32,13.2145
CAR164,13.83,20,51.2,2200.0,32.4,0,1,Highway,280.0,0.36,1.76,88.63,12.176
CAR145,22.36,20,44.3,2102.0,,0,1,Highway,386.2,0.81,1.32,50.64,7.006
CAR113,38.23,10,33.6,2311.0,23.5,0,2,Highway,,0.25,1.54,50.52,6.583
CAR143,15.42,85,49.2,2584.0,33.6,0,1,City,254.7,0.75,3.5,178.4,14.649
CAR179,24.41,20,55.7,2209.0,29.4,1,0,Highway,232.7,0.21,1.24,71.53,8.635
CAR116,23.45,20,49.6,1318.0,28.7,0,2,Highway,205.1,0.68,3.15,152.54,22.2775
CAR110,37.25,0,25.7,1838.0,25.1,0,2,Rural,323.9,0.75,3.98,94.7,10.383
CAR066,4.25,20,53.1,2102.0,20.8,1,0,City,171.0,0.4,1.19,63.52,4.0375
CAR127,30.09,0,35.5,1238.0,33.6,1,0,City,328.8,0.59,2.17,69.56,7.262
CAR169,2.97,20,50.1,1602.0,35.6,0,1,City,169.8,0.3,1.12,55.64,2.8215
CAR083,41.0,85,31.5,2774.0,44.1,1,0,City,163.4,0.15,3.05,89.07,32.145
CAR074,32.57,20,52.7,1426.0,28.6,0,1,Highway,,0.56,0.42,20.12,2.847
CAR135,19.89,20,52.1,3305.0,22.2,0,2,Highway,288.5,0.28,2.23,114.54,18.492
CAR115,30.57,85,27.1,1713.0,30.3,0,1,Rural,153.2,0.52,3.93,108.72,29.0415
CAR008,5.56,10,19.3,896.0,22.6,1,1,City,346.9,0.27,4.45,74.91,5.281999999999999
CAR145,37.8,10,5.0,1967.0,13.7,0,0,Rural,190.4,0.64,0.23,0.99,0.124
CAR072,30.48,10,97.6,,14.0,0,0,Rural,,0.78,1.91,164.45,17.906
CAR058,41.61,10,65.2,1899.0,11.2,1,2,Highway,430.1,0.78,2.81,181.26,28.15
CAR122,41.31,20,27.8,2204.0,24.6,1,2,Highway,374.2,0.52,2.45,59.1,9.433
CAR122,40.89,20,56.2,2207.0,35.5,0,0,Highway,404.1,0.74,3.59,185.27,27.768
CAR153,39.35,20,31.8,2910.0,27.6,1,2,Highway,137.8,0.1,4.45,128.22,19.858
CAR105,2.61,20,47.1,2527.0,35.4,1,2,City,407.7,0.67,4.23,191.32,2.4795
CAR112,16.43,10,71.8,1697.0,31.3,0,2,Rural,99.1,0.22,4.2,262.15,15.6085
CAR004,13.46,20,36.4,2588.0,39.9,1,0,city,139.3,0.23,3.96,150.37,12.787
CAR038,42.85,20,,,27.8,0,1,Rural,264.0,0.66,2.07,103.58,15.085
CAR194,9.36,20,76.6,2174.0,36.3,1,2,Highway,152.6,0.11,4.29,333.24,8.892
CAR001,3.15,0,55.1,2725.0,23.7,0,1,City,331.9,0.28,0.53,28.14,2.535
CAR060,2.15,10,40.7,1408.0,24.8,1,0,Highway,139.1,0.51,1.51,54.64,2.0425
CAR106,35.49,20,37.3,2461.0,24.8,0,2,Highway,,0.46,2.07,75.83,12.134
CAR041,7.15,20,40.3,2336.0,30.1,1,1,Highway,112.1,0.88,2.9,110.46,6.7925
CAR138,18.99,85,43.2,3031.0,21.1,0,2,City,404.5,0.59,1.62,62.55,18.040499999999998
CAR158,20.91,10,17.1,700.0,35.6,0,1,,415.0,0.62,1.8,29.76,3.624
CAR082,29.7,20,,1732.0,31.7,0,2,Rural,359.8,0.44,3.88,226.86,28.214999999999996
CAR069,32.73,10,44.8,2533.0,28.2,0,0,City,391.6,0.18,0.91,40.3,4.636
CAR100,3.0,10,73.6,1152.0,36.4,0,1,City,243.3,0.31,3.73,256.22,2.8499999999999996
CAR157,21.72,20,51.7,1315.0,38.3,0,2,City,299.5,0.49,1.22,56.3,9.859
CAR082,14.5,10,41.9,3246.0,24.3,1,0,Highway,309.1,0.09,2.94,128.04,13.013
CAR112,3.53,10,38.3,2071.0,26.5,1,1,Highway,82.8,0.49,4.22,153.85,3.3534999999999995
CAR169,23.71,20,52.8,1366.0,33.0,0,1,City,327.5,0.78,1.02,46.17,7.234
CAR110,30.47,10,36.2,1909.0,35.7,0,2,Highway,365.5,0.13,1.21,44.4,5.181
CAR156,14.14,10,,1092.0,34.5,0,1,City,241.6,0.09,0.84,45.71,4.733
CAR072,25.51,20,60.1,3133.0,27.3,0,2,City,92.0,0.54,1.52,79.83,14.146
CAR012,5.07,20,33.1,2288.0,24.5,1,1,City,229.0,0.54,3.93,120.13,4.8165000000000004
CAR148,19.09,20,55.8,1672.0,25.7,1,1,City,382.2,0.28,3.86,216.12,18.1355
CAR084,13.96,20,5.0,1973.0,45.6,1,1,City,225.4,0.08,2.63,12.19,2.133
CAR156,18.98,20,31.4,2951.0,16.0,1,2,Highway,118.1,0.27,3.91,108.45,17.496
CAR055,17.35,10,64.2,2506.0,37.0,1,2,Highway,316.0,0.64,1.88,104.53,14.573
CAR075,4.22,20,54.8,3399.0,33.8,1,0,Rural,165.9,0.51,4.03,227.28,4.0089999999999995
CAR109,13.29,20,38.0,2021.0,33.8,1,1,Rural,177.9,0.9,1.21,47.46,8.154
CAR128,36.96,20,57.0,2932.0,33.1,0,2,Highway,151.6,0.74,4.26,206.83,31.13
CAR057,3.2,20,39.5,1250.0,32.6,0,1,City,93.0,0.18,1.03,40.29,3.04
CAR184,42.79,20,56.9,2688.0,33.6,1,1,,331.6,0.8,2.21,115.89,19.395
CAR115,4.64,20,51.4,2478.0,26.9,0,1,,169.2,0.2,2.39,118.1,4.4079999999999995
CAR026,30.74,20,86.1,1734.0,29.3,1,0,City,193.8,0.51,1.28,112.3,17.174
CAR108,18.52,0,46.3,2033.0,48.0,0,2,Highway,320.6,0.53,1.06,44.03,5.425
CAR153,32.17,20,43.1,2384.0,33.2,0,2,City,167.4,0.76,2.76,101.22,18.494
CAR022,34.27,10,37.7,1961.0,40.7,0,2,City,237.3,0.87,1.78,69.78,11.816
CAR148,23.23,10,87.5,2289.0,32.6,1,1,city,159.1,0.63,2.49,221.77,22.0685
CAR081,42.09,20,35.2,2501.0,30.2,0,0,City,161.4,0.62,0.86,31.61,4.748
CAR106,29.84,10,28.4,2182.0,29.2,0,1,City,,0.3,4.15,100.53,12.174
CAR009,19.63,0,70.9,2612.0,39.8,1,0,Rural,154.3,0.85,4.2,281.23,18.6485
CAR073,15.87,10,5.0,1646.0,13.0,1,2,City,421.2,0.85,3.5,15.21,2.579
CAR156,15.18,20,62.7,3051.0,36.6,0,1,City,173.8,0.59,0.99,62.39,10.546
CAR200,9.63,10,47.3,2488.0,34.0,0,1,Highway,88.5,0.68,3.67,176.9,9.1485
CAR030,17.49,20,23.5,1726.0,29.0,1,0,Highway,173.4,0.85,2.91,65.22,9.887
CAR047,9.72,10,51.5,1748.0,23.6,0,0,Rural,431.2,0.25,2.43,125.04,9.234
CAR004,31.35,20,60.6,2599.0,30.3,1,2,City,404.9,0.73,2.82,155.16,29.429
CAR113,42.81,20,81.7,1402.0,,1,2,City,76.9,0.57,1.3,95.64,17.396
CAR194,27.69,85,53.3,1702.0,18.4,1,0,highway,238.5,0.16,3.31,173.38,26.3055
CAR029,37.37,0,55.6,2261.0,11.4,1,1,Rural,228.2,0.19,1.71,95.01,8.693
CAR088,8.99,10,101.8,2196.0,15.3,0,2,Rural,217.2,0.1,4.16,405.24,8.5405
CAR070,30.56,20,43.3,,28.0,1,1,Rural,308.4,0.51,1.4,58.51,9.145
CAR024,14.34,10,55.1,1843.0,35.8,0,2,Highway,232.1,0.46,2.78,152.28,13.623
CAR169,31.81,0,12.7,2558.0,32.4,0,2,City,197.0,0.57,2.1,25.64,3.14
CAR133,21.44,10,67.5,2186.0,13.7,0,2,City,299.9,0.13,1.76,120.93,16.879
CAR019,7.25,20,68.1,3481.0,,1,1,Highway,110.3,0.66,1.99,141.05,6.887499999999999
CAR009,21.96,20,24.2,1216.0,33.0,1,0,City,148.9,0.12,1.95,42.32,4.953
CAR048,15.01,10,50.1,3225.0,,1,2,Highway,169.9,0.86,2.93,148.45,14.2595
CAR025,26.24,0,57.2,4573.013489028054,33.2,1,2,City,197.8,0.17,1.76,101.53,11.276
CAR154,34.24,20,29.9,2753.0,21.5,0,0,Rural,322.8,0.36,0.32,8.24,1.122
CAR133,5.35,20,205.0818095360818,2425.0,36.5,1,0,,434.3,0.67,3.87,157.03,5.0825
CAR144,8.5,20,31.5,2221.0,27.9,1,2,,264.2,0.39,2.44,70.39,8.075
CAR153,33.24,20,57.6,2748.0,33.0,0,0,,131.6,0.52,1.23,70.1,10.121
CAR186,4.77,10,95.3,2341.0,34.9,1,1,City,417.8,0.08,0.83,76.87,4.531499999999999
CAR173,22.7,10,19.0,1113.0,26.1,0,0,Highway,390.8,0.1,0.82,13.83,1.109
CAR188,3.6,20,37.6,1635.0,25.1,1,1,Rural,410.8,0.46,3.92,148.84,3.42
CAR073,20.52,20,50.0,2996.0,29.9,1,1,City,315.7,0.64,2.5,112.95,19.494
CAR096,13.55,10,80.7,3213.0,10.6,0,1,City,258.6,0.34,2.43,187.16,12.8725
CAR133,28.43,20,25.4,2200.0,40.3,0,1,City,89.7,0.28,2.42,55.86,9.228
CAR074,44.18,0,27.7,1480.0,31.1,0,1,Rural,193.3,0.06,0.33,8.66,0.659
CAR093,18.75,0,28.9,1768.0,35.4,1,0,City,,0.68,2.59,71.62,6.265
CAR147,42.04,20,63.5,948.0,27.6,0,2,Highway,,0.46,4.43,265.21,38.275
CAR186,37.04,10,50.2,1719.0,30.6,0,0,Rural,171.9,0.59,1.43,61.04,5.98
CAR106,10.92,20,62.7,1950.0,26.3,1,1,City,374.9,0.79,0.85,46.63,8.382
CAR134,27.54,10,71.4,1605.0,20.4,1,1,City,206.8,0.68,2.06,130.02,17.051
CAR158,24.73,20,57.4,2579.0,30.7,1,2,Rural,271.5,0.1,2.57,133.21,20.515
CAR108,31.72,10,42.4,2067.0,21.3,0,1,Rural,430.9,0.65,3.48,144.3,17.846
CAR101,33.23,85,8.9,944.0,16.8,1,1,Highway,277.2,0.85,4.41,40.46,13.221
CAR046,17.04,20,44.1,2286.0,11.1,0,2,City,434.1,0.34,4.05,165.03,16.188
CAR179,16.45,10,39.8,3501.0,30.2,1,2,Rural,276.4,0.37,3.77,150.64,15.627499999999998
CAR194,21.42,0,57.7,3470.0,32.4,1,2,,419.4,0.78,1.23,70.17,10.702
CAR198,5.77,10,49.0,2069.0,23.5,1,2,Rural,237.1,0.06,1.19,57.76,5.4815
CAR054,31.25,85,64.5,1248.0,21.9,0,0,Rural,259.7,0.78,3.22,188.68,29.6875
CAR062,26.99,10,95.1,2738.0,30.8,1,1,Highway,388.4,0.83,4.24,421.55,25.640499999999996
CAR001,22.21,10,,2322.0,22.1,0,1,City,375.3,0.21,0.88,57.3,7.746
CAR100,33.09,20,35.1,2552.0,22.3,1,1,City,312.6,0.51,0.21,7.44,1.325
CAR019,29.14,10,37.8,2376.0,28.5,0,2,City,84.8,0.16,1.55,50.11,6.572
CAR127,8.2,10,41.5,2820.0,29.7,0,1,City,121.1,0.26,4.3,158.34,7.789999999999999
CAR143,8.58,20,38.7,2414.0,18.9,1,2,,213.4,0.23,2.89,110.37,8.151
CAR100,24.19,20,32.3,2100.0,30.3,1,0,Rural,247.2,0.77,1.67,49.32,7.929
CAR031,30.94,20,46.6,3162.0,24.4,0,1,Highway,212.4,0.86,2.45,98.54,15.682
CAR127,17.7,85,52.0,,38.1,0,2,City,416.0,0.56,3.34,159.39,16.814999999999998
CAR121,21.08,10,60.5,1455.0,27.2,1,0,City,335.5,0.85,0.27,16.19,2.123
CAR092,7.18,20,71.4,2387.0,39.6,0,1,City,291.7,0.9,0.91,56.46,6.821
CAR022,20.24,10,80.3,2014.0,20.8,0,1,Rural,229.9,0.86,1.27,100.18,11.626
CAR148,33.17,20,74.5,2315.0,29.6,1,0,City,299.2,0.18,0.61,42.09,6.815
CAR022,22.81,10,59.5,1767.0,32.5,1,1,City,84.0,0.79,1.94,100.97,15.534
CAR040,16.34,20,38.4,2149.0,15.5,1,2,Highway,128.9,0.53,1.64,63.16,10.372
CAR189,18.11,20,42.7,2407.0,29.7,0,2,Rural,219.9,0.85,2.67,117.21,17.2045
CAR069,13.48,85,60.7,2637.0,29.7,0,1,City,393.1,0.8,2.04,122.98,12.806
CAR101,17.15,0,82.8,1697.0,15.6,1,1,Highway,360.0,0.11,3.16,225.16,16.292499999999997
CAR043,43.95,10,47.7,2711.0,23.9,1,2,Rural,224.8,0.85,4.01,187.17,28.141
CAR164,29.54,20,66.6,2113.0,15.9,0,2,City,268.1,0.09,1.94,133.95,21.589
CAR051,41.45,20,32.0,2404.0,33.0,0,1,Highway,237.3,0.62,1.08,35.04,5.13
CAR032,10.27,10,15.9,1308.0,31.6,1,0,Rural,357.7,0.47,3.04,42.2,4.493
CAR063,14.4,20,91.1,1933.0,27.5,1,2,Rural,366.9,0.06,3.74,345.04,13.68
CAR164,17.11,20,42.6,,27.4,1,1,Rural,305.1,0.19,0.95,41.87,6.703
CAR064,6.08,10,49.9,2171.0,27.9,1,1,City,118.4,0.46,3.0,137.98,5.776
CAR104,25.32,10,77.1,1371.0,25.3,1,1,Highway,197.2,0.48,3.16,213.05,24.054
CAR120,29.0,20,17.8,1402.0,35.6,1,2,City,363.2,0.7,2.11,33.31,6.37
CAR115,17.63,10,44.0,,15.6,1,0,Highway,251.8,0.1,1.02,44.56,4.235
CAR138,43.49,0,26.3,2754.0,44.6,0,1,City,338.6,0.36,3.74,85.15,10.53
CAR131,27.91,20,310.6454620637248,2198.0,48.0,0,1,Rural,177.3,0.33,1.79,114.5,18.854
CAR161,31.27,20,53.2,2605.0,26.9,0,0,Highway,356.2,0.5,1.92,94.63,13.153
CAR178,38.84,20,42.2,1614.0,25.2,0,0,City,152.8,0.35,4.41,193.62,28.291
CAR160,19.51,85,63.1,2423.0,48.0,1,1,Highway,320.5,0.88,1.16,64.92,18.5345
CAR109,7.16,20,61.9,2255.0,31.0,1,1,Highway,433.4,0.69,4.29,226.27,6.802
CAR022,27.58,10,47.3,2724.0,28.0,1,0,City,,0.8,4.11,172.08,22.908
CAR022,4.89,20,26.0,1883.0,23.8,0,1,Highway,131.3,0.8,3.42,84.34,4.645499999999999
CAR067,33.7,10,15.4,1495.0,24.0,1,1,City,248.0,0.43,3.88,62.55,7.994
CAR150,39.12,20,45.7,1601.0,24.3,1,0,Rural,86.8,0.54,2.36,99.47,13.658
CAR023,44.21,10,75.0,2595.0,35.0,1,1,City,131.8,0.49,3.0,192.91,28.787
CAR125,20.95,20,57.4,2662.0,23.8,0,2,Rural,313.4,0.54,4.13,248.51,19.9025
CAR069,13.01,20,22.1,2390.0,,1,1,Highway,429.2,0.2,4.44,88.05,12.359499999999999
CAR090,14.57,85,5.0,700.0,44.9,1,1,Highway,410.9,0.5,2.7,11.78,4.083
CAR089,23.79,0,54.1,2320.0,26.7,0,1,Rural,398.0,0.12,1.3,60.66,5.448
CAR016,21.6,20,35.1,2336.0,24.6,1,2,Highway,279.7,0.65,0.64,20.43,3.164
CAR007,33.4,20,36.9,2070.0,29.7,1,1,Highway,283.1,0.79,2.05,68.19,10.949
CAR032,26.59,20,62.9,,24.1,1,1,Highway,320.7,0.82,1.07,62.37,9.657
CAR194,18.64,10,24.9,2509.0,26.7,1,2,Highway,401.5,0.68,1.48,31.77,4.588
CAR113,22.02,20,34.2,2659.0,38.0,1,0,City,151.3,0.26,0.51,15.01,2.284
CAR157,30.67,20,77.3,1409.0,17.4,1,1,City,329.7,0.62,0.25,20.17,3.343
CAR043,26.32,20,79.2,2028.0,32.8,1,1,City,207.0,0.26,2.81,217.23,25.003999999999998
CAR040,4.62,0,36.5,1906.0,31.1,1,0,Rural,307.0,0.07,4.19,134.26,4.389
CAR073,17.97,10,55.6,2979.0,35.9,0,1,,136.0,0.85,3.61,195.44,17.071499999999997
CAR038,32.99,20,42.6,2393.0,36.6,1,1,Highway,442.4,0.8,3.21,128.59,21.657
CAR134,21.98,10,58.4,2023.0,29.9,1,1,City,280.5,0.39,1.02,54.16,7.539
CAR120,39.35,20,63.1,1982.0,35.0,0,0,Rural,444.0,0.34,1.06,66.75,9.664
CAR120,40.89,10,74.7,1734.0,18.8,1,1,City,159.6,0.71,2.74,177.61,26.103
CAR104,3.24,20,67.9,2303.0,33.3,0,1,City,313.8,0.61,2.16,128.31,3.078
CAR112,8.79,10,44.3,798.0,28.7,0,2,City,382.5,0.23,3.07,139.85,8.350499999999998
CAR106,38.28,10,39.0,2600.0,22.9,1,2,Highway,225.1,0.28,0.95,38.63,4.61
CAR187,30.68,20,44.5,2603.0,37.5,1,0,City,97.8,0.26,3.2,131.35,20.39
CAR070,22.18,10,23.0,2786.0,32.0,0,1,Rural,110.2,0.85,2.12,51.15,7.08
CAR047,26.2,10,60.2,2435.0,,1,1,Rural,122.5,0.39,2.24,135.01,18.275
CAR058,16.78,10,,805.0,38.7,1,1,Highway,318.1,0.23,1.51,50.6,5.222
CAR159,26.76,10,5.0,2411.0,22.4,0,1,Highway,275.0,0.12,2.37,11.17,1.186
CAR199,7.07,20,53.4,1937.0,20.0,0,2,City,386.2,0.46,4.27,207.29,6.7165
CAR135,29.71,20,43.0,3256.0,33.7,1,1,City,269.1,0.8,0.98,39.39,7.35
CAR146,33.56,10,5.0,1547.0,24.1,0,2,City,194.3,0.68,4.2,20.43,2.709
CAR039,25.79,20,45.2,2813.0,48.0,1,1,City,382.9,0.61,1.75,83.05,17.025
CAR057,13.41,0,45.8,1689.0,34.9,1,0,Highway,337.9,0.79,4.37,174.99,12.7395
CAR018,7.44,0,73.4,3210.0,32.4,0,1,Highway,409.3,0.51,1.54,102.75,7.068
CAR012,42.43,85,33.6,2830.0,28.2,0,0,City,120.2,0.64,0.37,12.34,4.103
CAR172,20.33,20,75.3,2505.0,29.0,1,1,Highway,,0.9,1.89,143.58,19.313499999999998
CAR053,6.64,20,40.2,2666.0,12.4,1,0,Rural,398.6,0.4,2.5,99.51,6.308
CAR108,19.0,20,44.5,2253.0,,1,1,City,441.2,0.8,1.96,76.57,14.773
CAR177,16.75,0,28.8,2570.0,18.8,1,1,Rural,316.0,0.16,1.88,53.34,5.362
CAR022,32.34,20,75.2,1308.0,31.2,0,0,City,443.3,0.11,3.78,275.11,30.723000000000003
CAR188,4.95,20,76.2,1956.0,34.2,0,2,City,205.6,0.76,2.26,166.5,4.7025
CAR105,34.74,20,44.5,1629.0,24.1,0,2,City,88.4,0.23,0.45,20.69,3.262
CAR008,39.62,0,57.5,3315.0,12.1,1,0,City,128.2,0.53,3.51,193.82,18.161
CAR170,44.55,20,49.3,2438.0,39.6,1,1,City,390.6,0.18,0.71,30.88,5.491
CAR082,31.49,85,61.3,2186.0,31.0,0,2,City,229.1,0.28,4.04,251.18,29.915499999999998
CAR148,29.53,20,42.9,1332.0,20.5,0,2,City,292.5,0.76,0.31,11.89,2.04
CAR148,34.76,0,66.7,1890.0,26.4,0,1,Highway,223.9,0.36,3.73,259.33,19.85
CAR026,17.05,10,75.3,2831.0,22.9,1,1,City,429.1,0.88,0.47,35.37,5.855
CAR073,2.77,20,10.6,1292.0,22.3,1,0,City,186.6,0.15,4.06,40.35,2.6315
CAR003,12.4,20,69.7,2919.0,29.9,0,2,City,255.4,0.42,2.13,135.02,11.78
CAR183,16.78,10,,1539.0,39.0,1,0,Highway,251.4,0.17,1.05,23.29,2.224
CAR094,18.68,20,83.8,2157.0,29.8,1,1,Rural,406.3,0.5,1.59,119.6,17.746
CAR108,7.51,0,74.8,3024.0,33.0,1,1,City,118.5,0.82,2.13,149.83,7.134499999999999
CAR192,37.0,20,39.4,2038.0,24.8,1,1,City,360.4,0.31,4.35,170.11,27.628
CAR017,7.18,20,60.6,2586.0,32.6,1,2,City,335.7,0.26,1.1,56.67,6.821
CAR080,4.22,20,67.5,2505.0,24.0,1,0,City,106.9,0.88,2.23,131.52,4.0089999999999995
CAR101,30.63,20,62.6,2483.0,27.1,0,2,City,403.0,0.07,0.78,45.72,7.721
CAR073,43.58,20,44.4,2641.0,23.7,0,0,City,137.8,0.7,2.65,123.14,17.912
CAR166,8.6,20,54.2,2475.0,31.7,1,0,city,346.5,0.81,0.69,36.33,5.726
CAR054,36.4,85,84.4,,25.3,1,1,City,218.5,0.15,0.72,62.73,21.315
CAR176,25.8,20,41.0,2438.0,16.8,1,1,City,234.0,0.48,4.18,178.84,24.509999999999998
CAR137,4.57,20,104.7,,21.7,1,0,Highway,287.7,0.52,3.96,371.28,4.3415
CAR129,44.57,10,37.9,1853.0,27.1,0,1,,349.7,0.62,3.51,116.3,15.675
CAR100,6.23,10,44.4,2603.0,18.9,0,0,City,165.7,0.83,3.32,153.96,5.9185
CAR135,44.22,0,65.8,2599.0,37.5,0,1,Highway,136.1,0.13,2.81,168.88,13.273
CAR174,22.73,20,45.4,2774.0,41.5,1,0,City,288.2,0.72,3.3,131.15,21.5935
CAR132,13.04,10,51.0,,20.4,0,1,Rural,114.8,0.12,2.67,132.04,12.387999999999998
CAR055,25.31,10,51.3,2403.0,17.5,1,2,City,439.9,0.3,3.5,179.33,24.0445
CAR057,38.53,85,57.8,1652.0,29.5,1,1,Highway,346.7,0.34,2.61,146.35,36.6035
CAR089,21.02,10,49.3,2031.0,40.2,0,2,,115.5,0.88,3.43,171.59,19.968999999999998
CAR105,42.18,20,56.9,2625.0,29.9,1,0,Highway,373.2,0.34,2.87,167.94,21.456
CAR088,11.96,20,55.3,2283.0,16.8,0,0,Rural,418.6,0.49,1.77,87.51,11.362
CAR186,14.21,20,70.1,,25.6,0,2,Rural,354.9,0.3,2.03,128.68,13.4995
CAR152,32.23,20,67.9,2604.0,,1,1,City,343.0,0.23,1.77,117.66,19.35
CAR129,28.32,0,40.6,2351.0,16.0,1,0,City,205.1,0.4,3.7,157.5,14.723
CAR025,25.12,0,42.0,2177.0,18.3,0,1,Highway,211.3,0.61,3.4,125.92,11.398
CAR192,38.26,20,,1972.0,31.2,1,1,Rural,132.1,0.85,0.48,16.89,2.721
CAR119,30.62,85,31.6,2553.0,23.6,1,1,City,200.4,0.25,2.22,69.29,23.198
CAR005,15.13,0,31.9,2185.0,8.1,1,2,Rural,208.3,0.59,1.59,43.75,4.851
CAR127,29.67,0,38.0,1224.0,40.3,0,1,City,75.9,0.36,0.68,24.35,2.474
CAR062,40.73,20,43.2,2373.0,35.5,0,0,City,217.0,0.64,1.84,79.78,12.768
CAR068,2.95,20,66.3,1572.0,19.1,1,2,City,115.6,0.16,4.16,265.37,2.8025
CAR169,34.81,0,38.3,2394.0,31.9,1,0,City,420.5,0.79,2.67,99.73,11.229
CAR175,29.42,20,41.3,3084.0,12.7,1,2,Highway,112.4,0.47,4.01,166.76,27.507
CAR064,6.45,20,40.2,2368.0,33.9,1,2,City,97.1,0.8,2.5,94.82,6.1274999999999995
CAR145,33.8,20,66.7,1933.0,33.9,0,2,City,120.2,0.8,1.58,99.19,17.288
CAR011,22.96,10,37.0,3034.0,19.9,1,0,,322.5,0.12,4.06,156.43,16.369
CAR109,41.87,0,30.9,1195.0,44.3,1,2,Rural,431.6,0.41,4.09,123.48,15.572
CAR053,16.41,10,35.0,2438.0,38.5,1,2,Highway,148.0,0.22,3.48,117.1,13.887
CAR108,25.63,0,33.8,1620.0,37.3,1,0,highway,447.8,0.82,0.47,13.58,1.244
CAR150,26.38,0,60.4,2653.0,22.5,0,2,Highway,371.1,0.2,2.06,116.65,10.918
CAR015,34.29,20,66.1,1425.0,23.0,1,0,City,356.5,0.59,3.44,224.54,32.5755
CAR144,12.65,0,25.3,1784.0,35.1,0,1,Highway,235.7,0.87,1.32,33.55,3.103
CAR111,40.35,10,19.8,2543.0,29.6,1,2,Rural,367.8,0.89,4.26,74.18,11.738
CAR084,23.78,20,55.5,3187.0,29.6,1,2,Highway,435.2,0.12,0.62,35.13,5.585
CAR156,17.5,85,57.4,1908.0,21.5,1,0,City,277.6,0.63,1.7,85.51,16.625
CAR090,30.77,85,20.5,2887.0,29.8,1,0,City,375.1,0.74,1.23,23.64,8.091
CAR142,35.73,0,235.30928713210292,1887.0,42.0,1,1,City,427.6,0.11,0.61,29.75,3.223
CAR107,37.93,10,59.6,8012.749638715822,29.7,1,0,Rural,,0.48,4.45,262.46,29.817
CAR072,42.78,85,36.0,2291.0,24.1,1,1,Highway,154.9,0.06,3.24,104.77,33.694
CAR164,5.48,10,52.7,2718.0,43.0,0,0,City,157.7,0.11,2.97,162.41,5.206
CAR147,34.32,20,70.8,1454.0,23.7,0,1,City,,0.4,0.96,67.62,10.164
CAR006,11.39,20,47.0,4115.0,39.2,1,2,City,300.4,0.84,3.32,134.58,10.820500000000001
CAR131,25.3,10,61.5,1356.0,21.7,0,1,,254.3,0.06,0.56,30.23,2.85
CAR166,20.61,0,19.4,1405.0,38.7,1,1,Rural,,0.74,2.47,41.42,4.443
CAR183,12.3,20,22.7,1850.0,20.7,1,1,City,204.9,0.38,0.77,16.68,2.69
CAR090,35.99,20,48.6,2470.0,31.4,1,0,City,403.2,0.63,2.29,101.03,17.297
CAR040,43.33,10,88.1,2083.0,26.7,1,2,City,449.3,0.33,3.5,313.38,41.1635
CAR196,9.48,20,80.1,6931.347670542521,30.3,1,2,City,353.7,0.61,0.58,44.97,7.671
CAR123,39.83,0,78.4,2097.0,34.1,0,0,City,274.7,0.32,2.32,171.74,13.497
CAR151,12.03,10,48.9,1811.0,22.6,0,0,City,340.7,0.44,1.12,47.94,5.235
CAR134,23.93,85,62.7,1549.0,37.1,0,2,,298.6,0.22,2.36,137.02,22.7335
CAR113,13.67,10,89.2,3146.0,20.2,0,2,Highway,153.4,0.09,2.11,166.46,12.9865
CAR104,16.47,85,58.9,2046.0,17.6,0,0,Highway,157.8,0.85,1.83,94.36,15.646499999999998
CAR107,41.72,20,33.9,2316.0,32.3,0,1,City,275.5,0.23,3.9,115.21,17.955
CAR025,10.57,20,76.1,1618.0,25.5,0,2,City,85.5,0.25,0.68,53.32,8.361
CAR016,23.86,10,45.5,2012.0,24.2,0,0,City,248.7,0.8,3.85,166.59,19.22
CAR071,17.83,0,66.4,2313.0,27.3,1,2,City,154.7,0.74,2.58,156.9,16.938499999999998
CAR135,8.54,10,69.6,1776.0,20.1,0,0,Highway,122.0,0.08,2.15,156.36,8.113
CAR106,12.02,20,64.1,2830.0,42.1,0,1,City,184.3,0.54,3.98,246.65,11.418999999999999
CAR055,18.01,20,72.8,2755.0,27.6,0,0,Highway,226.5,0.52,3.14,221.91,17.1095
CAR059,26.78,85,51.1,2443.0,5.0,1,2,Rural,211.1,0.5,0.54,23.63,8.551
CAR075,33.17,0,60.0,3086.0,26.4,1,1,City,,0.33,3.26,184.15,18.676
CAR018,33.8,10,31.5,2250.0,22.9,1,2,City,394.1,0.19,3.95,129.92,18.818
CAR062,38.04,20,41.6,1691.0,36.5,1,2,rural,91.9,0.24,4.43,184.47,30.501
CAR086,19.66,20,52.8,2016.0,43.0,0,0,,257.0,0.22,0.74,36.69,4.823
CAR182,22.62,10,45.4,,8.2,1,2,Highway,228.2,0.2,0.77,33.09,4.173
CAR062,33.83,10,27.1,1991.0,16.0,1,2,Highway,371.6,0.4,1.55,39.65,5.448
CAR171,32.71,0,37.0,2008.0,22.1,1,1,Rural,199.4,0.13,1.09,40.91,3.444
CAR041,34.64,85,59.3,3425.0,36.2,1,1,Rural,227.3,0.16,0.64,36.98,12.209
CAR058,3.51,20,68.6,2820.0,,0,0,Highway,194.8,0.13,3.56,219.07,3.3345
CAR054,44.34,10,69.8,1818.0,34.8,0,2,City,142.0,0.18,1.37,91.77,11.6
CAR064,34.8,0,50.9,2341.0,30.5,1,1,Rural,230.7,0.45,4.47,225.78,22.164
CAR107,33.58,20,44.3,1870.0,39.4,0,2,City,74.9,0.18,2.95,133.64,23.163
CAR060,35.68,20,13.6,2532.0,37.8,1,0,City,318.5,0.84,0.34,4.03,0.673
CAR015,25.8,10,44.7,2433.0,36.0,1,1,City,355.3,0.52,4.43,171.65,24.509999999999998
CAR039,42.46,0,58.0,2485.0,34.9,0,1,City,136.5,0.34,1.71,97.89,9.152
CAR095,19.51,10,51.7,2234.0,25.7,0,1,,204.0,0.84,2.86,151.56,18.5345
CAR098,18.56,10,85.0,2428.0,35.6,1,2,Highway,98.1,0.87,0.78,65.73,9.29
CAR172,40.6,20,54.0,1799.0,26.2,1,1,Highway,254.9,0.17,0.91,42.06,5.716
CAR149,11.97,85,64.3,2308.0,39.3,0,2,,383.8,0.47,2.25,143.74,11.3715
CAR181,44.79,20,63.8,2380.0,14.8,0,1,City,221.9,0.45,0.55,31.97,5.03
CAR007,10.81,20,86.0,1869.0,19.0,1,1,City,79.3,0.41,2.53,192.83,10.2695
CAR025,9.27,10,80.3,2238.0,37.6,0,0,Highway,289.8,0.35,1.5,105.07,8.8065
CAR158,40.92,0,45.7,2412.0,36.7,0,2,City,357.1,0.22,2.35,110.78,12.569
CAR165,27.54,20,43.3,2342.0,22.0,0,2,City,152.8,0.29,1.0,42.47,7.155
CAR111,29.91,10,45.4,2209.0,26.6,0,2,City,324.2,0.6,0.51,22.12,3.137
CAR059,18.26,85,27.1,3339.0,36.1,1,0,Highway,282.7,0.47,1.97,45.89,15.0
CAR111,35.37,85,53.2,1918.0,26.4,1,1,Rural,336.5,0.79,4.28,209.81,33.601499999999994
CAR069,9.46,85,58.2,2011.0,39.5,1,0,Rural,171.2,0.55,2.72,153.05,8.987
CAR022,8.08,10,63.5,2331.0,42.5,1,0,Highway,128.6,0.13,2.63,174.66,7.675999999999999
CAR178,29.48,10,37.4,2548.0,,1,1,Rural,95.1,0.62,1.63,57.65,7.522
CAR135,4.08,10,21.5,1118.0,20.2,0,1,,250.3,0.22,2.2,47.32,3.876
CAR163,32.13,10,57.8,2068.0,25.8,1,0,City,,0.59,2.11,105.53,12.702
CAR154,40.37,20,87.1,2750.0,24.5,1,1,City,392.3,0.76,4.33,372.86,38.351499999999994
CAR197,15.82,0,54.1,1982.0,22.4,1,2,,219.8,0.78,2.81,134.51,15.029
CAR002,14.28,20,54.2,2957.0,26.6,0,2,Rural,101.3,0.64,0.66,34.13,5.453
CAR066,24.52,20,61.3,2278.0,25.1,1,0,City,423.0,0.82,2.25,134.46,23.293999999999997
CAR092,33.8,10,63.1,2186.0,28.6,1,1,City,76.4,0.43,1.93,114.95,15.03
CAR120,29.56,20,32.0,1705.0,31.8,1,2,City,368.6,0.49,0.24,7.63,1.425
CAR087,34.11,20,16.1,2015.0,41.6,0,1,City,121.8,0.6,1.04,16.83,2.804
CAR094,33.71,20,39.0,2153.0,32.5,0,2,Highway,363.5,0.36,2.8,93.34,14.281
CAR070,20.67,10,78.6,2110.0,29.0,1,2,Highway,122.8,0.55,2.59,201.92,19.6365
CAR029,28.45,0,50.4,2649.0,22.3,0,1,City,434.8,0.9,0.42,20.64,2.348
CAR139,28.45,10,45.9,3037.0,32.6,1,2,City,328.0,0.55,1.55,72.78,12.19
CAR144,23.44,85,68.6,3171.0,32.8,0,1,Highway,162.1,0.25,4.44,276.77,22.268
CAR134,23.66,20,37.5,1101.0,29.4,1,2,,183.4,0.57,3.32,112.24,18.847
CAR087,22.51,20,34.8,2980.0,38.8,1,1,Highway,238.1,0.88,1.07,35.43,6.526
CAR042,14.57,10,74.2,1179.0,26.4,1,1,City,264.2,0.07,3.12,236.63,13.8415
CAR128,16.56,0,86.9,2420.0,26.7,0,2,City,74.5,0.83,1.7,138.27,15.731999999999998
CAR080,12.82,20,8.4,2315.0,22.9,0,1,Rural,204.4,0.24,1.71,13.6,1.898
CAR087,33.1,20,66.9,2957.0,40.7,0,0,City,136.5,0.82,1.44,100.48,16.81
CAR129,18.62,10,57.0,1529.0,19.1,1,0,City,291.4,0.51,3.45,172.56,17.689
CAR194,39.3,20,56.0,1763.0,26.2,1,2,Highway,238.3,0.28,1.14,55.59,8.603
CAR031,38.31,0,51.8,2294.0,28.6,0,2,City,93.5,0.77,2.63,128.67,15.501
CAR045,38.45,20,29.5,3311.0,27.8,0,1,Rural,114.9,0.52,2.81,78.22,11.457
CAR098,28.88,10,83.7,,18.4,1,0,Highway,118.5,0.83,0.42,35.17,4.107
CAR088,40.82,20,39.9,1812.0,32.6,1,1,City,387.1,0.36,3.59,124.14,19.902
CAR115,4.56,0,54.4,1792.0,26.4,1,0,Highway,160.3,0.48,3.44,188.23,4.332
CAR129,43.68,10,65.0,2674.0,36.6,1,2,Highway,404.1,0.64,3.55,215.79,31.941
CAR191,33.66,20,57.6,3105.0,24.8,0,0,City,435.7,0.31,1.81,98.38,14.127
CAR116,16.14,20,53.7,1581.0,34.1,0,0,Rural,194.4,0.12,2.64,141.08,15.333
CAR083,27.39,0,70.4,1798.0,31.0,1,1,City,254.7,0.71,1.66,120.39,14.462
CAR172,30.01,20,64.7,1589.0,28.3,0,2,City,153.9,0.41,3.15,188.27,28.5095
CAR181,18.87,20,21.3,2486.0,,0,1,City,,0.33,4.48,86.78,13.844
CAR178,7.68,0,31.1,2195.0,29.0,0,1,City,112.3,0.23,0.46,12.17,1.197
CAR198,32.78,20,60.0,1850.0,30.4,0,1,City,259.4,0.53,2.18,121.84,21.129
CAR189,21.08,10,24.8,,39.8,1,1,City,118.2,0.52,2.93,74.45,11.234
CAR155,17.95,20,37.7,1756.0,27.4,1,0,Highway,339.4,0.15,0.66,22.47,2.98
CAR162,28.52,10,30.7,,29.6,1,2,City,296.3,0.55,2.86,83.4,11.953
CAR147,33.3,0,37.4,1786.0,30.8,0,2,Highway,347.4,0.46,2.6,92.32,7.928
CAR138,28.71,20,45.1,3042.0,37.1,0,0,Rural,110.5,0.29,2.91,130.71,17.836
CAR055,29.62,20,45.7,2554.0,11.6,1,0,City,131.3,0.73,1.19,46.9,7.385
CAR074,42.29,20,85.7,1086.0,24.1,1,1,Highway,92.5,0.3,0.6,53.92,7.751
CAR054,41.83,20,61.1,2464.0,31.3,0,1,Highway,205.5,0.1,2.74,173.22,23.876
CAR020,19.4,20,77.0,,22.4,1,1,Highway,255.6,0.42,3.51,282.76,18.429999999999996
CAR147,7.59,20,35.5,,47.1,0,0,Highway,349.9,0.54,0.91,33.71,5.698
CAR162,4.25,10,97.7,2309.0,19.0,0,0,Highway,100.7,0.54,2.97,290.14,4.0375
CAR072,22.78,20,47.5,2206.0,41.1,0,2,Highway,131.9,0.78,1.71,75.98,13.134
CAR097,4.8,10,66.3,2841.0,12.7,1,2,City,420.5,0.11,1.05,62.85,4.56
CAR142,39.84,20,81.2,6879.472299375537,22.8,0,1,City,229.0,0.45,2.7,215.41,31.135
CAR079,6.09,10,38.3,1858.0,45.1,0,0,City,141.0,0.1,1.56,62.41,5.7855
CAR189,6.3,0,66.3,2821.0,13.6,0,0,City,431.9,0.59,2.68,171.0,5.984999999999999
CAR038,20.26,20,84.2,2441.0,23.9,0,1,Rural,384.9,0.17,3.69,317.06,19.247
CAR146,27.49,10,41.7,2591.0,43.1,1,0,Rural,323.5,0.58,4.31,156.96,22.356
CAR117,4.85,20,27.5,1479.0,20.3,1,1,City,76.2,0.87,1.86,47.98,4.607499999999999
CAR072,16.51,10,50.9,830.0,19.8,1,1,Highway,355.3,0.06,3.04,153.31,15.584
CAR057,30.31,10,24.8,2512.0,45.5,0,2,Rural,229.5,0.43,1.06,25.7,3.902
CAR028,40.24,0,70.4,1476.0,45.5,1,2,Rural,91.1,0.45,0.84,50.66,7.04
CAR072,44.91,20,74.9,1345.0,22.6,0,1,City,164.6,0.58,3.66,272.16,42.6645
CAR118,16.04,20,63.1,,26.3,0,2,Rural,307.8,0.35,3.42,207.64,15.237999999999998
CAR157,32.25,10,45.6,2957.0,29.2,0,0,City,221.7,0.5,1.42,58.02,6.93
CAR108,30.45,10,57.1,,31.4,1,1,Rural,155.3,0.49,0.57,29.14,3.307
CAR199,41.67,20,60.3,1924.0,39.1,1,0,Rural,110.2,0.56,1.39,74.39,11.354
CAR033,39.06,20,77.3,2249.0,16.9,1,0,City,175.7,0.46,4.01,314.9,37.107
CAR040,21.54,20,36.3,1658.0,30.2,0,2,Highway,218.6,0.89,2.66,94.24,15.384
CAR101,43.68,20,89.6,2418.0,27.2,0,1,City,297.3,0.8,1.72,141.05,25.674
CAR193,20.54,20,70.8,2586.0,23.1,0,2,Rural,365.5,0.53,1.02,75.0,12.542
CAR031,24.68,20,57.2,2413.0,22.8,0,1,,294.7,0.47,3.67,179.05,23.445999999999998
CAR157,34.48,20,42.8,1778.0,17.2,0,0,Highway,261.7,0.34,4.02,154.3,17.429
CAR172,36.53,10,53.9,2864.0,21.5,1,1,Highway,85.5,0.49,0.26,13.79,1.578
CAR053,29.5,20,63.5,,23.6,0,1,City,304.8,0.31,4.09,235.22,28.025
CAR194,25.49,20,33.7,2396.0,21.6,0,1,Highway,430.8,0.63,2.2,69.29,9.621
CAR077,21.95,20,46.3,1605.0,35.2,0,1,Highway,135.5,0.37,1.18,49.21,6.438
CAR006,21.52,10,109.0,2397.0,48.0,1,0,City,342.2,0.53,2.88,316.82,20.444
CAR109,27.93,85,57.7,1665.0,28.1,1,0,City,83.0,0.73,1.42,76.08,26.5335
CAR189,36.44,0,44.1,2658.0,29.6,1,1,Highway,430.6,0.24,4.32,162.47,14.256
CAR057,14.14,20,39.5,2040.0,28.2,1,1,Highway,205.8,0.83,1.33,53.55,8.532
CAR147,7.02,10,49.5,3051.0,27.4,1,0,City,113.3,0.27,2.56,130.6,6.669
CAR161,24.51,10,65.7,2544.0,28.1,0,1,City,221.4,0.19,4.14,278.27,23.2845
CAR039,4.27,0,55.4,1934.0,18.5,1,0,Highway,,0.45,0.56,27.81,1.997
CAR072,7.38,20,57.2,1975.0,25.3,0,1,Rural,366.6,0.69,2.66,138.25,7.010999999999999
CAR082,42.78,10,18.5,2077.0,9.5,1,2,Highway,274.2,0.52,1.87,33.53,4.669
CAR009,43.16,0,72.2,1224.0,41.4,0,1,City,213.8,0.5,4.24,295.15,33.39
CAR072,27.39,20,40.1,3138.0,29.3,1,2,Highway,182.7,0.28,3.52,128.9,20.765
CAR161,14.76,20,42.8,1110.0,35.3,1,1,Highway,183.4,0.88,3.87,159.4,14.021999999999998
CAR165,8.66,20,76.4,2373.0,27.2,1,0,City,194.9,0.65,4.2,304.32,8.227
CAR040,22.16,10,49.1,2595.0,18.6,1,0,Highway,170.4,0.3,0.21,8.88,0.93
CAR070,20.87,20,38.1,2968.0,27.6,0,1,Highway,270.1,0.21,1.08,36.61,5.017
CAR111,10.18,20,74.8,2445.0,28.5,1,2,Rural,236.8,0.8,2.37,159.61,9.671
CAR074,35.16,20,51.6,3173.0,19.5,1,0,City,225.6,0.89,1.43,68.48,11.936
CAR115,17.01,85,54.0,3025.0,32.8,1,1,City,110.2,0.83,2.61,130.52,16.1595
CAR139,25.36,85,82.5,1968.0,,1,1,City,276.0,0.22,4.04,341.09,24.092
CAR038,27.79,10,5.0,2316.0,27.5,0,1,,140.3,0.31,2.05,10.1,1.069
CAR056,5.07,20,29.6,1038.0,34.9,1,1,Highway,308.7,0.79,0.7,19.16,2.6
CAR045,15.63,20,23.5,2062.0,22.6,0,2,City,379.6,0.4,1.34,32.69,5.829
CAR015,15.37,20,38.1,2636.0,22.6,1,2,Highway,,0.68,4.37,167.88,14.601499999999998
CAR131,42.0,10,5.0,1363.0,40.0,0,0,City,114.9,0.06,3.42,16.93,1.814
CAR087,12.85,20,20.7,1196.0,25.7,0,1,Highway,366.0,0.51,2.24,47.98,6.162
CAR016,22.44,10,73.0,2130.0,,0,0,Highway,402.9,0.79,3.63,261.43,21.318
CAR016,24.59,10,82.6,983.0,26.6,0,1,,108.7,0.51,0.74,60.49,6.436
CAR046,19.19,10,57.5,1939.0,,1,2,City,335.7,0.67,2.8,159.76,18.2305
CAR070,42.19,0,62.5,1574.0,23.1,1,2,Highway,355.8,0.31,3.33,203.74,18.523
CAR001,12.96,20,58.5,1700.0,33.1,1,2,Highway,354.0,0.58,2.95,151.84,12.312
CAR030,31.63,0,54.3,1669.0,31.6,1,1,Highway,305.5,0.71,4.08,198.47,18.977
CAR073,34.07,10,54.9,2126.0,25.5,1,0,City,308.6,0.48,3.45,192.19,26.416
CAR188,19.49,10,86.0,,26.7,1,0,City,329.4,0.6,1.28,98.01,12.9
CAR075,35.63,20,22.8,2188.0,34.7,1,2,City,392.4,0.55,4.03,95.06,18.373
CAR169,44.71,20,68.0,3039.0,14.1,1,1,City,276.6,0.24,0.94,58.76,9.919
CAR154,4.94,85,67.5,2530.0,34.5,0,2,,78.3,0.44,1.81,123.84,4.6930000000000005
CAR137,27.92,10,19.0,926.0,29.9,1,0,Rural,261.4,0.51,0.45,7.61,0.891
CAR150,38.94,10,41.3,3114.0,32.7,1,0,City,254.3,0.69,2.36,83.5,11.168
CAR028,31.25,20,74.6,1955.0,26.5,1,0,Rural,153.4,0.63,1.87,131.55,19.416
CAR027,24.6,20,30.5,2533.0,33.3,0,2,Rural,274.3,0.43,2.18,57.35,9.225
CAR145,14.8,20,60.1,2159.0,25.7,1,2,Highway,269.9,0.25,2.0,124.19,14.06
CAR145,7.53,85,57.6,1748.0,19.5,1,2,City,154.3,0.54,0.72,43.53,7.1535
CAR038,32.89,20,14.1,1450.0,16.0,0,1,Rural,419.3,0.1,1.93,23.96,3.245
CAR186,19.54,20,38.5,1803.0,19.8,0,2,City,418.7,0.72,3.28,127.19,18.563
CAR055,17.32,85,45.9,2968.0,,0,0,City,267.1,0.46,3.77,158.4,16.454
CAR131,14.54,10,42.0,2020.0,26.1,1,2,City,392.2,0.81,0.83,34.28,5.764
CAR145,36.32,20,40.2,3239.0,43.2,0,1,City,74.7,0.86,3.89,158.06,31.566
CAR196,26.49,20,48.1,937.0,27.5,0,0,,317.8,0.41,2.48,103.62,14.841
CAR024,42.22,10,19.0,2222.0,22.6,0,1,Highway,179.8,0.83,1.81,31.76,3.434
CAR126,31.38,0,73.0,2273.0,17.6,0,1,City,308.9,0.06,1.48,101.7,8.844
CAR109,37.81,20,29.7,2530.0,26.6,1,0,,415.1,0.24,3.86,113.15,18.212
CAR038,16.76,20,96.9,1722.0,30.2,0,2,City,334.6,0.19,0.26,21.65,3.575
CAR035,17.97,10,12.5,3177.0,31.6,1,2,City,114.6,0.75,3.64,40.72,6.634
CAR055,38.33,20,19.3,2851.0,28.1,1,1,City,332.5,0.72,2.68,50.74,9.332
CAR007,18.09,10,106.6,2239.0,20.8,0,1,City,440.4,0.08,1.5,155.19,17.185499999999998
CAR187,21.28,10,40.9,989.0,12.4,0,0,City,326.0,0.64,3.33,122.13,14.218
CAR073,33.34,20,94.2,2250.0,22.6,0,0,City,75.6,0.89,0.48,41.88,6.484
CAR002,42.65,0,34.3,,21.6,1,2,City,381.9,0.55,2.69,93.34,11.188
CAR149,37.55,10,98.5,2644.0,29.2,1,0,City,99.1,0.67,0.35,29.81,3.728
CAR127,9.29,20,52.4,1781.0,25.8,1,0,Rural,313.1,0.54,1.26,60.12,8.825499999999998
CAR076,36.16,20,64.7,2876.0,,1,0,City,417.0,0.49,0.3,20.01,3.365
CAR098,28.74,10,51.4,1753.0,32.1,0,1,Highway,,0.59,2.81,150.59,16.953
CAR036,14.88,20,49.4,1522.0,23.9,1,1,Highway,328.2,0.55,4.16,212.89,14.136
CAR070,16.46,10,90.1,2134.0,25.5,0,1,City,,0.88,1.65,141.98,15.637
CAR053,29.36,0,33.9,2140.0,21.2,1,2,City,70.6,0.89,1.25,42.91,5.37
CAR058,26.58,20,53.4,1956.0,28.7,1,2,City,238.3,0.63,1.54,80.76,15.31
CAR171,31.19,10,60.8,2304.0,36.0,1,0,City,70.1,0.35,2.05,106.2,14.315
CAR083,5.5,20,5.0,3313.0,21.9,1,0,Rural,193.0,0.84,2.13,10.62,1.608
CAR039,21.55,20,68.1,2279.0,23.9,1,0,,446.3,0.31,3.38,222.64,20.4725
CAR057,39.66,0,52.8,3168.0,13.8,1,1,Highway,437.1,0.46,1.43,74.65,7.047
CAR093,6.03,10,46.7,2789.0,29.2,1,0,Rural,206.8,0.53,1.45,70.48,5.7285
CAR016,31.17,10,24.8,1129.0,18.8,1,0,City,130.2,0.65,3.04,66.05,7.545
CAR044,41.22,0,72.6,2114.0,19.3,1,2,City,82.2,0.36,0.82,57.29,6.832
CAR126,18.36,10,59.8,2042.0,24.4,0,1,highway,377.2,0.58,1.84,108.67,11.638
CAR058,38.59,20,66.0,2366.0,13.7,1,2,City,87.2,0.9,3.9,265.45,36.6605
CAR181,9.5,20,26.7,1101.0,25.4,0,1,City,350.4,0.18,2.09,51.66,7.686
CAR077,30.97,10,61.4,1644.0,14.0,0,0,city,72.3,0.84,0.32,17.7,2.291
CAR007,30.61,10,86.0,,28.4,0,1,City,130.5,0.85,2.63,227.37,29.0795
CAR010,31.07,10,59.2,1375.0,24.1,0,1,City,447.0,0.87,0.72,37.17,5.336
CAR043,6.59,10,70.0,2011.0,36.4,1,1,Highway,380.5,0.86,0.51,36.0,4.76
CAR196,34.2,10,40.0,2653.0,28.2,1,0,Highway,338.7,0.2,1.11,42.67,4.415
CAR028,22.47,20,30.0,,27.8,0,0,Highway,131.7,0.6,3.85,118.95,14.651
CAR107,37.44,20,62.1,2402.0,32.6,0,0,Highway,295.7,0.09,0.76,42.2,4.786
CAR153,42.1,0,61.8,2115.0,34.4,1,0,Highway,245.6,0.14,3.91,223.47,14.254
CAR130,16.49,10,22.3,3685.0,31.0,1,1,Highway,261.0,0.31,3.79,88.2,11.083
CAR126,34.77,20,41.2,2540.0,27.4,1,2,City,106.6,0.52,1.86,70.57,12.96
CAR142,44.7,10,82.7,2792.0,15.7,1,2,Rural,106.0,0.49,1.76,130.55,18.049
CAR082,10.51,20,68.1,1573.0,34.0,0,2,Rural,382.7,0.15,3.78,222.58,9.984499999999999
CAR116,35.58,20,71.6,3195.0,31.9,1,1,Highway,195.1,0.83,0.89,63.76,10.445
CAR109,33.55,20,59.2,2060.0,33.6,0,1,City,217.4,0.05,0.76,38.57,5.772
CAR133,34.28,20,54.4,2866.0,24.7,0,2,City,411.2,0.14,2.05,103.77,16.67
CAR163,21.27,20,39.8,2145.0,,0,2,City,334.8,0.87,3.24,128.87,20.2065
CAR066,26.49,0,62.9,1783.0,20.7,0,0,City,96.2,0.1,3.01,176.36,11.818
CAR016,11.67,0,91.1,2118.0,24.1,1,2,Highway,112.0,0.15,0.92,80.68,6.319
CAR099,6.8,10,57.2,1958.0,35.0,0,0,Rural,386.1,0.19,3.14,174.82,6.46
CAR085,5.12,10,54.1,,26.6,1,1,Highway,325.9,0.76,3.27,168.11,4.864
CAR014,35.42,10,53.0,1433.0,24.9,0,0,Rural,290.2,0.36,4.15,201.74,19.989
CAR117,42.83,10,39.7,3217.0,48.0,1,1,Highway,102.4,0.69,2.07,77.97,11.812
CAR077,7.68,0,47.0,3360.0,25.3,0,1,City,210.0,0.31,3.59,155.22,7.295999999999999
CAR126,43.73,10,185.08517051102166,2553.0,26.3,1,0,Highway,414.6,0.7,2.41,83.63,9.738
CAR091,37.48,0,49.2,2047.0,37.5,1,0,Highway,425.4,0.47,2.04,93.82,8.183
CAR070,3.92,10,63.6,1902.0,20.2,0,0,City,285.2,0.54,2.83,174.34,3.7239999999999998
CAR158,6.87,10,34.9,1535.0,18.3,0,1,,107.3,0.27,0.55,17.57,1.574
CAR050,38.52,20,39.9,2257.0,15.6,1,1,City,270.4,0.47,1.27,48.71,8.27
CAR175,24.17,20,34.6,2079.0,18.7,1,2,Highway,320.1,0.34,1.24,43.99,6.453
CAR145,38.55,10,42.9,2848.0,33.0,1,2,City,426.4,0.45,2.64,112.48,18.758
CAR199,15.65,10,42.6,1727.0,19.7,0,1,Highway,320.5,0.38,3.84,163.09,14.8675
CAR116,39.23,20,41.1,,19.3,1,2,City,132.4,0.37,0.52,19.73,3.329
CAR029,4.19,10,41.2,3097.0,33.8,0,1,City,407.0,0.57,0.52,21.07,2.959
CAR023,8.79,20,67.6,2207.0,22.1,1,1,Rural,272.5,0.87,3.39,226.68,8.350499999999998
CAR184,18.94,0,29.8,3250.0,38.8,0,1,City,124.0,0.08,3.15,95.48,9.33
CAR065,44.76,20,62.0,705.0,10.8,1,1,City,144.7,0.37,0.59,31.31,4.844
CAR061,9.92,0,17.9,2652.0,38.2,1,1,City,352.3,0.8,4.04,72.25,8.842
CAR045,17.23,20,59.4,1778.0,35.1,1,2,Highway,150.1,0.53,1.9,104.18,16.3685
CAR049,12.62,0,64.4,1933.0,22.0,0,2,,433.0,0.15,0.32,20.18,1.994
CAR148,10.8,0,19.4,1681.0,34.1,0,1,Rural,295.9,0.4,2.99,59.1,4.476
CAR162,41.37,10,67.4,3205.0,21.2,1,2,Rural,357.4,0.37,3.09,195.46,27.157
CAR148,22.25,20,50.1,3326.0,20.0,0,1,Rural,247.7,0.06,2.5,121.35,16.791
CAR174,27.02,0,36.7,2581.0,33.2,1,0,Rural,434.1,0.22,4.47,154.06,12.011
CAR016,41.85,20,76.2,3465.0,40.3,0,1,Highway,267.5,0.41,3.32,232.55,35.924
CAR038,5.47,10,36.3,2579.0,24.0,1,1,City,289.8,0.11,0.5,17.34,2.21
CAR130,30.07,10,76.4,1374.0,15.2,1,1,,307.8,0.79,1.35,107.02,13.913
CAR108,32.69,10,74.1,1894.0,35.7,0,1,City,292.8,0.76,1.59,119.98,16.425
CAR173,30.37,20,68.6,1689.0,22.1,0,1,City,123.9,0.06,0.92,61.94,8.028
CAR102,42.06,85,11.8,2403.0,17.6,1,1,City,405.9,0.27,1.29,13.64,4.535
CAR141,8.24,20,55.8,1821.0,22.5,1,1,City,200.6,0.51,2.87,148.03,7.827999999999999
CAR057,19.1,20,62.8,2409.0,36.6,1,2,Highway,276.6,0.63,4.42,253.68,18.145
CAR029,26.16,0,58.8,1192.0,25.3,1,1,City,130.0,0.1,1.05,56.01,4.746
CAR040,35.31,20,83.7,2069.0,28.0,1,1,Highway,434.9,0.34,0.74,57.67,8.588
CAR156,34.32,10,50.0,2217.0,33.3,1,0,Highway,257.2,0.65,2.35,114.04,12.311
CAR057,12.35,85,49.9,1810.0,29.7,0,0,City,73.8,0.35,3.07,134.25,11.7325
CAR029,5.32,20,64.3,1710.0,29.3,1,0,Highway,74.2,0.12,0.88,55.05,5.054
CAR174,32.59,20,50.7,2647.0,31.0,1,1,City,71.7,0.08,0.5,22.37,3.389
CAR084,3.75,0,51.6,2273.0,25.0,1,2,City,155.0,0.66,4.22,201.21,3.5625
CAR039,33.45,10,42.2,2057.0,30.8,1,1,City,378.7,0.64,1.55,60.07,8.597
CAR179,18.38,10,85.2,3012.0,27.1,1,0,City,84.4,0.83,3.57,315.93,17.461
CAR198,27.31,10,33.2,1822.0,33.3,0,2,City,280.6,0.19,0.93,31.99,4.279
CAR180,17.19,20,19.8,,17.3,1,1,Highway,,0.81,4.11,76.45,11.885
CAR082,19.48,20,37.5,3075.0,23.1,1,2,City,96.9,0.37,1.26,48.48,8.504
CAR070,33.97,20,19.8,1756.0,22.2,1,1,City,93.4,0.14,2.4,41.77,6.486
CAR155,17.58,0,26.4,2678.0,20.3,0,1,Highway,354.3,0.16,3.03,75.44,6.596
CAR124,17.34,0,78.3,2896.0,28.1,0,0,Rural,176.8,0.35,2.74,222.92,16.473
CAR137,25.19,10,52.0,2715.0,18.2,1,1,Highway,319.2,0.86,0.93,48.74,6.456
CAR003,11.2,10,52.5,1873.0,31.8,1,1,Rural,390.0,0.83,2.43,128.05,10.639999999999999
CAR041,36.34,0,63.8,1459.0,29.1,1,0,Highway,284.8,0.65,0.6,38.3,2.823
CAR189,43.71,10,42.1,2713.0,31.1,0,0,Highway,424.1,0.4,2.56,112.63,11.142
CAR130,26.84,20,51.0,1667.0,32.1,1,1,Rural,,0.64,2.23,108.04,17.9
CAR095,7.43,85,43.5,1845.0,23.9,1,0,City,190.0,0.33,1.84,69.98,7.0584999999999996
CAR080,18.77,10,68.2,1889.0,31.2,1,2,City,398.4,0.5,2.29,138.36,17.8315
CAR149,8.44,0,66.7,3053.0,37.0,0,1,Highway,312.7,0.78,2.62,164.95,8.017999999999999
CAR022,44.47,10,41.3,2374.0,34.0,0,1,City,126.9,0.85,3.81,146.53,20.356
CAR199,43.44,10,64.0,2299.0,16.9,1,1,Rural,252.7,0.85,4.07,244.34,34.97
CAR056,13.01,20,67.0,,20.3,1,0,Highway,150.3,0.11,4.08,273.18,12.359499999999999
CAR019,19.13,10,48.9,1605.0,26.6,0,2,Highway,152.7,0.18,2.65,112.01,13.044
CAR173,28.4,10,44.1,1927.0,38.4,0,0,City,396.0,0.79,4.02,175.26,24.019
CAR160,19.29,10,40.4,1147.0,32.4,0,2,City,74.5,0.56,0.95,35.71,4.487
CAR143,42.64,20,68.7,3043.0,35.0,0,0,City,86.2,0.19,2.02,126.11,17.077
CAR178,33.94,85,40.3,2012.0,6.9,1,2,Highway,152.6,0.66,0.33,12.45,4.326
CAR002,34.12,0,91.3,1259.0,24.5,1,2,Highway,238.9,0.11,2.17,185.12,13.817
CAR168,2.64,20,57.7,1931.0,20.6,0,0,Highway,251.1,0.6,3.64,197.27,2.508
CAR058,12.22,10,32.5,2400.0,19.8,0,2,City,192.7,0.63,2.3,65.79,9.515
CAR156,12.37,0,33.9,2070.0,25.3,0,1,Rural,441.3,0.85,4.21,131.05,11.751499999999998
CAR040,26.38,20,52.1,3829.0,16.8,1,1,City,282.8,0.5,1.92,99.35,17.625
CAR124,23.02,20,12.1,2469.0,18.6,0,2,Rural,154.4,0.17,1.51,18.6,2.723
CAR012,41.94,0,36.5,1871.0,15.5,1,1,City,410.1,0.38,2.77,97.37,10.216
CAR071,18.4,20,53.2,2854.0,37.3,1,0,Highway,195.6,0.18,3.6,170.67,17.479999999999997
CAR088,18.1,20,23.4,2688.0,23.1,0,0,Rural,234.3,0.49,4.2,102.58,13.553
CAR128,15.41,0,47.6,1510.0,29.4,1,1,Highway,162.2,0.67,3.8,154.49,13.529
CAR084,28.62,0,39.5,2141.0,28.9,0,2,Highway,438.9,0.76,2.34,78.84,8.156
CAR029,3.3,20,,2062.0,11.3,0,0,City,,0.45,2.07,81.75,3.135
CAR050,18.76,0,50.8,2976.0,31.3,1,0,City,125.9,0.42,3.55,173.8,17.822
CAR076,44.24,20,33.0,2149.0,31.8,0,1,City,187.9,0.47,4.25,138.54,22.216
CAR159,11.54,20,61.6,1996.0,35.3,0,1,Rural,305.7,0.71,4.21,229.85,10.963
CAR053,13.89,20,56.4,2690.0,35.3,1,0,City,238.2,0.78,4.44,257.14,13.1955
CAR007,2.93,20,55.7,1568.0,31.0,1,1,City,338.2,0.33,1.15,67.19,2.7835
CAR036,17.62,10,23.7,1825.0,25.5,1,0,City,389.3,0.12,3.7,83.13,9.377
CAR121,42.62,20,5.0,2643.0,45.0,0,1,Highway,94.4,0.41,3.97,18.77,3.074
CAR152,10.75,10,63.4,2618.0,34.3,0,0,Rural,163.4,0.51,0.75,44.05,5.085
CAR046,43.66,0,41.1,2080.0,31.6,1,2,City,242.3,0.17,2.28,95.14,11.058
CAR142,10.6,20,8.1,2119.0,38.6,0,1,Highway,,0.83,2.91,21.51,3.51
CAR168,43.37,10,79.9,2362.0,14.6,0,0,,139.7,0.64,0.29,20.65,2.113
CAR146,42.86,10,44.7,3359.0,26.0,0,1,Rural,278.0,0.1,1.94,76.23,8.781
CAR151,34.85,0,30.3,2569.0,33.7,0,0,City,132.1,0.81,2.32,71.01,6.855
CAR077,28.73,20,60.7,2465.0,28.1,1,0,City,365.8,0.16,2.62,147.73,21.928
CAR023,16.76,0,58.2,1825.0,29.4,1,2,City,379.1,0.53,4.38,224.91,15.922
CAR190,29.11,10,44.0,1546.0,35.3,1,0,Rural,159.3,0.35,4.16,177.5,18.671
CAR168,5.5,0,38.0,3389.0,27.8,0,0,City,177.6,0.76,2.11,79.02,5.225
CAR065,40.34,20,48.1,2677.0,,0,1,Highway,449.3,0.75,1.45,69.48,11.423
CAR149,29.16,10,30.9,1104.0,21.5,1,0,Rural,249.4,0.43,0.72,21.19,2.324
CAR172,28.46,10,52.7,3280.0,37.1,1,1,City,206.1,0.34,3.63,194.86,27.037
CAR049,21.26,20,33.7,1625.0,22.1,1,1,City,333.0,0.48,2.89,87.87,14.801
CAR014,8.11,10,50.0,2422.0,24.3,1,1,Highway,321.2,0.79,0.3,14.7,1.869
CAR036,22.76,10,76.4,,23.9,1,2,City,260.0,0.45,0.46,33.31,5.035
CAR191,19.43,0,33.9,2321.0,39.7,1,0,City,432.9,0.33,0.88,29.57,2.933
CAR053,24.65,0,23.1,2712.0,,1,1,Highway,208.1,0.17,1.69,36.29,3.01
CAR196,44.75,20,60.2,3040.0,,0,2,Highway,387.0,0.59,2.14,117.93,21.625
CAR093,6.25,20,58.2,2011.0,22.3,1,0,City,330.6,0.9,3.45,197.65,5.9375
CAR025,21.08,20,72.2,2183.0,22.7,1,2,Highway,367.1,0.44,2.17,160.3,20.025999999999996
CAR059,39.7,10,17.0,2559.0,31.0,1,0,City,77.1,0.8,2.83,47.79,6.605
CAR151,10.71,0,54.9,1933.0,30.2,0,1,Rural,403.7,0.07,0.27,13.32,1.2
CAR065,27.94,10,52.5,,13.1,1,1,Rural,132.0,0.05,3.42,181.01,20.102
CAR176,21.13,20,32.0,1824.0,27.0,1,0,Rural,430.3,0.89,1.26,41.79,6.48
CAR116,4.28,20,59.7,2096.0,36.3,1,2,Rural,135.4,0.89,3.58,223.51,4.066
CAR146,13.58,20,65.5,2211.0,10.3,1,2,Rural,304.4,0.55,3.97,225.02,12.901
CAR189,20.38,20,52.9,2838.0,31.1,0,2,Highway,441.7,0.24,2.63,119.09,18.241
CAR163,44.55,10,64.5,1827.0,24.7,0,2,City,93.6,0.79,0.58,32.02,4.667
CAR169,44.51,20,55.1,2132.0,28.2,0,1,City,214.7,0.67,0.76,38.21,6.09
CAR159,2.76,0,32.4,1705.0,27.4,1,2,Rural,234.4,0.76,3.74,111.06,2.622
CAR082,39.81,20,73.6,2196.0,22.7,1,1,,323.2,0.73,1.66,105.56,19.094
CAR114,29.5,85,52.5,1349.0,25.6,0,2,City,267.9,0.58,0.68,33.28,11.708
CAR151,8.34,20,16.2,1802.0,23.8,0,1,Highway,95.0,0.83,0.34,5.05,0.712
CAR158,10.62,10,57.5,3128.0,31.4,1,0,city,149.0,0.36,2.83,143.55,10.088999999999999
CAR122,39.04,10,85.7,1888.0,30.0,1,0,Rural,153.3,0.72,4.16,332.41,37.088
CAR190,10.69,20,46.7,2560.0,20.9,0,1,Highway,352.3,0.81,3.73,158.75,10.155499999999998
CAR120,20.04,20,49.2,3211.0,8.6,1,1,City,321.4,0.75,2.57,125.31,19.037999999999997
CAR088,5.26,85,100.0,1150.0,36.6,1,1,Highway,152.3,0.63,0.59,58.27,4.997
CAR181,15.59,85,59.8,1669.0,31.4,0,1,City,311.4,0.81,0.86,49.46,14.8105
CAR180,23.36,10,83.0,1823.0,32.1,1,0,Highway,403.3,0.42,2.79,207.81,21.422
CAR142,9.78,20,55.3,1563.0,36.3,1,2,Highway,218.6,0.15,3.22,174.15,9.290999999999999
CAR136,10.16,20,34.6,1497.0,24.8,1,1,City,88.0,0.23,1.23,38.28,5.713
CAR182,40.42,20,32.3,2051.0,29.5,0,0,Highway,285.8,0.55,2.0,64.89,8.559
CAR103,36.46,10,24.6,2113.0,37.6,0,1,City,109.5,0.08,2.75,69.09,7.875
CAR176,32.78,20,76.3,2136.0,33.9,0,0,,172.5,0.22,0.45,31.59,4.317
CAR058,7.24,0,90.3,1331.0,17.2,0,1,Rural,236.6,0.53,1.98,163.66,6.878
CAR015,13.84,20,348.7785876463976,2590.0,19.0,1,0,Highway,343.7,0.21,1.89,125.69,13.148
CAR069,39.88,20,26.4,3849.0,39.9,0,1,City,294.4,0.74,2.82,72.83,13.508
CAR185,41.44,85,40.7,,22.7,0,1,Rural,421.5,0.41,2.85,112.37,39.208
CAR164,33.8,20,76.1,2201.0,23.1,1,0,City,381.2,0.62,1.1,85.1,12.85
CAR069,42.34,20,53.3,1917.0,45.2,1,0,City,387.1,0.64,4.4,231.47,40.223
CAR012,25.14,10,68.6,2315.0,16.1,0,2,City,140.7,0.61,0.86,51.22,7.168
CAR052,17.86,0,71.7,2315.0,46.0,0,1,City,181.6,0.85,1.01,63.64,9.771
CAR123,6.27,20,36.6,2435.0,30.6,0,1,Rural,144.4,0.21,2.71,94.18,5.956499999999999
CAR020,5.64,10,27.1,1717.0,16.3,1,1,City,72.8,0.09,3.46,98.32,5.358
CAR131,26.03,20,20.7,2115.0,19.8,0,2,Rural,445.9,0.49,1.52,32.04,5.373
CAR066,20.28,0,76.3,1314.0,28.0,1,1,City,280.2,0.09,2.86,210.52,18.548
CAR020,15.07,20,49.1,1520.0,25.7,1,0,City,194.0,0.73,0.24,11.87,1.76
CAR065,12.61,0,38.4,2990.0,33.1,0,0,Highway,344.2,0.52,3.56,134.83,10.759
CAR172,39.0,10,90.4,1908.0,30.5,1,0,Rural,,0.84,1.28,108.49,13.487
CAR092,29.12,85,66.6,3208.0,22.5,1,1,,126.3,0.33,0.81,53.01,18.561
CAR112,2.88,10,67.8,1868.0,5.0,0,1,Rural,254.8,0.07,3.56,212.28,2.7359999999999998
CAR115,29.64,85,37.5,3572.0,32.0,0,1,Highway,122.4,0.65,3.0,107.75,28.157999999999998
CAR131,29.24,20,15.2,1280.0,23.0,0,0,city,379.3,0.88,3.98,51.52,7.585
CAR140,19.87,10,47.6,1615.0,37.9,0,2,Highway,412.7,0.2,0.73,35.25,4.326
CAR134,42.88,0,36.1,2579.0,42.7,0,1,Highway,306.2,0.49,0.85,29.54,2.787
CAR062,30.33,10,53.9,2266.0,14.3,1,2,Highway,371.4,0.14,2.95,154.38,18.094
CAR149,2.11,20,22.9,2649.0,24.5,1,1,City,301.5,0.46,4.38,93.4,2.0044999999999997
CAR162,26.22,10,60.1,5746.194960035251,20.8,1,1,City,224.1,0.73,2.33,136.69,19.291
CAR056,29.96,10,50.0,1993.0,33.8,0,0,City,174.3,0.73,2.05,104.23,11.494
CAR009,27.05,10,47.6,1346.0,28.0,0,1,Highway,131.3,0.44,1.63,69.91,7.996
CAR089,42.05,10,43.2,2005.0,19.1,1,2,City,120.4,0.27,0.28,11.82,1.609
CAR073,21.09,0,54.4,3080.0,41.9,0,0,Rural,335.1,0.45,3.42,171.32,17.067
CAR065,37.38,0,36.0,2068.0,23.1,0,0,City,213.8,0.64,1.96,61.98,6.312
CAR152,27.04,20,58.1,2626.0,29.2,1,2,Rural,150.2,0.49,2.34,128.22,22.471
CAR170,17.6,20,39.6,2651.0,31.7,0,2,Highway,169.3,0.7,2.03,84.37,11.921
CAR164,26.09,20,61.6,1610.0,34.4,0,0,City,283.8,0.39,1.76,93.74,13.315
CAR025,17.16,20,28.4,,,1,2,Rural,297.8,0.75,1.55,44.12,7.957
CAR062,17.86,10,25.3,2007.0,26.0,0,2,Highway,246.6,0.65,3.24,80.58,10.401
CAR084,23.93,0,28.2,3104.0,38.9,1,0,Highway,252.6,0.78,3.99,104.16,10.441
CAR118,6.67,20,85.6,1626.0,,1,1,Highway,107.3,0.17,1.57,139.05,6.3365
CAR093,5.18,20,54.2,2437.0,22.6,1,1,Highway,150.1,0.53,3.6,184.01,4.920999999999999
CAR147,36.42,85,11.0,2842.0,33.5,1,0,,293.1,0.24,3.62,36.6,11.236
CAR050,16.29,20,37.8,1846.0,20.9,1,1,City,315.0,0.82,3.92,153.4,15.475499999999998
CAR146,11.21,20,67.1,3469.0,28.1,0,1,Rural,125.4,0.37,4.37,294.05,10.6495
CAR134,26.4,10,30.1,1095.0,29.4,1,1,City,177.9,0.52,1.88,51.34,6.908
CAR118,21.13,85,56.7,1481.0,12.8,0,2,Highway,414.4,0.57,1.8,95.07,20.0735
CAR003,37.4,85,53.2,3781.0,39.9,0,1,City,214.2,0.63,1.43,71.97,26.811
CAR089,24.37,85,37.2,2873.0,29.7,1,1,Rural,,0.33,0.49,16.21,5.357
CAR062,26.63,0,47.4,1906.0,27.0,1,1,Highway,400.7,0.45,0.42,18.46,1.712
CAR185,25.88,20,28.2,1836.0,27.8,1,0,Highway,428.8,0.62,1.67,40.83,6.042
CAR191,14.92,20,52.6,2732.0,22.9,1,1,City,175.8,0.36,4.22,189.02,14.174
CAR108,8.94,20,51.3,1512.0,42.3,0,1,City,233.1,0.09,2.79,123.45,8.492999999999999
CAR148,31.79,0,45.5,2099.0,23.3,0,0,Highway,276.2,0.34,1.48,58.13,4.03
CAR125,15.74,10,48.4,1907.0,31.4,0,0,City,181.6,0.64,0.55,24.18,2.934
CAR015,34.99,10,40.8,2490.0,17.6,1,1,City,208.1,0.48,2.82,105.95,15.007
CAR038,18.21,20,85.4,1907.0,24.6,0,0,City,295.3,0.18,4.41,381.2,17.2995
CAR162,12.65,20,55.2,2325.0,36.9,1,0,city,238.8,0.06,1.08,51.57,7.795
CAR196,32.73,20,39.8,2969.0,27.8,1,1,City,350.0,0.34,2.27,94.24,15.545
CAR026,15.69,85,39.7,2097.0,11.3,1,1,City,139.4,0.32,3.67,138.72,14.905499999999998
CAR163,6.11,10,66.5,2634.0,19.8,1,2,Highway,,0.12,1.74,120.06,5.8045
CAR094,10.75,85,65.2,1818.0,30.2,1,0,Highway,179.9,0.4,0.79,53.57,10.2125
CAR082,14.29,20,59.8,,23.6,1,1,City,218.2,0.58,4.01,239.18,13.575499999999998
CAR032,39.03,20,44.2,2867.0,28.6,0,2,Highway,332.6,0.44,2.2,87.15,13.171
CAR108,9.65,20,,2222.0,35.0,1,0,City,360.4,0.65,2.04,81.41,9.1675
CAR153,21.44,20,13.2,2649.0,23.5,0,1,Highway,399.1,0.48,0.32,4.33,0.609
CAR138,13.5,20,53.8,2170.0,24.5,1,0,City,423.6,0.15,1.84,90.65,12.825
CAR053,20.05,0,62.2,2430.0,8.5,1,1,City,72.6,0.47,4.08,253.39,19.0475
CAR074,7.45,10,71.8,2366.0,18.6,1,1,City,394.9,0.13,3.29,221.91,7.0775
CAR064,27.01,0,23.9,3373.0,31.2,0,1,City,421.1,0.08,2.45,51.0,4.997
CAR096,15.47,20,47.3,2475.0,22.9,1,0,City,432.2,0.31,2.93,143.98,14.6965
CAR001,34.19,20,57.7,1468.0,22.7,1,2,City,,0.52,1.11,59.86,10.326
CAR115,11.0,85,46.2,2038.0,25.9,1,1,Highway,335.5,0.4,3.38,142.83,10.45
CAR194,26.93,20,56.2,1719.0,47.9,0,1,Highway,228.1,0.42,3.06,165.15,24.553
CAR039,15.53,10,48.6,1919.0,25.4,1,1,Highway,118.1,0.64,1.87,83.31,10.112
CAR112,28.62,0,48.3,,32.0,0,2,City,120.4,0.34,3.71,154.12,16.531
CAR061,6.84,20,47.5,1934.0,30.9,0,0,Rural,406.7,0.33,3.52,158.29,6.497999999999999
CAR197,32.18,10,69.3,2734.0,31.3,0,0,Highway,433.7,0.27,0.71,50.01,4.719
CAR057,37.05,0,59.3,2116.0,25.8,1,0,Rural,80.3,0.32,3.97,223.94,15.276
CAR165,44.18,10,69.8,700.0,30.7,1,0,,229.6,0.7,3.19,221.19,26.885
CAR038,18.96,20,74.0,1868.0,26.4,0,2,Highway,93.6,0.27,2.15,144.74,18.012
CAR064,30.29,85,39.5,3241.0,21.8,1,0,City,403.5,0.17,1.91,78.96,26.699
CAR122,33.7,85,44.4,1623.0,28.9,1,1,City,239.5,0.05,0.92,35.68,12.063
CAR112,6.18,20,80.3,3793.0,28.1,0,0,City,104.5,0.2,1.41,112.96,5.8709999999999996
CAR138,10.08,0,74.4,2013.0,19.6,1,1,City,434.1,0.9,4.46,302.59,9.575999999999999
CAR133,3.72,20,52.3,2361.0,48.0,1,1,City,174.4,0.32,0.94,43.54,3.534
CAR179,26.15,10,18.7,2107.0,27.4,1,1,City,82.6,0.28,2.96,50.78,6.916
CAR048,15.1,10,33.1,2021.0,22.3,0,2,City,394.3,0.49,3.78,108.03,14.344999999999999
CAR148,17.15,10,55.5,3099.0,27.6,1,2,City,356.7,0.1,2.0,99.05,14.712
CAR089,35.27,20,57.5,2677.0,29.3,0,2,City,379.8,0.62,0.46,23.16,4.359
CAR062,37.89,20,36.3,1699.0,31.8,0,0,City,405.6,0.65,2.47,86.33,12.848
CAR083,12.6,85,42.9,1638.0,30.5,1,1,City,245.6,0.32,4.18,160.4,11.969999999999999
CAR005,43.12,10,49.9,2262.0,18.7,0,1,,203.0,0.72,3.31,150.11,17.986
CAR093,19.97,10,53.0,1731.0,30.7,1,1,City,363.7,0.43,2.48,125.36,17.282
CAR171,18.46,20,58.6,1609.0,,1,0,City,235.3,0.68,2.0,120.19,17.537
CAR188,19.93,10,62.9,2029.0,19.2,1,1,Highway,91.1,0.79,0.97,54.36,7.549
CAR036,44.67,0,46.2,2169.0,24.7,0,1,Highway,265.3,0.41,2.4,95.83,8.006
CAR069,5.24,10,35.4,2958.0,35.3,0,0,Highway,83.8,0.66,0.73,26.34,2.905
CAR002,26.36,10,52.7,2040.0,36.4,1,1,City,354.9,0.42,2.98,162.12,20.89
CAR101,28.11,10,37.1,3011.0,32.4,0,2,City,327.1,0.87,0.52,18.56,2.9
CAR098,26.53,0,34.3,1856.0,6.7,1,2,Highway,396.6,0.28,0.92,27.89,2.392
CAR129,20.19,0,43.0,2944.0,44.4,0,1,City,336.1,0.73,1.62,68.64,9.207
CAR119,36.0,20,46.6,2577.0,26.9,1,1,Highway,204.6,0.11,4.36,210.51,29.771
CAR183,4.11,85,38.5,2628.0,34.0,0,2,City,147.2,0.05,0.48,18.56,3.9045
CAR045,4.05,10,29.4,1846.0,27.8,1,2,Rural,271.2,0.84,3.93,119.59,3.8474999999999997
CAR039,28.18,20,29.7,3111.0,18.6,0,1,City,347.5,0.4,2.85,78.08,12.775
CAR155,13.32,20,,2275.0,25.1,0,1,City,206.1,0.65,4.16,167.66,12.654
CAR100,6.08,85,77.9,2200.0,27.8,0,2,Highway,195.4,0.69,1.55,109.12,5.776
CAR025,5.49,0,29.2,2781.0,35.6,1,1,Highway,349.3,0.63,3.52,90.46,5.2155
CAR087,21.11,20,58.3,1713.0,20.5,0,0,Rural,214.8,0.75,2.58,144.41,20.054499999999997
CAR075,40.35,10,64.0,2210.0,25.6,1,0,Rural,389.5,0.57,0.76,46.72,5.69
CAR153,4.67,20,76.2,2718.0,26.6,0,0,Rural,295.6,0.69,4.19,285.15,4.4365
CAR102,21.81,20,21.6,,44.2,0,1,City,164.6,0.18,3.56,79.94,13.254
CAR192,23.54,0,26.4,2771.0,24.7,0,2,Highway,245.3,0.57,3.51,79.32,7.63
CAR114,22.02,20,66.0,1988.0,30.3,1,2,City,135.0,0.35,2.05,119.04,20.698
CAR033,8.75,85,35.4,2315.0,,1,1,City,359.2,0.22,2.39,80.1,8.3125
CAR039,20.73,10,26.2,2293.0,33.7,0,0,Highway,402.1,0.68,0.39,10.63,1.123
CAR161,40.22,10,35.7,2361.0,20.6,1,2,City,142.5,0.68,3.69,116.3,18.036
CAR154,31.23,10,28.5,2091.0,26.3,1,0,City,95.4,0.81,2.15,64.01,8.871
CAR182,22.41,10,48.7,3033.0,30.9,1,1,Rural,276.0,0.74,0.54,25.4,3.709
CAR026,9.51,20,37.9,2240.0,21.8,1,1,Rural,436.6,0.24,1.51,59.04,8.672
CAR064,5.57,10,47.0,2466.0,33.5,1,2,City,353.3,0.73,3.89,176.25,5.2915
CAR135,30.94,10,49.9,1959.0,40.1,1,1,City,258.7,0.89,0.69,34.28,5.684
CAR102,11.07,0,74.6,1538.0,35.6,1,1,City,199.7,0.7,1.0,65.03,7.274
CAR029,27.11,10,40.7,2116.0,27.7,1,0,,332.0,0.33,3.35,123.18,12.985
CAR140,16.65,20,9.7,1157.0,21.7,1,2,Highway,165.1,0.15,3.45,33.24,4.564
CAR080,39.1,20,40.9,2422.0,28.0,0,1,City,316.5,0.41,4.04,156.97,23.88
CAR021,3.22,10,39.1,1561.0,35.6,1,2,City,264.1,0.3,1.74,58.29,3.059
CAR189,42.76,10,48.0,1881.0,39.9,1,2,Rural,405.4,0.61,3.39,168.81,27.97
CAR159,22.22,20,96.7,1963.0,26.5,0,1,Highway,373.1,0.27,3.12,304.15,21.108999999999998
CAR053,40.29,10,48.8,1832.0,26.1,0,1,City,154.5,0.15,2.11,102.24,11.373
CAR071,9.64,20,30.5,2646.0,29.0,1,1,City,410.8,0.13,2.41,68.66,9.158
CAR034,9.19,20,52.6,2254.0,,1,1,City,153.0,0.3,2.91,147.2,8.7305
CAR102,10.39,0,51.2,1524.0,34.0,0,0,Rural,144.0,0.06,2.58,124.5,8.853
CAR010,25.96,20,56.6,2740.0,20.5,0,2,Rural,228.6,0.16,2.21,126.58,19.11
CAR171,43.16,20,34.0,2160.0,35.2,1,2,City,241.6,0.09,3.56,111.16,19.458
CAR107,8.13,10,63.9,1782.0,24.8,1,2,Highway,248.2,0.64,4.02,267.26,7.7235000000000005
CAR074,32.32,10,60.1,3588.0,28.6,1,1,City,354.8,0.31,1.74,92.56,13.253
CAR133,12.02,85,62.2,3078.0,18.1,1,1,Highway,,0.79,3.73,214.91,11.418999999999999
CAR099,8.17,0,43.6,2134.0,24.8,1,1,City,199.7,0.79,0.43,16.11,1.81
CAR101,9.27,0,26.9,2602.0,27.7,1,1,Highway,447.3,0.85,2.48,68.54,8.018
CAR026,24.03,10,62.2,2167.0,,0,1,Highway,158.3,0.68,0.53,30.07,3.41
CAR101,42.88,10,64.5,2384.0,29.2,1,1,Highway,317.0,0.33,2.1,118.09,13.358
CAR025,30.12,20,41.9,1481.0,,1,0,City,112.7,0.32,2.6,98.98,14.814
CAR046,18.14,20,61.6,2084.0,12.9,0,1,City,,0.89,3.59,193.65,17.233
CAR104,42.28,0,22.8,2418.0,20.7,1,2,Rural,424.4,0.41,0.31,6.15,0.683
CAR118,7.62,20,51.7,2741.0,14.8,1,0,,167.9,0.69,4.49,232.1,7.239
CAR176,6.54,20,80.3,2018.0,46.1,0,2,Highway,440.6,0.36,2.22,168.27,6.213
CAR038,24.38,85,66.9,1896.0,24.1,0,1,Highway,269.2,0.14,1.04,64.69,20.879
CAR028,42.21,20,72.5,,34.3,1,1,City,297.1,0.55,3.69,273.28,40.0995
CAR037,22.09,10,43.7,2471.0,12.4,1,2,City,389.9,0.3,2.49,101.59,15.641
CAR009,19.63,20,32.6,,40.0,1,2,City,418.3,0.61,2.16,73.46,14.996
CAR007,29.23,10,120.8,1279.0,39.9,0,1,Highway,164.9,0.35,4.3,472.22,27.7685
CAR171,3.0,85,40.8,1562.0,30.2,0,2,City,372.6,0.5,1.86,72.56,2.8499999999999996
CAR072,10.09,10,85.5,3202.0,33.8,0,2,Highway,224.7,0.08,2.9,231.24,9.5855
CAR127,43.56,20,77.2,2703.0,28.0,0,0,Highway,255.7,0.53,2.84,205.22,28.05
CAR146,40.26,20,31.7,2915.0,39.8,0,2,City,174.2,0.8,0.86,28.22,5.322
CAR060,17.39,0,68.9,1708.0,23.5,0,1,City,400.6,0.44,3.43,211.96,16.5205
CAR089,19.58,85,67.8,952.0,15.0,0,0,,392.6,0.63,1.97,127.21,18.601
CAR030,2.95,0,46.1,2020.0,29.2,0,1,,189.4,0.43,3.4,139.77,2.8025
CAR031,14.55,10,69.6,2690.0,35.9,0,0,City,120.5,0.75,0.66,44.0,5.566
CAR170,11.13,0,53.2,,,0,1,City,366.6,0.89,1.61,86.93,9.906
CAR090,18.88,10,256.23600239088677,1915.0,21.9,1,2,Rural,432.0,0.69,1.63,81.75,11.801
CAR145,26.59,10,57.7,800.0,37.4,0,1,,435.3,0.54,1.58,83.45,11.565
CAR065,37.78,20,33.5,1562.0,25.6,1,0,City,184.6,0.23,3.79,124.88,18.59
CAR041,27.3,85,92.9,2806.0,39.0,0,0,City,110.5,0.35,3.32,306.36,25.935
CAR094,14.11,20,50.1,2593.0,24.1,1,1,City,300.5,0.56,3.06,141.44,13.404499999999999
CAR101,13.41,20,38.6,2427.0,15.6,1,0,Highway,310.9,0.31,0.9,33.55,4.636
CAR014,33.68,20,60.7,2544.0,30.0,1,1,City,233.6,0.19,4.47,240.96,31.996
CAR065,7.17,10,55.9,2537.0,25.1,1,1,Rural,443.5,0.15,2.06,103.17,6.8115
CAR177,21.08,10,36.8,2612.0,17.1,1,1,Highway,238.1,0.35,0.29,10.48,1.246
CAR119,41.66,10,62.9,1463.0,20.0,0,0,Highway,358.3,0.72,1.7,110.76,11.569
CAR081,37.19,0,14.4,2390.0,32.6,1,0,City,214.6,0.24,3.86,51.45,4.491
CAR097,35.05,20,32.9,2604.0,22.5,1,2,Rural,122.5,0.73,2.51,77.61,13.937
CAR043,42.32,20,14.3,1938.0,17.7,1,0,City,89.3,0.32,3.63,51.27,7.552
CAR024,41.38,0,55.1,2545.0,37.7,1,2,Rural,361.9,0.24,0.52,27.79,2.974
CAR153,17.42,85,38.8,1281.0,27.0,0,0,Rural,,0.11,1.45,56.84,16.549
CAR006,33.62,85,37.8,3294.0,43.6,0,2,Highway,291.7,0.57,3.55,126.37,31.938999999999997
CAR016,8.13,85,14.1,2436.0,18.0,0,1,City,309.4,0.47,3.59,44.16,7.7235000000000005
CAR038,22.44,20,40.6,2171.0,21.9,1,0,Highway,261.2,0.88,1.32,52.97,7.737
CAR084,16.5,85,44.8,1370.0,23.3,1,0,Highway,375.1,0.68,1.03,40.39,12.84
CAR030,6.76,20,63.6,2647.0,27.6,0,2,Rural,176.4,0.65,0.42,24.8,3.912
CAR149,4.28,10,47.0,2076.0,,0,0,,108.4,0.87,2.65,116.53,4.066
CAR118,12.89,10,54.1,2542.0,31.2,0,2,Rural,109.1,0.36,0.66,31.99,3.579
CAR195,16.94,0,68.0,1873.0,30.4,1,2,Highway,279.3,0.5,2.97,203.64,16.093
CAR167,11.79,20,66.0,1815.0,20.1,1,1,City,207.6,0.69,3.75,259.12,11.200499999999998
CAR061,5.67,20,41.5,2273.0,25.9,1,2,City,299.9,0.29,3.53,130.25,5.3865
CAR013,19.52,10,10.0,1914.0,25.6,0,0,City,186.4,0.49,0.89,9.32,1.099
CAR094,5.56,10,60.1,2649.0,28.7,1,1,City,446.7,0.46,2.54,145.47,5.281999999999999
CAR056,11.7,10,44.3,1444.0,48.0,1,0,City,129.9,0.32,3.69,158.51,11.114999999999998
CAR015,19.93,0,49.6,1596.0,29.4,0,1,Highway,237.8,0.39,3.84,167.68,13.704
CAR084,38.6,20,28.0,1988.0,21.2,1,2,City,174.1,0.35,3.01,72.99,12.26
CAR087,12.3,10,46.8,2746.0,24.1,0,1,,249.7,0.39,3.46,166.8,11.685
CAR111,10.25,10,55.2,1550.0,27.2,1,1,Highway,235.1,0.66,1.66,92.85,9.737499999999999
CAR176,25.03,10,51.9,1894.0,35.9,1,0,City,363.9,0.7,3.03,153.74,22.495
CAR143,25.27,20,45.1,1883.0,23.9,0,1,Highway,178.2,0.72,3.12,124.96,18.515
CAR065,44.44,85,32.3,2468.0,31.5,1,1,Highway,400.1,0.65,2.56,81.58,26.99
CAR188,7.64,0,45.4,1308.0,38.1,1,1,,197.7,0.62,3.46,164.89,7.257999999999999
CAR058,11.56,85,47.6,1113.0,39.0,1,1,City,396.6,0.64,1.53,65.41,10.982
CAR026,6.4,10,43.7,2825.0,12.7,1,1,City,153.1,0.25,0.86,33.55,4.638
CAR178,11.52,20,66.3,823.0,17.3,1,2,Highway,241.4,0.24,3.46,204.47,10.943999999999999
CAR167,13.03,10,63.5,3070.0,25.0,0,1,City,288.8,0.05,0.57,37.95,4.574
CAR170,36.85,10,19.6,1579.0,19.8,0,2,Highway,123.5,0.18,1.68,33.93,3.779
CAR190,15.12,20,57.3,2621.0,15.3,0,2,City,433.6,0.88,4.36,231.2,14.363999999999999
CAR162,43.21,20,41.6,2337.0,18.1,0,0,Highway,273.9,0.75,0.31,12.09,1.565
CAR158,42.18,20,65.8,2132.0,31.0,1,1,City,163.2,0.48,2.59,147.83,24.213
CAR035,3.65,0,20.7,1935.0,33.5,1,1,City,222.2,0.8,1.75,37.01,3.4675
CAR075,22.49,20,63.9,1953.0,34.4,0,2,Rural,108.6,0.21,0.97,57.08,8.578
CAR108,29.44,10,57.6,2317.0,28.4,1,0,City,,0.31,4.47,250.53,27.968
CAR183,39.97,10,64.2,2346.0,29.4,0,1,City,254.9,0.6,4.37,245.14,34.128
CAR163,9.92,10,46.1,3946.0,33.5,0,0,Highway,372.4,0.22,1.4,67.03,6.923
CAR057,39.43,20,68.9,2215.0,8.0,0,1,City,303.9,0.65,2.87,181.68,29.504
CAR118,10.2,20,5.0,2824.0,31.8,0,0,City,115.2,0.25,1.32,6.41,0.925
CAR173,7.85,10,67.8,936.0,20.2,0,1,City,392.4,0.86,3.93,236.9,7.4575
CAR038,20.3,20,34.2,3150.0,31.9,1,0,City,362.5,0.37,2.77,90.22,14.887
CAR006,17.4,20,61.6,2014.0,31.3,1,2,City,401.5,0.29,4.14,260.48,16.529999999999998
CAR131,26.63,20,15.0,1266.0,18.5,1,0,City,345.2,0.2,2.71,42.51,6.344
CAR041,37.73,20,70.6,3252.0,22.0,1,0,Rural,,0.49,1.78,129.45,20.883
CAR087,41.32,10,36.3,2157.0,40.7,0,0,City,91.7,0.77,3.47,129.38,17.469
CAR083,3.04,0,41.4,700.0,29.0,0,2,Rural,225.6,0.73,3.76,140.8,2.888
CAR185,34.64,20,66.5,1511.0,19.8,0,0,City,177.9,0.2,4.42,293.55,32.908
CAR002,20.37,20,36.1,2869.0,16.2,1,1,Highway,89.2,0.26,0.8,24.68,3.329
CAR082,19.86,10,64.7,5239.412487865476,27.5,1,1,Highway,102.3,0.62,0.3,17.18,2.042
CAR112,20.46,20,22.9,2606.0,44.1,1,0,City,429.0,0.38,1.64,37.23,6.935
CAR088,40.62,10,62.4,1927.0,19.7,0,0,City,251.3,0.82,3.78,208.56,26.24
CAR055,11.0,20,28.4,2806.0,36.8,1,2,city,100.6,0.25,3.47,89.38,10.45
CAR087,27.39,10,7.4,1135.0,32.7,0,2,City,238.8,0.72,2.5,16.22,2.44
CAR147,15.59,85,18.4,2066.0,17.3,1,0,City,446.3,0.61,1.23,23.01,8.05
CAR095,30.33,20,74.8,,33.4,0,1,City,391.3,0.55,4.4,314.82,28.813499999999998
CAR092,41.44,20,54.0,2068.0,16.7,1,2,Highway,,0.73,3.86,214.92,34.086
CAR054,8.05,20,69.5,2398.0,34.6,0,0,Highway,361.5,0.3,3.6,220.4,7.6475
CAR002,27.38,20,84.4,1169.0,19.3,1,1,Highway,,0.64,2.41,180.46,26.011
CAR013,39.37,20,,2558.0,21.5,1,2,City,,0.3,4.24,88.52,16.237
CAR033,17.05,20,48.2,9385.451768057577,41.3,1,1,Rural,128.9,0.48,0.45,20.1,3.378
CAR013,14.92,20,47.7,2263.0,35.9,1,0,City,384.0,0.12,4.48,182.55,14.174
CAR084,31.65,10,53.2,971.0,,1,1,City,423.4,0.3,4.21,208.47,25.595
CAR149,34.0,10,47.0,3448.0,28.8,1,0,Rural,442.7,0.3,0.2,9.26,1.185
CAR009,43.79,10,31.7,1382.0,33.4,0,0,City,382.3,0.46,1.68,47.04,5.713
CAR154,24.46,0,64.3,2895.0,21.6,0,2,City,97.2,0.18,4.31,242.96,23.237
CAR031,28.29,85,49.6,2757.0,36.7,0,2,Highway,421.6,0.66,4.45,204.58,26.8755
CAR140,42.36,20,69.1,2792.0,27.5,1,1,Rural,104.2,0.48,3.27,224.66,33.569
CAR146,32.77,10,67.0,2022.0,17.0,0,1,Highway,114.2,0.17,1.28,73.08,6.686
CAR044,4.41,20,49.8,1750.0,22.0,1,2,City,106.4,0.22,2.76,125.61,4.1895
CAR093,39.62,20,83.1,1718.0,26.9,1,1,City,292.2,0.37,4.38,379.17,37.638999999999996
CAR145,15.61,10,62.2,1243.0,24.2,1,0,City,196.3,0.53,3.3,211.64,14.8295
CAR049,39.16,20,36.9,2954.0,26.4,1,2,Rural,418.3,0.65,2.57,99.33,17.743
CAR157,34.48,20,42.8,1778.0,17.2,0,0,Highway,261.7,0.34,4.02,154.3,17.429
CAR031,38.58,10,53.3,3124.0,7.4,0,1,Highway,74.0,0.7,0.98,50.47,5.7
CAR186,10.9,20,64.9,2720.0,20.4,1,1,City,175.2,0.85,2.58,162.13,10.355
CAR069,37.81,0,42.9,2008.0,36.0,1,1,Highway,375.6,0.37,2.66,116.53,10.158
CAR067,17.28,0,45.2,2140.0,23.3,1,0,Highway,367.9,0.44,1.83,73.56,5.74
CAR176,31.59,10,50.6,1032.0,36.0,1,2,,167.4,0.58,0.27,11.87,1.623
CAR157,18.85,0,70.7,,37.4,0,1,Highway,,0.13,1.66,122.39,8.922
CAR069,37.8,20,57.4,1987.0,39.5,1,1,City,,0.42,3.9,214.21,35.91
CAR192,19.04,20,35.1,2264.0,9.3,1,1,City,275.3,0.63,2.36,72.54,12.292
CAR138,8.89,0,53.2,2304.0,32.8,0,2,Rural,148.8,0.52,2.06,106.61,8.445500000000001
CAR122,20.76,20,52.3,1974.0,7.5,0,2,Rural,241.6,0.15,3.87,210.51,19.722
CAR093,23.57,20,49.1,2384.0,33.4,0,1,City,296.3,0.28,1.38,69.76,9.922
CAR117,9.66,0,75.6,2209.0,9.9,0,1,Rural,362.1,0.36,2.56,186.34,9.177
CAR109,37.11,20,54.1,1512.0,13.7,0,0,City,178.4,0.62,4.0,185.78,25.426
CAR154,27.73,0,74.8,2900.0,25.8,1,1,Highway,178.1,0.18,3.95,261.52,21.258
CAR184,20.49,0,71.3,9501.173749891619,34.5,0,1,City,135.3,0.3,3.04,205.9,18.903
CAR094,4.24,10,55.8,1342.0,34.7,1,2,City,,0.21,2.63,134.88,4.028
CAR136,44.87,20,27.6,1762.0,25.5,0,2,City,84.9,0.5,4.12,101.5,16.966
CAR122,12.8,85,48.3,2255.0,18.7,1,1,City,425.1,0.27,0.65,31.22,11.108
CAR005,36.21,85,37.4,2175.0,,0,0,City,317.7,0.41,2.6,91.87,30.553
CAR190,11.38,20,47.5,1876.0,39.3,1,1,Highway,97.4,0.19,0.91,41.36,5.584
CAR081,25.1,20,29.2,1568.0,27.6,0,0,Highway,166.8,0.68,2.71,74.78,9.536
CAR148,17.4,20,35.6,1910.0,23.9,1,0,Highway,132.9,0.66,2.35,83.78,11.104
CAR166,21.4,20,58.1,3154.0,30.0,1,0,City,403.9,0.69,1.74,86.05,15.1
CAR167,25.89,20,79.9,2037.0,26.4,0,1,City,395.8,0.63,1.71,133.1,21.861
CAR067,39.68,10,61.7,2045.0,23.5,1,1,City,,0.46,0.8,49.32,6.554
CAR029,36.62,10,58.5,2028.0,39.5,0,2,Highway,234.8,0.62,0.9,45.1,6.129
CAR109,7.08,20,33.4,,17.9,1,2,City,229.2,0.47,1.96,66.67,6.726
CAR013,13.38,10,91.5,1476.0,15.1,0,1,Highway,150.3,0.73,3.51,295.27,12.711
CAR189,5.95,10,70.2,1736.0,30.6,1,0,highway,90.9,0.22,4.34,282.8,5.6525
CAR062,23.23,20,85.1,1892.0,33.0,0,2,City,141.3,0.63,1.38,104.43,17.809
CAR180,33.41,10,67.6,2013.0,32.9,1,0,Rural,225.8,0.78,4.47,292.63,31.739499999999996
CAR146,24.78,20,32.1,1591.0,21.0,0,2,Rural,140.8,0.28,3.11,99.14,14.233
CAR010,16.81,0,51.2,2202.0,28.4,0,1,City,94.3,0.62,3.28,168.96,15.969499999999998
CAR120,39.35,20,63.1,1982.0,35.0,0,0,Rural,444.0,0.34,1.06,66.75,9.664
CAR074,44.83,10,44.6,2370.0,30.3,0,0,Highway,192.9,0.29,4.18,169.79,16.211
CAR061,44.99,10,44.2,2184.0,20.1,0,0,City,224.3,0.84,0.74,30.08,3.564
CAR085,32.62,20,54.2,1453.0,,1,0,City,437.6,0.8,4.13,231.48,30.988999999999997
CAR004,7.21,85,80.8,2576.0,25.6,0,1,City,207.2,0.74,1.9,134.19,6.8495
CAR085,2.01,20,69.9,2862.0,,1,1,Highway,378.7,0.28,1.24,80.92,1.9094999999999998
CAR198,42.6,10,31.8,1211.0,35.0,1,0,Rural,398.3,0.64,4.5,125.19,15.018
CAR134,30.83,20,15.3,2268.0,28.1,1,1,,168.3,0.26,1.92,29.03,4.934
CAR113,36.83,10,83.4,3167.0,38.1,1,1,City,123.1,0.09,0.72,52.25,7.288
CAR153,34.5,10,5.0,2405.0,26.8,0,2,City,275.0,0.43,3.47,14.91,2.227
CAR089,3.77,10,64.7,1146.0,21.1,0,2,Highway,,0.7,1.68,101.37,3.5814999999999997
CAR152,7.4,20,34.2,3119.0,28.0,1,2,City,413.7,0.13,1.02,34.02,6.449
CAR120,43.06,10,41.9,2837.0,14.7,0,2,City,119.4,0.61,1.9,81.85,12.662
CAR004,27.34,10,65.1,2389.0,24.7,0,1,City,127.2,0.84,1.61,96.69,13.294
CAR181,11.71,10,82.9,2746.0,23.2,1,2,City,352.2,0.07,4.05,311.21,11.124500000000001
CAR009,3.44,10,59.0,3165.0,27.3,1,0,City,386.1,0.82,0.23,13.39,1.874
CAR149,2.79,20,46.3,2011.0,31.8,0,0,Highway,110.9,0.87,2.84,125.97,2.6505
CAR123,42.93,0,44.8,3220.0,26.1,1,0,Rural,290.4,0.22,3.65,147.54,12.574
CAR042,36.8,10,,2438.0,46.5,1,0,Highway,220.9,0.86,2.78,185.91,27.287
CAR051,16.99,10,59.0,2103.0,20.1,1,0,City,325.0,0.61,1.46,80.27,10.481
CAR116,38.33,20,59.2,2199.0,44.4,0,2,Highway,220.1,0.81,0.77,47.78,8.909
CAR097,4.29,10,65.4,1527.0,18.0,1,0,Rural,329.7,0.08,3.81,236.24,4.0755
CAR177,21.09,20,69.5,1735.0,31.5,1,2,,372.0,0.48,1.25,86.12,13.823
CAR008,42.85,20,38.6,2004.0,48.0,1,1,City,148.9,0.8,0.21,8.06,1.642
CAR145,6.88,0,51.4,2300.0,29.3,1,1,Highway,383.3,0.5,4.04,209.87,6.536
CAR120,43.1,10,41.0,1512.0,22.8,0,1,City,168.8,0.43,1.48,56.2,7.017
CAR018,5.42,10,45.4,1256.0,11.2,1,0,Highway,328.0,0.67,4.11,192.5,5.149
CAR012,43.75,10,65.0,1668.0,25.6,0,1,Highway,263.0,0.23,1.22,75.17,7.538
CAR020,18.58,20,60.1,2552.0,30.1,1,0,Highway,,0.18,1.53,82.95,11.219
CAR042,3.76,20,70.8,2439.0,23.0,0,2,Rural,260.4,0.45,1.75,112.49,3.5719999999999996
CAR161,34.81,85,56.9,1957.0,30.7,1,2,City,328.0,0.24,2.98,157.16,33.0695
CAR183,7.34,85,57.1,2555.0,40.4,0,0,City,304.8,0.58,0.85,45.45,6.973
CAR190,12.77,20,47.7,2283.0,28.6,1,1,City,152.8,0.84,4.44,220.01,12.131499999999999
CAR020,17.04,20,32.8,2585.0,23.8,0,0,City,399.0,0.39,1.3,38.83,5.985
CAR126,41.02,10,30.8,2152.0,26.2,0,2,City,74.8,0.37,2.58,75.65,10.603
CAR065,5.43,10,75.7,2634.0,25.7,0,0,City,323.6,0.35,3.77,277.02,5.158499999999999
CAR081,25.13,0,72.2,3696.0,30.9,1,2,City,366.9,0.79,2.41,155.59,21.692
CAR143,24.3,85,24.2,3475.0,21.9,1,0,Rural,301.8,0.49,2.61,58.52,19.544
CAR041,27.25,10,68.3,1556.0,23.0,1,1,City,116.3,0.32,1.71,116.53,14.904
CAR048,7.48,20,46.2,2045.0,24.6,0,1,Highway,377.1,0.4,2.63,121.21,7.106
CAR140,8.37,20,56.5,3126.0,36.3,1,1,Highway,267.2,0.58,3.78,203.37,7.9514999999999985
CAR195,11.71,10,48.8,1126.0,27.2,1,1,City,391.0,0.75,4.06,191.62,11.124500000000001
CAR125,3.23,10,51.9,2881.0,33.6,0,2,Highway,200.7,0.7,3.28,157.93,3.0685
CAR050,35.62,10,66.6,2040.0,13.4,1,0,City,158.1,0.26,4.37,288.28,32.285
CAR022,8.63,20,40.4,1211.0,36.0,1,1,City,263.1,0.27,1.08,38.03,5.919
CAR014,32.33,20,43.5,2717.0,40.8,1,0,City,328.3,0.81,3.17,135.47,24.713
CAR128,5.48,10,89.5,3164.0,18.8,1,0,Highway,72.9,0.11,3.02,265.4,5.206
CAR097,21.23,10,61.0,2079.0,41.6,1,2,City,136.0,0.47,3.35,185.68,20.168499999999998
CAR111,7.26,10,74.0,,30.1,1,2,City,108.4,0.9,1.03,79.13,6.896999999999999
CAR010,9.14,10,21.1,2499.0,25.0,0,0,City,384.8,0.48,1.04,18.67,2.326
CAR038,9.02,20,12.9,1940.0,28.0,1,0,City,437.9,0.28,2.59,34.44,5.055
CAR161,33.33,10,77.6,2864.0,,1,1,City,141.0,0.46,4.2,325.84,31.663499999999996
CAR182,17.51,10,84.9,2458.0,19.7,1,0,Highway,423.2,0.29,2.29,197.8,16.6345
CAR119,23.54,20,48.3,1854.0,37.6,1,2,City,99.5,0.16,4.1,170.9,22.363
CAR115,6.6,0,14.4,1148.0,14.5,1,1,Highway,376.8,0.25,1.07,13.35,1.033
CAR060,41.79,10,49.6,2380.0,28.4,0,2,City,248.8,0.22,0.95,43.51,5.688
CAR147,5.59,0,44.7,1899.0,30.7,1,0,Rural,417.7,0.13,3.7,168.56,5.310499999999999
CAR090,4.57,20,34.7,1661.0,28.0,0,1,City,365.3,0.48,4.03,138.02,4.3415
CAR078,42.35,0,12.4,1888.0,23.7,0,0,City,351.2,0.49,2.25,29.19,2.613
CAR100,20.32,10,36.1,,25.4,0,1,City,302.7,0.87,1.34,48.39,6.807
CAR197,25.53,10,38.2,3377.0,27.0,0,1,City,292.4,0.24,2.45,85.04,11.06
CAR014,33.69,20,99.2,2468.0,32.2,0,0,City,150.8,0.83,3.1,298.72,32.0055
CAR001,16.04,20,32.1,2256.0,22.4,1,1,City,332.3,0.07,0.42,12.95,2.032
CAR109,22.35,10,45.2,,29.2,1,1,Rural,245.3,0.32,0.48,21.42,2.43
CAR199,18.38,10,77.6,2234.0,27.9,1,0,City,293.5,0.3,4.28,336.55,17.461
CAR117,37.28,20,24.4,2018.0,24.6,1,1,City,273.2,0.63,3.63,86.1,15.153
CAR164,13.38,20,65.1,2171.0,25.9,1,0,Rural,,0.86,0.35,21.36,3.488
CAR008,7.55,20,53.0,2267.0,28.9,1,0,Highway,183.4,0.58,4.19,209.57,7.172499999999999
CAR089,30.1,10,99.8,2046.0,16.2,0,1,City,248.3,0.45,2.98,269.48,28.595
CAR025,15.08,85,86.3,1576.0,23.7,0,2,Highway,294.1,0.2,3.27,287.54,14.325999999999999
CAR052,37.77,10,42.3,700.0,28.5,1,0,Highway,288.9,0.87,0.61,26.26,2.732
CAR046,14.59,85,70.6,2744.0,41.4,0,2,Rural,91.9,0.53,3.44,242.46,13.8605
CAR189,35.11,20,51.9,3277.0,43.3,0,1,City,104.2,0.26,0.66,30.73,5.434
CAR084,40.8,20,74.5,2400.0,23.6,0,0,Highway,271.7,0.59,3.01,234.63,29.509
CAR031,42.35,10,40.7,1975.0,22.0,1,1,Highway,85.4,0.71,1.64,68.84,8.516
CAR049,27.02,20,72.0,2561.0,35.7,1,1,Highway,233.9,0.23,3.51,215.99,25.668999999999997
CAR111,4.36,85,40.5,1994.0,33.0,1,2,City,177.7,0.69,3.74,150.78,4.142
CAR117,25.19,20,45.5,2234.0,40.7,1,2,Rural,419.7,0.8,0.96,45.49,8.861
CAR150,24.77,10,73.9,2997.0,31.1,0,1,City,213.3,0.58,0.36,25.52,3.694
CAR140,28.08,85,73.8,1644.0,30.9,1,1,Rural,194.7,0.48,0.35,26.99,9.107
CAR133,25.36,85,49.2,1782.0,27.9,1,1,City,408.7,0.51,2.26,104.87,24.092
CAR060,22.01,10,17.8,2536.0,30.4,1,0,City,437.4,0.59,0.23,3.62,0.479
CAR178,13.84,10,42.7,1212.0,33.8,0,2,Highway,323.3,0.41,4.01,153.64,13.148
CAR039,25.7,10,67.7,2486.0,25.0,0,1,City,406.2,0.23,0.56,39.35,4.753
CAR135,39.93,10,30.9,2118.0,27.6,0,2,Rural,283.1,0.67,3.36,97.77,13.348
CAR013,34.95,85,50.1,2517.0,32.6,0,1,Rural,349.5,0.6,0.91,42.16,13.938
CAR061,31.99,10,50.8,,27.8,0,2,Highway,190.9,0.82,2.5,113.62,15.329
CAR028,11.42,0,46.4,,30.2,1,1,City,281.2,0.1,0.67,28.25,2.892
CAR121,21.38,20,321.80637686840953,1746.0,5.0,1,2,City,391.9,0.59,3.12,214.53,20.310999999999996
CAR148,37.5,20,18.4,2262.0,26.9,1,1,Rural,166.3,0.32,3.31,61.62,9.057
CAR179,40.0,0,66.4,2713.0,28.7,0,1,Highway,320.9,0.6,1.2,77.46,6.361
CAR174,31.9,0,12.9,3475.0,9.1,1,0,City,361.6,0.49,2.8,31.63,3.432
CAR061,5.75,0,49.5,2755.0,40.5,0,0,City,81.7,0.81,1.23,55.43,5.4624999999999995
CAR043,9.46,10,52.1,1676.0,35.1,0,2,Highway,326.4,0.78,0.31,15.0,2.111
CAR199,32.32,85,44.7,2151.0,27.1,0,0,City,449.9,0.22,3.26,138.38,30.703999999999997
CAR096,11.02,10,80.3,2541.0,41.3,0,1,Rural,278.0,0.81,3.26,252.39,10.469
CAR142,8.39,10,99.0,3449.0,,1,1,Highway,248.4,0.62,3.58,322.22,7.9705
CAR129,6.04,10,41.5,2375.0,32.6,1,0,City,92.0,0.79,0.58,21.58,2.967
CAR017,28.54,10,55.0,2365.0,11.7,1,0,City,128.7,0.34,3.88,206.7,25.323
CAR164,30.66,0,31.7,2592.0,26.1,0,1,Highway,412.7,0.78,2.87,79.92,7.265
CAR070,10.6,85,97.8,3044.0,19.9,0,1,Rural,110.5,0.66,0.61,60.48,10.069999999999999
CAR196,30.63,10,66.1,2930.0,31.9,0,1,Rural,138.1,0.4,1.0,66.02,8.102
CAR038,35.52,0,69.2,2363.0,20.0,0,1,Highway,390.3,0.8,2.56,155.97,13.573
CAR198,21.62,10,253.4457736897156,2410.0,33.4,1,1,Rural,415.1,0.53,3.67,181.23,20.539
CAR035,36.93,10,81.6,1758.0,26.5,1,1,City,70.5,0.53,0.27,21.74,2.919
CAR127,2.55,20,73.4,2654.0,33.5,1,0,Highway,294.2,0.53,3.8,277.41,2.4225
CAR152,44.14,0,27.3,1763.0,,1,1,,307.1,0.26,0.35,9.16,0.993
CAR010,2.09,0,40.7,2708.0,35.5,1,0,Highway,410.1,0.55,1.79,62.64,1.9854999999999998
CAR130,14.0,10,44.2,3279.0,34.0,1,0,Rural,442.3,0.89,0.34,14.76,2.136
CAR099,43.15,20,31.0,2497.0,22.4,0,2,City,428.6,0.09,2.21,60.66,10.044
CAR021,7.31,0,38.8,3484.0,25.5,0,0,Highway,352.1,0.23,3.38,135.45,6.9445
CAR047,31.01,10,45.7,2527.0,16.9,0,0,City,181.0,0.17,0.27,10.88,1.194
CAR146,18.29,0,60.0,2355.0,25.5,1,0,Highway,346.2,0.82,2.75,144.98,12.148
CAR063,28.81,10,49.4,2216.0,28.5,1,1,,436.8,0.55,1.63,75.1,9.868
CAR122,31.08,10,21.8,1807.0,32.0,0,0,City,224.8,0.6,2.91,64.49,7.956
CAR079,44.58,20,39.6,2540.0,38.1,1,0,Highway,367.4,0.32,3.11,122.46,17.023
CAR182,18.66,10,23.5,1718.0,28.1,1,1,City,92.2,0.25,1.07,23.71,2.703
CAR141,41.58,20,63.0,3847.0,26.6,1,0,Rural,203.4,0.68,1.19,67.89,10.751
CAR128,30.91,20,57.0,2267.0,38.8,0,0,City,232.0,0.22,0.82,46.04,6.908
CAR085,23.6,0,44.7,1344.0,30.3,0,0,City,168.7,0.63,3.53,162.61,12.848
CAR171,5.83,10,37.2,2623.0,21.4,0,2,City,347.3,0.27,0.8,30.47,3.975
CAR065,21.93,20,22.1,1255.0,43.6,1,2,Rural,304.1,0.72,4.34,89.62,17.424
CAR065,24.88,85,34.3,1960.0,29.8,1,1,City,406.9,0.57,2.41,76.84,23.636
CAR021,4.83,85,74.8,1863.0,,0,2,,224.5,0.61,1.47,104.36,4.5885
CAR025,13.94,10,29.6,1868.0,30.6,1,1,City,188.0,0.17,0.86,23.72,3.009
CAR020,3.66,20,68.0,3168.0,25.9,0,1,Highway,238.2,0.27,1.97,128.41,3.477
CAR046,42.05,20,48.0,2945.0,28.4,0,1,City,391.5,0.57,4.17,201.73,34.04
CAR069,29.99,20,41.5,2780.0,26.4,1,1,City,406.5,0.41,1.3,54.79,9.339
CAR165,9.79,20,43.0,2605.0,24.4,0,2,City,184.5,0.07,0.44,19.58,3.157
